0 verbose cli C:\Program Files\nodejs\node.exe C:\Program Files\nodejs\node_modules\npm\bin\npm-cli.js
1 info using npm@10.9.3
2 info using node@v22.19.0
3 silly config load:file:C:\Program Files\nodejs\node_modules\npm\npmrc
4 silly config load:file:F:\Repositorios 2-2026\Capricho-Store\.npmrc
5 silly config load:file:C:\Users\Josep\.npmrc
6 silly config load:file:C:\Users\Josep\AppData\Roaming\npm\etc\npmrc
7 verbose title npm exec @angular/cli@21.2.22 new frontend-web --routing --style=scss --standalone --strict --skip-git --skip-install --package-manager=npm --defaults
8 verbose argv "exec" "--yes" "--cache" ".npm-cache" "--" "@angular/cli@21.2.22" "new" "frontend-web" "--routing" "--style=scss" "--standalone" "--strict" "--skip-git" "--skip-install" "--package-manager=npm" "--defaults"
9 verbose logfile logs-max:10 dir:F:\Repositorios 2-2026\Capricho-Store\.npm-cache\_logs\2026-08-31T01_22_14_898Z-
10 verbose logfile F:\Repositorios 2-2026\Capricho-Store\.npm-cache\_logs\2026-08-31T01_22_14_898Z-debug-0.log
11 silly logfile done cleaning log files
12 silly packumentCache heap:4345298944 maxSize:1086324736 maxEntrySize:543162368
13 http fetch GET 200 https://registry.npmjs.org/@angular%2fcli 325ms (cache revalidated)
14 silly packumentCache heap:4345298944 maxSize:1086324736 maxEntrySize:543162368
15 silly packumentCache heap:4345298944 maxSize:1086324736 maxEntrySize:543162368
16 silly idealTree buildDeps
17 silly fetch manifest @angular/cli@21.2.22
18 silly packumentCache full:https://registry.npmjs.org/@angular%2fcli cache-miss
19 http cache https://registry.npmjs.org/@angular%2fcli 9ms (cache hit)
20 silly packumentCache full:https://registry.npmjs.org/@angular%2fcli set size:3270194 disposed:false
21 silly placeDep ROOT @angular/cli@21.2.22 OK for:  want: 21.2.22
22 silly fetch manifest ini@6.0.0
23 silly packumentCache full:https://registry.npmjs.org/ini cache-miss
24 silly fetch manifest zod@4.3.6
25 silly packumentCache full:https://registry.npmjs.org/zod cache-miss
26 silly fetch manifest yargs@18.0.0
27 silly packumentCache full:https://registry.npmjs.org/yargs cache-miss
28 silly fetch manifest listr2@9.0.5
29 silly packumentCache full:https://registry.npmjs.org/listr2 cache-miss
30 silly fetch manifest pacote@21.5.1
31 silly packumentCache full:https://registry.npmjs.org/pacote cache-miss
32 silly fetch manifest semver@7.7.4
33 silly packumentCache full:https://registry.npmjs.org/semver cache-miss
34 silly fetch manifest jsonc-parser@3.3.1
35 silly packumentCache full:https://registry.npmjs.org/jsonc-parser cache-miss
36 silly fetch manifest algoliasearch@5.48.1
37 silly packumentCache full:https://registry.npmjs.org/algoliasearch cache-miss
38 silly fetch manifest npm-package-arg@13.0.2
39 silly packumentCache full:https://registry.npmjs.org/npm-package-arg cache-miss
40 silly fetch manifest @inquirer/prompts@7.10.1
41 silly packumentCache full:https://registry.npmjs.org/@inquirer%2fprompts cache-miss
42 silly fetch manifest @yarnpkg/lockfile@1.1.0
43 silly packumentCache full:https://registry.npmjs.org/@yarnpkg%2flockfile cache-miss
44 silly fetch manifest @schematics/angular@21.2.22
45 silly packumentCache full:https://registry.npmjs.org/@schematics%2fangular cache-miss
46 silly fetch manifest @angular-devkit/core@21.2.22
47 silly packumentCache full:https://registry.npmjs.org/@angular-devkit%2fcore cache-miss
48 silly fetch manifest @angular-devkit/architect@0.2102.22
49 silly packumentCache full:https://registry.npmjs.org/@angular-devkit%2farchitect cache-miss
50 silly fetch manifest @modelcontextprotocol/sdk@1.30.0
51 silly packumentCache full:https://registry.npmjs.org/@modelcontextprotocol%2fsdk cache-miss
52 http cache https://registry.npmjs.org/semver 53ms (cache hit)
53 silly packumentCache full:https://registry.npmjs.org/semver set size:246069 disposed:false
54 silly fetch manifest @angular-devkit/schematics@21.2.22
55 silly packumentCache full:https://registry.npmjs.org/@angular-devkit%2fschematics cache-miss
56 http cache https://registry.npmjs.org/yargs 57ms (cache hit)
57 silly packumentCache full:https://registry.npmjs.org/yargs set size:759965 disposed:false
58 silly fetch manifest parse5-html-rewriting-stream@8.0.0
59 silly packumentCache full:https://registry.npmjs.org/parse5-html-rewriting-stream cache-miss
60 http cache https://registry.npmjs.org/zod 66ms (cache hit)
61 silly packumentCache full:https://registry.npmjs.org/zod set size:4147901 disposed:false
62 silly fetch manifest @listr2/prompt-adapter-inquirer@3.0.5
63 silly packumentCache full:https://registry.npmjs.org/@listr2%2fprompt-adapter-inquirer cache-miss
64 http cache https://registry.npmjs.org/listr2 87ms (cache hit)
65 silly packumentCache full:https://registry.npmjs.org/listr2 set size:1087059 disposed:false
66 http cache https://registry.npmjs.org/jsonc-parser 91ms (cache hit)
67 silly packumentCache full:https://registry.npmjs.org/jsonc-parser set size:102715 disposed:false
68 http cache https://registry.npmjs.org/@inquirer%2fprompts 91ms (cache hit)
69 silly packumentCache full:https://registry.npmjs.org/@inquirer%2fprompts set size:339225 disposed:false
70 http cache https://registry.npmjs.org/npm-package-arg 94ms (cache hit)
71 silly packumentCache full:https://registry.npmjs.org/npm-package-arg set size:133884 disposed:false
72 http cache https://registry.npmjs.org/@schematics%2fangular 97ms (cache hit)
73 silly packumentCache full:https://registry.npmjs.org/@schematics%2fangular set size:2471311 disposed:false
74 http cache https://registry.npmjs.org/@angular-devkit%2farchitect 115ms (cache hit)
75 silly packumentCache full:https://registry.npmjs.org/@angular-devkit%2farchitect set size:2251835 disposed:false
76 http cache https://registry.npmjs.org/@angular-devkit%2fcore 126ms (cache hit)
77 silly packumentCache full:https://registry.npmjs.org/@angular-devkit%2fcore set size:2471584 disposed:false
78 http cache https://registry.npmjs.org/@modelcontextprotocol%2fsdk 137ms (cache hit)
79 silly packumentCache full:https://registry.npmjs.org/@modelcontextprotocol%2fsdk set size:302290 disposed:false
80 http cache https://registry.npmjs.org/parse5-html-rewriting-stream 93ms (cache hit)
81 silly packumentCache full:https://registry.npmjs.org/parse5-html-rewriting-stream set size:23913 disposed:false
82 http cache https://registry.npmjs.org/@angular-devkit%2fschematics 100ms (cache hit)
83 silly packumentCache full:https://registry.npmjs.org/@angular-devkit%2fschematics set size:2407262 disposed:false
84 http cache https://registry.npmjs.org/@listr2%2fprompt-adapter-inquirer 79ms (cache hit)
85 silly packumentCache full:https://registry.npmjs.org/@listr2%2fprompt-adapter-inquirer set size:159985 disposed:false
86 http fetch GET 200 https://registry.npmjs.org/ini 168ms (cache miss)
87 silly packumentCache full:https://registry.npmjs.org/ini set size:undefined disposed:false
88 http fetch GET 200 https://registry.npmjs.org/@yarnpkg%2flockfile 361ms (cache miss)
89 silly packumentCache full:https://registry.npmjs.org/@yarnpkg%2flockfile set size:undefined disposed:false
90 http fetch GET 200 https://registry.npmjs.org/pacote 575ms (cache miss)
91 silly packumentCache full:https://registry.npmjs.org/pacote set size:undefined disposed:false
92 http fetch GET 200 https://registry.npmjs.org/algoliasearch 678ms (cache miss)
93 silly packumentCache full:https://registry.npmjs.org/algoliasearch set size:undefined disposed:false
94 silly fetch manifest @types/node@>=18
95 silly packumentCache full:https://registry.npmjs.org/@types%2fnode cache-miss
96 http cache https://registry.npmjs.org/@types%2fnode 20ms (cache hit)
97 silly packumentCache full:https://registry.npmjs.org/@types%2fnode set size:11096266 disposed:false
98 silly fetch manifest chokidar@^5.0.0
99 silly packumentCache full:https://registry.npmjs.org/chokidar cache-miss
100 http cache https://registry.npmjs.org/chokidar 4ms (cache hit)
101 silly packumentCache full:https://registry.npmjs.org/chokidar set size:255902 disposed:false
102 silly fetch manifest @cfworker/json-schema@^4.1.1
103 silly packumentCache full:https://registry.npmjs.org/@cfworker%2fjson-schema cache-miss
104 http cache https://registry.npmjs.org/@cfworker%2fjson-schema 7ms (cache hit)
105 silly packumentCache full:https://registry.npmjs.org/@cfworker%2fjson-schema set size:144207 disposed:false
106 silly placeDep ROOT @angular-devkit/architect@0.2102.22 OK for: @angular/cli@21.2.22 want: 0.2102.22
107 silly placeDep ROOT @angular-devkit/core@21.2.22 OK for: @angular/cli@21.2.22 want: 21.2.22
108 silly placeDep ROOT @angular-devkit/schematics@21.2.22 OK for: @angular/cli@21.2.22 want: 21.2.22
109 silly placeDep ROOT @inquirer/prompts@7.10.1 OK for: @angular/cli@21.2.22 want: 7.10.1
110 silly placeDep ROOT @listr2/prompt-adapter-inquirer@3.0.5 OK for: @angular/cli@21.2.22 want: 3.0.5
111 silly placeDep ROOT listr2@9.0.5 OK for: @listr2/prompt-adapter-inquirer@3.0.5 want: 9.0.5
112 silly placeDep ROOT @modelcontextprotocol/sdk@1.30.0 OK for: @angular/cli@21.2.22 want: 1.30.0
113 silly placeDep ROOT @schematics/angular@21.2.22 OK for: @angular/cli@21.2.22 want: 21.2.22
114 silly placeDep ROOT @yarnpkg/lockfile@1.1.0 OK for: @angular/cli@21.2.22 want: 1.1.0
115 silly placeDep ROOT algoliasearch@5.48.1 OK for: @angular/cli@21.2.22 want: 5.48.1
116 silly placeDep ROOT ini@6.0.0 OK for: @angular/cli@21.2.22 want: 6.0.0
117 silly placeDep ROOT jsonc-parser@3.3.1 OK for: @angular/cli@21.2.22 want: 3.3.1
118 silly placeDep ROOT npm-package-arg@13.0.2 OK for: @angular/cli@21.2.22 want: 13.0.2
119 silly placeDep ROOT pacote@21.5.1 OK for: @angular/cli@21.2.22 want: 21.5.1
120 silly placeDep ROOT parse5-html-rewriting-stream@8.0.0 OK for: @angular/cli@21.2.22 want: 8.0.0
121 silly placeDep ROOT semver@7.7.4 OK for: @angular/cli@21.2.22 want: 7.7.4
122 silly placeDep ROOT yargs@18.0.0 OK for: @angular/cli@21.2.22 want: 18.0.0
123 silly placeDep ROOT zod@4.3.6 OK for: @angular/cli@21.2.22 want: 4.3.6
124 silly fetch manifest rxjs@7.8.2
125 silly packumentCache full:https://registry.npmjs.org/rxjs cache-miss
126 silly fetch manifest ajv@8.18.0
127 silly packumentCache full:https://registry.npmjs.org/ajv cache-miss
128 silly fetch manifest rxjs@7.8.2
129 silly packumentCache full:https://registry.npmjs.org/rxjs cache-miss
130 silly fetch manifest picomatch@4.0.4
131 silly packumentCache full:https://registry.npmjs.org/picomatch cache-miss
132 silly fetch manifest source-map@0.7.6
133 silly packumentCache full:https://registry.npmjs.org/source-map cache-miss
134 silly fetch manifest ajv-formats@3.0.1
135 silly packumentCache full:https://registry.npmjs.org/ajv-formats cache-miss
136 silly fetch manifest ora@9.3.0
137 silly packumentCache full:https://registry.npmjs.org/ora cache-miss
138 silly fetch manifest rxjs@7.8.2
139 silly packumentCache full:https://registry.npmjs.org/rxjs cache-miss
140 silly fetch manifest magic-string@0.30.21
141 silly packumentCache full:https://registry.npmjs.org/magic-string cache-miss
142 silly fetch manifest @inquirer/input@^4.3.1
143 silly packumentCache full:https://registry.npmjs.org/@inquirer%2finput cache-miss
144 silly fetch manifest @inquirer/editor@^4.2.23
145 silly packumentCache full:https://registry.npmjs.org/@inquirer%2feditor cache-miss
146 silly fetch manifest @inquirer/expand@^4.0.23
147 silly packumentCache full:https://registry.npmjs.org/@inquirer%2fexpand cache-miss
148 silly fetch manifest @inquirer/number@^3.0.23
149 silly packumentCache full:https://registry.npmjs.org/@inquirer%2fnumber cache-miss
150 silly fetch manifest @inquirer/search@^3.2.2
151 silly packumentCache full:https://registry.npmjs.org/@inquirer%2fsearch cache-miss
152 silly fetch manifest @inquirer/select@^4.4.2
153 silly packumentCache full:https://registry.npmjs.org/@inquirer%2fselect cache-miss
154 http cache https://registry.npmjs.org/rxjs 17ms (cache hit)
155 silly packumentCache full:https://registry.npmjs.org/rxjs set size:1028301 disposed:false
156 silly fetch manifest @inquirer/confirm@^5.1.21
157 silly packumentCache full:https://registry.npmjs.org/@inquirer%2fconfirm cache-miss
158 http cache https://registry.npmjs.org/ajv 24ms (cache hit)
159 silly packumentCache full:https://registry.npmjs.org/ajv set size:1142658 disposed:false
160 silly fetch manifest @inquirer/rawlist@^4.1.11
161 silly packumentCache full:https://registry.npmjs.org/@inquirer%2frawlist cache-miss
162 http cache https://registry.npmjs.org/ajv-formats 29ms (cache hit)
163 silly packumentCache full:https://registry.npmjs.org/ajv-formats set size:141264 disposed:false
164 silly fetch manifest @inquirer/checkbox@^4.3.2
165 silly packumentCache full:https://registry.npmjs.org/@inquirer%2fcheckbox cache-miss
166 http cache https://registry.npmjs.org/source-map 30ms (cache hit)
167 silly packumentCache full:https://registry.npmjs.org/source-map set size:231637 disposed:false
168 silly fetch manifest @inquirer/password@^4.0.23
169 silly packumentCache full:https://registry.npmjs.org/@inquirer%2fpassword cache-miss
170 http cache https://registry.npmjs.org/ora 33ms (cache hit)
171 silly packumentCache full:https://registry.npmjs.org/ora set size:147148 disposed:false
172 silly fetch manifest @inquirer/type@^3.0.8
173 silly packumentCache full:https://registry.npmjs.org/@inquirer%2ftype cache-miss
174 http cache https://registry.npmjs.org/rxjs 36ms (cache hit)
175 silly packumentCache full:https://registry.npmjs.org/rxjs set size:1028301 disposed:false
176 silly fetch manifest rfdc@^1.4.1
177 silly packumentCache full:https://registry.npmjs.org/rfdc cache-miss
178 http cache https://registry.npmjs.org/picomatch 40ms (cache hit)
179 silly packumentCache full:https://registry.npmjs.org/picomatch set size:134451 disposed:false
180 silly fetch manifest colorette@^2.0.20
181 silly packumentCache full:https://registry.npmjs.org/colorette cache-miss
182 http cache https://registry.npmjs.org/@inquirer%2feditor 40ms (cache hit)
183 silly packumentCache full:https://registry.npmjs.org/@inquirer%2feditor set size:328365 disposed:false
184 silly fetch manifest wrap-ansi@^9.0.0
185 silly packumentCache full:https://registry.npmjs.org/wrap-ansi cache-miss
186 http cache https://registry.npmjs.org/magic-string 44ms (cache hit)
187 silly packumentCache full:https://registry.npmjs.org/magic-string set size:352504 disposed:false
188 silly fetch manifest log-update@^6.1.0
189 silly packumentCache full:https://registry.npmjs.org/log-update cache-miss
190 http cache https://registry.npmjs.org/@inquirer%2fexpand 46ms (cache hit)
191 silly packumentCache full:https://registry.npmjs.org/@inquirer%2fexpand set size:327493 disposed:false
192 silly fetch manifest cli-truncate@^5.0.0
193 silly packumentCache full:https://registry.npmjs.org/cli-truncate cache-miss
194 http cache https://registry.npmjs.org/@inquirer%2finput 49ms (cache hit)
195 silly packumentCache full:https://registry.npmjs.org/@inquirer%2finput set size:324779 disposed:false
196 silly fetch manifest eventemitter3@^5.0.1
197 silly packumentCache full:https://registry.npmjs.org/eventemitter3 cache-miss
198 http cache https://registry.npmjs.org/@inquirer%2fsearch 52ms (cache hit)
199 silly packumentCache full:https://registry.npmjs.org/@inquirer%2fsearch set size:148715 disposed:false
200 silly fetch manifest ajv@^8.17.1
201 silly packumentCache full:https://registry.npmjs.org/ajv cache-miss
202 http cache https://registry.npmjs.org/@inquirer%2fselect 57ms (cache hit)
203 silly packumentCache full:https://registry.npmjs.org/@inquirer%2fselect set size:340961 disposed:false
204 silly fetch manifest zod@^3.25 || ^4.0
205 silly packumentCache full:https://registry.npmjs.org/zod cache-miss
206 http cache https://registry.npmjs.org/@inquirer%2fnumber 60ms (cache hit)
207 silly packumentCache full:https://registry.npmjs.org/@inquirer%2fnumber set size:147947 disposed:false
208 silly fetch manifest cors@^2.8.5
209 silly packumentCache full:https://registry.npmjs.org/cors cache-miss
210 http cache https://registry.npmjs.org/rxjs 65ms (cache hit)
211 silly packumentCache full:https://registry.npmjs.org/rxjs set size:1028301 disposed:false
212 silly fetch manifest hono@^4.11.4
213 silly packumentCache full:https://registry.npmjs.org/hono cache-miss
214 http cache https://registry.npmjs.org/@inquirer%2frawlist 65ms (cache hit)
215 silly packumentCache full:https://registry.npmjs.org/@inquirer%2frawlist set size:294342 disposed:false
216 silly fetch manifest jose@^6.1.3
217 silly packumentCache full:https://registry.npmjs.org/jose cache-miss
218 http cache https://registry.npmjs.org/@inquirer%2fconfirm 74ms (cache hit)
219 silly packumentCache full:https://registry.npmjs.org/@inquirer%2fconfirm set size:327061 disposed:false
220 silly fetch manifest express@^5.2.1
221 silly packumentCache full:https://registry.npmjs.org/express cache-miss
222 http cache https://registry.npmjs.org/@inquirer%2fcheckbox 68ms (cache hit)
223 silly packumentCache full:https://registry.npmjs.org/@inquirer%2fcheckbox set size:352094 disposed:false
224 silly fetch manifest raw-body@^3.0.0
225 silly packumentCache full:https://registry.npmjs.org/raw-body cache-miss
226 http cache https://registry.npmjs.org/@inquirer%2fpassword 69ms (cache hit)
227 silly packumentCache full:https://registry.npmjs.org/@inquirer%2fpassword set size:325351 disposed:false
228 silly fetch manifest ajv-formats@^3.0.1
229 silly packumentCache full:https://registry.npmjs.org/ajv-formats cache-hit
230 silly fetch manifest cross-spawn@^7.0.5
231 silly packumentCache full:https://registry.npmjs.org/cross-spawn cache-miss
232 http cache https://registry.npmjs.org/wrap-ansi 60ms (cache hit)
233 silly packumentCache full:https://registry.npmjs.org/wrap-ansi set size:57461 disposed:false
234 silly fetch manifest eventsource@^3.0.2
235 silly packumentCache full:https://registry.npmjs.org/eventsource cache-miss
236 http cache https://registry.npmjs.org/@inquirer%2ftype 71ms (cache hit)
237 silly packumentCache full:https://registry.npmjs.org/@inquirer%2ftype set size:122497 disposed:false
238 silly fetch manifest content-type@^1.0.5
239 silly packumentCache full:https://registry.npmjs.org/content-type cache-miss
240 http cache https://registry.npmjs.org/log-update 61ms (cache hit)
241 silly packumentCache full:https://registry.npmjs.org/log-update set size:60732 disposed:false
242 silly fetch manifest pkce-challenge@^5.0.0
243 silly packumentCache full:https://registry.npmjs.org/pkce-challenge cache-miss
244 http cache https://registry.npmjs.org/cli-truncate 62ms (cache hit)
245 silly packumentCache full:https://registry.npmjs.org/cli-truncate set size:40857 disposed:false
246 silly fetch manifest @hono/node-server@^1.19.9 || ^2.0.5
247 silly packumentCache full:https://registry.npmjs.org/@hono%2fnode-server cache-miss
248 http cache https://registry.npmjs.org/ajv 59ms (cache hit)
249 silly packumentCache full:https://registry.npmjs.org/ajv set size:1142658 disposed:false
250 silly fetch manifest json-schema-typed@^8.0.2
251 silly packumentCache full:https://registry.npmjs.org/json-schema-typed cache-miss
252 http cache https://registry.npmjs.org/cors 56ms (cache hit)
253 silly packumentCache full:https://registry.npmjs.org/cors set size:77956 disposed:false
254 silly fetch manifest eventsource-parser@^3.0.0
255 silly packumentCache full:https://registry.npmjs.org/eventsource-parser cache-miss
256 http cache https://registry.npmjs.org/zod 66ms (cache hit)
257 silly packumentCache full:https://registry.npmjs.org/zod set size:4147901 disposed:false
258 silly fetch manifest express-rate-limit@^8.2.1
259 silly packumentCache full:https://registry.npmjs.org/express-rate-limit cache-miss
260 http cache https://registry.npmjs.org/hono 92ms (cache hit)
261 silly packumentCache full:https://registry.npmjs.org/hono set size:6129886 disposed:false
262 silly fetch manifest zod-to-json-schema@^3.25.1
263 silly packumentCache full:https://registry.npmjs.org/zod-to-json-schema cache-miss
264 http cache https://registry.npmjs.org/raw-body 131ms (cache hit)
265 silly packumentCache full:https://registry.npmjs.org/raw-body set size:120042 disposed:false
266 silly fetch manifest @algolia/abtesting@1.14.1
267 silly packumentCache full:https://registry.npmjs.org/@algolia%2fabtesting cache-miss
268 http cache https://registry.npmjs.org/cross-spawn 130ms (cache hit)
269 silly packumentCache full:https://registry.npmjs.org/cross-spawn set size:109066 disposed:false
270 silly fetch manifest @algolia/ingestion@1.48.1
271 silly packumentCache full:https://registry.npmjs.org/@algolia%2fingestion cache-miss
272 http cache https://registry.npmjs.org/express 137ms (cache hit)
273 silly packumentCache full:https://registry.npmjs.org/express set size:804975 disposed:false
274 silly fetch manifest @algolia/recommend@5.48.1
275 silly packumentCache full:https://registry.npmjs.org/@algolia%2frecommend cache-miss
276 http cache https://registry.npmjs.org/jose 148ms (cache hit)
277 silly packumentCache full:https://registry.npmjs.org/jose set size:1452435 disposed:false
278 silly fetch manifest @algolia/monitoring@1.48.1
279 silly packumentCache full:https://registry.npmjs.org/@algolia%2fmonitoring cache-miss
280 http cache https://registry.npmjs.org/content-type 153ms (cache hit)
281 silly packumentCache full:https://registry.npmjs.org/content-type set size:23936 disposed:false
282 silly fetch manifest @algolia/client-common@5.48.1
283 silly packumentCache full:https://registry.npmjs.org/@algolia%2fclient-common cache-miss
284 http cache https://registry.npmjs.org/eventsource 157ms (cache hit)
285 silly packumentCache full:https://registry.npmjs.org/eventsource set size:146228 disposed:false
286 silly fetch manifest @algolia/client-search@5.48.1
287 silly packumentCache full:https://registry.npmjs.org/@algolia%2fclient-search cache-miss
288 http cache https://registry.npmjs.org/pkce-challenge 159ms (cache hit)
289 silly packumentCache full:https://registry.npmjs.org/pkce-challenge set size:37734 disposed:false
290 silly fetch manifest @algolia/client-insights@5.48.1
291 silly packumentCache full:https://registry.npmjs.org/@algolia%2fclient-insights cache-miss
292 http cache https://registry.npmjs.org/eventsource-parser 156ms (cache hit)
293 silly packumentCache full:https://registry.npmjs.org/eventsource-parser set size:89571 disposed:false
294 silly fetch manifest @algolia/requester-fetch@5.48.1
295 silly packumentCache full:https://registry.npmjs.org/@algolia%2frequester-fetch cache-miss
296 http cache https://registry.npmjs.org/json-schema-typed 159ms (cache hit)
297 silly packumentCache full:https://registry.npmjs.org/json-schema-typed set size:26165 disposed:false
298 silly fetch manifest @algolia/client-abtesting@5.48.1
299 silly packumentCache full:https://registry.npmjs.org/@algolia%2fclient-abtesting cache-miss
300 http cache https://registry.npmjs.org/@hono%2fnode-server 167ms (cache hit)
301 silly packumentCache full:https://registry.npmjs.org/@hono%2fnode-server set size:284955 disposed:false
302 silly fetch manifest @algolia/client-analytics@5.48.1
303 silly packumentCache full:https://registry.npmjs.org/@algolia%2fclient-analytics cache-miss
304 http cache https://registry.npmjs.org/express-rate-limit 165ms (cache hit)
305 silly packumentCache full:https://registry.npmjs.org/express-rate-limit set size:461272 disposed:false
306 silly fetch manifest @algolia/requester-node-http@5.48.1
307 silly packumentCache full:https://registry.npmjs.org/@algolia%2frequester-node-http cache-miss
308 http cache https://registry.npmjs.org/zod-to-json-schema 121ms (cache hit)
309 silly packumentCache full:https://registry.npmjs.org/zod-to-json-schema set size:309584 disposed:false
310 silly fetch manifest @algolia/requester-browser-xhr@5.48.1
311 silly packumentCache full:https://registry.npmjs.org/@algolia%2frequester-browser-xhr cache-miss
312 http fetch GET 200 https://registry.npmjs.org/eventemitter3 272ms (cache miss)
313 silly packumentCache full:https://registry.npmjs.org/eventemitter3 set size:undefined disposed:false
314 silly fetch manifest @algolia/client-personalization@5.48.1
315 silly packumentCache full:https://registry.npmjs.org/@algolia%2fclient-personalization cache-miss
316 http fetch GET 200 https://registry.npmjs.org/rfdc 293ms (cache miss)
317 silly packumentCache full:https://registry.npmjs.org/rfdc set size:undefined disposed:false
318 silly fetch manifest @algolia/client-query-suggestions@5.48.1
319 silly packumentCache full:https://registry.npmjs.org/@algolia%2fclient-query-suggestions cache-miss
320 http fetch GET 200 https://registry.npmjs.org/colorette 300ms (cache miss)
321 silly packumentCache full:https://registry.npmjs.org/colorette set size:undefined disposed:false
322 silly fetch manifest semver@^7.3.5
323 silly packumentCache full:https://registry.npmjs.org/semver cache-hit
324 silly fetch manifest proc-log@^6.0.0
325 silly packumentCache full:https://registry.npmjs.org/proc-log cache-miss
326 http cache https://registry.npmjs.org/proc-log 2ms (cache hit)
327 silly packumentCache full:https://registry.npmjs.org/proc-log set size:35796 disposed:false
328 silly fetch manifest hosted-git-info@^9.0.0
329 silly packumentCache full:https://registry.npmjs.org/hosted-git-info cache-miss
330 http cache https://registry.npmjs.org/hosted-git-info 3ms (cache hit)
331 silly packumentCache full:https://registry.npmjs.org/hosted-git-info set size:190140 disposed:false
332 silly fetch manifest validate-npm-package-name@^7.0.0
333 silly packumentCache full:https://registry.npmjs.org/validate-npm-package-name cache-miss
334 http cache https://registry.npmjs.org/validate-npm-package-name 20ms (cache hit)
335 silly packumentCache full:https://registry.npmjs.org/validate-npm-package-name set size:51100 disposed:false
336 silly fetch manifest tar@^7.4.3
337 silly packumentCache full:https://registry.npmjs.org/tar cache-miss
338 http fetch GET 200 https://registry.npmjs.org/@algolia%2frecommend 452ms (cache miss)
339 silly packumentCache full:https://registry.npmjs.org/@algolia%2frecommend set size:undefined disposed:false
340 silly fetch manifest ssri@^13.0.0
341 silly packumentCache full:https://registry.npmjs.org/ssri cache-miss
342 http fetch GET 200 https://registry.npmjs.org/@algolia%2fmonitoring 465ms (cache miss)
343 silly packumentCache full:https://registry.npmjs.org/@algolia%2fmonitoring set size:undefined disposed:false
344 silly fetch manifest cacache@^20.0.0
345 silly packumentCache full:https://registry.npmjs.org/cacache cache-miss
346 http fetch GET 200 https://registry.npmjs.org/@algolia%2fingestion 492ms (cache miss)
347 silly packumentCache full:https://registry.npmjs.org/@algolia%2fingestion set size:undefined disposed:false
348 silly fetch manifest minipass@^7.0.2
349 silly packumentCache full:https://registry.npmjs.org/minipass cache-miss
350 http fetch GET 200 https://registry.npmjs.org/tar 367ms (cache miss)
351 silly packumentCache full:https://registry.npmjs.org/tar set size:undefined disposed:false
352 silly fetch manifest sigstore@^4.0.0
353 silly packumentCache full:https://registry.npmjs.org/sigstore cache-miss
354 http fetch GET 200 https://registry.npmjs.org/@algolia%2fclient-insights 496ms (cache miss)
355 silly packumentCache full:https://registry.npmjs.org/@algolia%2fclient-insights set size:undefined disposed:false
356 silly fetch manifest @npmcli/git@^7.0.0
357 silly packumentCache full:https://registry.npmjs.org/@npmcli%2fgit cache-miss
358 http fetch GET 200 https://registry.npmjs.org/@algolia%2fclient-search 511ms (cache miss)
359 silly packumentCache full:https://registry.npmjs.org/@algolia%2fclient-search set size:undefined disposed:false
360 silly fetch manifest fs-minipass@^3.0.0
361 silly packumentCache full:https://registry.npmjs.org/fs-minipass cache-miss
362 http fetch GET 200 https://registry.npmjs.org/minipass 104ms (cache miss)
363 silly packumentCache full:https://registry.npmjs.org/minipass set size:undefined disposed:false
364 silly fetch manifest npm-packlist@^10.0.1
365 silly packumentCache full:https://registry.npmjs.org/npm-packlist cache-miss
366 http fetch GET 200 https://registry.npmjs.org/fs-minipass 79ms (cache miss)
367 silly packumentCache full:https://registry.npmjs.org/fs-minipass set size:undefined disposed:false
368 silly fetch manifest npm-pick-manifest@^11.0.1
369 silly packumentCache full:https://registry.npmjs.org/npm-pick-manifest cache-miss
370 http fetch GET 200 https://registry.npmjs.org/cacache 152ms (cache miss)
371 silly packumentCache full:https://registry.npmjs.org/cacache set size:undefined disposed:false
372 silly fetch manifest @gar/promise-retry@^1.0.0
373 silly packumentCache full:https://registry.npmjs.org/@gar%2fpromise-retry cache-miss
374 http fetch GET 200 https://registry.npmjs.org/@algolia%2frequester-node-http 574ms (cache miss)
375 silly packumentCache full:https://registry.npmjs.org/@algolia%2frequester-node-http set size:undefined disposed:false
376 silly fetch manifest @npmcli/run-script@^10.0.0
377 silly packumentCache full:https://registry.npmjs.org/@npmcli%2frun-script cache-miss
378 http fetch GET 200 https://registry.npmjs.org/@algolia%2fabtesting 663ms (cache miss)
379 silly packumentCache full:https://registry.npmjs.org/@algolia%2fabtesting set size:undefined disposed:false
380 silly fetch manifest npm-registry-fetch@^19.0.0
381 silly packumentCache full:https://registry.npmjs.org/npm-registry-fetch cache-miss
382 http fetch GET 200 https://registry.npmjs.org/ssri 245ms (cache miss)
383 silly packumentCache full:https://registry.npmjs.org/ssri set size:undefined disposed:false
384 silly fetch manifest @npmcli/package-json@^7.0.0
385 silly packumentCache full:https://registry.npmjs.org/@npmcli%2fpackage-json cache-miss
386 http fetch GET 200 https://registry.npmjs.org/sigstore 249ms (cache miss)
387 silly packumentCache full:https://registry.npmjs.org/sigstore set size:undefined disposed:false
388 silly fetch manifest @npmcli/promise-spawn@^9.0.0
389 silly packumentCache full:https://registry.npmjs.org/@npmcli%2fpromise-spawn cache-miss
390 http fetch GET 200 https://registry.npmjs.org/npm-packlist 250ms (cache miss)
391 silly packumentCache full:https://registry.npmjs.org/npm-packlist set size:undefined disposed:false
392 silly fetch manifest @npmcli/installed-package-contents@^4.0.0
393 silly packumentCache full:https://registry.npmjs.org/@npmcli%2finstalled-package-contents cache-miss
394 http fetch GET 200 https://registry.npmjs.org/npm-pick-manifest 240ms (cache miss)
395 silly packumentCache full:https://registry.npmjs.org/npm-pick-manifest set size:undefined disposed:false
396 silly fetch manifest parse5@^8.0.0
397 silly packumentCache full:https://registry.npmjs.org/parse5 cache-miss
398 http cache https://registry.npmjs.org/parse5 4ms (cache hit)
399 silly packumentCache full:https://registry.npmjs.org/parse5 set size:123116 disposed:false
400 silly fetch manifest entities@^6.0.0
401 silly packumentCache full:https://registry.npmjs.org/entities cache-miss
402 http cache https://registry.npmjs.org/entities 21ms (cache hit)
403 silly packumentCache full:https://registry.npmjs.org/entities set size:101550 disposed:false
404 silly fetch manifest parse5-sax-parser@^8.0.0
405 silly packumentCache full:https://registry.npmjs.org/parse5-sax-parser cache-miss
406 http cache https://registry.npmjs.org/parse5-sax-parser 6ms (cache hit)
407 silly packumentCache full:https://registry.npmjs.org/parse5-sax-parser set size:18860 disposed:false
408 silly fetch manifest y18n@^5.0.5
409 silly packumentCache full:https://registry.npmjs.org/y18n cache-miss
410 http cache https://registry.npmjs.org/y18n 3ms (cache hit)
411 silly packumentCache full:https://registry.npmjs.org/y18n set size:76206 disposed:false
412 silly fetch manifest cliui@^9.0.1
413 silly packumentCache full:https://registry.npmjs.org/cliui cache-miss
414 http cache https://registry.npmjs.org/cliui 4ms (cache hit)
415 silly packumentCache full:https://registry.npmjs.org/cliui set size:69089 disposed:false
416 silly fetch manifest escalade@^3.1.1
417 silly packumentCache full:https://registry.npmjs.org/escalade cache-miss
418 http cache https://registry.npmjs.org/escalade 49ms (cache hit)
419 silly packumentCache full:https://registry.npmjs.org/escalade set size:33724 disposed:false
420 silly fetch manifest string-width@^7.2.0
421 silly packumentCache full:https://registry.npmjs.org/string-width cache-miss
422 http fetch GET 200 https://registry.npmjs.org/@algolia%2fclient-analytics 922ms (cache miss)
423 silly packumentCache full:https://registry.npmjs.org/@algolia%2fclient-analytics set size:undefined disposed:false
424 silly fetch manifest yargs-parser@^22.0.0
425 silly packumentCache full:https://registry.npmjs.org/yargs-parser cache-miss
426 http cache https://registry.npmjs.org/string-width 20ms (cache hit)
427 silly packumentCache full:https://registry.npmjs.org/string-width set size:72458 disposed:false
428 silly fetch manifest get-caller-file@^2.0.5
429 silly packumentCache full:https://registry.npmjs.org/get-caller-file cache-miss
430 http fetch GET 200 https://registry.npmjs.org/npm-registry-fetch 323ms (cache miss)
431 silly packumentCache full:https://registry.npmjs.org/npm-registry-fetch set size:undefined disposed:false
432 http cache https://registry.npmjs.org/yargs-parser 15ms (cache hit)
433 silly packumentCache full:https://registry.npmjs.org/yargs-parser set size:238681 disposed:false
434 http cache https://registry.npmjs.org/get-caller-file 34ms (cache hit)
435 silly packumentCache full:https://registry.npmjs.org/get-caller-file set size:26456 disposed:false
436 http fetch GET 200 https://registry.npmjs.org/@algolia%2fclient-common 992ms (cache miss)
437 silly packumentCache full:https://registry.npmjs.org/@algolia%2fclient-common set size:undefined disposed:false
438 http fetch GET 200 https://registry.npmjs.org/@algolia%2frequester-browser-xhr 936ms (cache miss)
439 silly packumentCache full:https://registry.npmjs.org/@algolia%2frequester-browser-xhr set size:undefined disposed:false
440 http fetch GET 200 https://registry.npmjs.org/@algolia%2fclient-abtesting 989ms (cache miss)
441 silly packumentCache full:https://registry.npmjs.org/@algolia%2fclient-abtesting set size:undefined disposed:false
442 http fetch GET 200 https://registry.npmjs.org/@algolia%2frequester-fetch 1001ms (cache miss)
443 silly packumentCache full:https://registry.npmjs.org/@algolia%2frequester-fetch set size:undefined disposed:false
444 http fetch GET 200 https://registry.npmjs.org/@algolia%2fclient-query-suggestions 962ms (cache miss)
445 silly packumentCache full:https://registry.npmjs.org/@algolia%2fclient-query-suggestions set size:undefined disposed:false
446 http fetch GET 200 https://registry.npmjs.org/@npmcli%2fgit 546ms (cache miss)
447 silly packumentCache full:https://registry.npmjs.org/@npmcli%2fgit set size:undefined disposed:false
448 http fetch GET 200 https://registry.npmjs.org/@algolia%2fclient-personalization 989ms (cache miss)
449 silly packumentCache full:https://registry.npmjs.org/@algolia%2fclient-personalization set size:undefined disposed:false
450 http fetch GET 200 https://registry.npmjs.org/@gar%2fpromise-retry 553ms (cache miss)
451 silly packumentCache full:https://registry.npmjs.org/@gar%2fpromise-retry set size:undefined disposed:false
452 http fetch GET 200 https://registry.npmjs.org/@npmcli%2fpackage-json 542ms (cache miss)
453 silly packumentCache full:https://registry.npmjs.org/@npmcli%2fpackage-json set size:undefined disposed:false
454 http fetch GET 200 https://registry.npmjs.org/@npmcli%2frun-script 637ms (cache miss)
455 silly packumentCache full:https://registry.npmjs.org/@npmcli%2frun-script set size:undefined disposed:false
456 http fetch GET 200 https://registry.npmjs.org/@npmcli%2fpromise-spawn 556ms (cache miss)
457 silly packumentCache full:https://registry.npmjs.org/@npmcli%2fpromise-spawn set size:undefined disposed:false
458 http fetch GET 200 https://registry.npmjs.org/@npmcli%2finstalled-package-contents 543ms (cache miss)
459 silly packumentCache full:https://registry.npmjs.org/@npmcli%2finstalled-package-contents set size:undefined disposed:false
460 silly placeDep ROOT rxjs@7.8.2 OK for: @angular-devkit/architect@0.2102.22 want: 7.8.2
461 silly fetch manifest tslib@^2.1.0
462 silly packumentCache full:https://registry.npmjs.org/tslib cache-miss
463 http cache https://registry.npmjs.org/tslib 3ms (cache hit)
464 silly packumentCache full:https://registry.npmjs.org/tslib set size:108843 disposed:false
465 silly placeDep ROOT ajv@8.18.0 OK for: @angular-devkit/core@21.2.22 want: 8.18.0
466 silly placeDep ROOT ajv-formats@3.0.1 OK for: @angular-devkit/core@21.2.22 want: 3.0.1
467 silly placeDep ROOT picomatch@4.0.4 OK for: @angular-devkit/core@21.2.22 want: 4.0.4
468 silly placeDep ROOT source-map@0.7.6 OK for: @angular-devkit/core@21.2.22 want: 0.7.6
469 silly fetch manifest fast-uri@^3.0.1
470 silly packumentCache full:https://registry.npmjs.org/fast-uri cache-miss
471 silly fetch manifest fast-deep-equal@^3.1.3
472 silly packumentCache full:https://registry.npmjs.org/fast-deep-equal cache-miss
473 silly fetch manifest require-from-string@^2.0.2
474 silly packumentCache full:https://registry.npmjs.org/require-from-string cache-miss
475 silly fetch manifest json-schema-traverse@^1.0.0
476 silly packumentCache full:https://registry.npmjs.org/json-schema-traverse cache-miss
477 http cache https://registry.npmjs.org/fast-uri 5ms (cache hit)
478 silly packumentCache full:https://registry.npmjs.org/fast-uri set size:100723 disposed:false
479 http cache https://registry.npmjs.org/fast-deep-equal 6ms (cache hit)
480 silly packumentCache full:https://registry.npmjs.org/fast-deep-equal set size:48634 disposed:false
481 http cache https://registry.npmjs.org/json-schema-traverse 7ms (cache hit)
482 silly packumentCache full:https://registry.npmjs.org/json-schema-traverse set size:23537 disposed:false
483 http cache https://registry.npmjs.org/require-from-string 7ms (cache hit)
484 silly packumentCache full:https://registry.npmjs.org/require-from-string set size:15128 disposed:false
485 silly placeDep ROOT magic-string@0.30.21 OK for: @angular-devkit/schematics@21.2.22 want: 0.30.21
486 silly placeDep ROOT ora@9.3.0 OK for: @angular-devkit/schematics@21.2.22 want: 9.3.0
487 silly fetch manifest @jridgewell/sourcemap-codec@^1.5.5
488 silly packumentCache full:https://registry.npmjs.org/@jridgewell%2fsourcemap-codec cache-miss
489 silly fetch manifest chalk@^5.6.2
490 silly packumentCache full:https://registry.npmjs.org/chalk cache-miss
491 silly fetch manifest cli-cursor@^5.0.0
492 silly packumentCache full:https://registry.npmjs.org/cli-cursor cache-miss
493 silly fetch manifest log-symbols@^7.0.1
494 silly packumentCache full:https://registry.npmjs.org/log-symbols cache-miss
495 silly fetch manifest cli-spinners@^3.2.0
496 silly packumentCache full:https://registry.npmjs.org/cli-spinners cache-miss
497 silly fetch manifest string-width@^8.1.0
498 silly packumentCache full:https://registry.npmjs.org/string-width cache-hit
499 silly fetch manifest is-interactive@^2.0.0
500 silly packumentCache full:https://registry.npmjs.org/is-interactive cache-miss
501 silly fetch manifest stdin-discarder@^0.3.1
502 silly packumentCache full:https://registry.npmjs.org/stdin-discarder cache-miss
503 silly fetch manifest is-unicode-supported@^2.1.0
504 silly packumentCache full:https://registry.npmjs.org/is-unicode-supported cache-miss
505 http cache https://registry.npmjs.org/@jridgewell%2fsourcemap-codec 28ms (cache hit)
506 silly packumentCache full:https://registry.npmjs.org/@jridgewell%2fsourcemap-codec set size:65255 disposed:false
507 http cache https://registry.npmjs.org/cli-spinners 28ms (cache hit)
508 silly packumentCache full:https://registry.npmjs.org/cli-spinners set size:67473 disposed:false
509 http cache https://registry.npmjs.org/chalk 29ms (cache hit)
510 silly packumentCache full:https://registry.npmjs.org/chalk set size:134775 disposed:false
511 http cache https://registry.npmjs.org/cli-cursor 32ms (cache hit)
512 silly packumentCache full:https://registry.npmjs.org/cli-cursor set size:18913 disposed:false
513 http cache https://registry.npmjs.org/log-symbols 32ms (cache hit)
514 silly packumentCache full:https://registry.npmjs.org/log-symbols set size:31977 disposed:false
515 http cache https://registry.npmjs.org/stdin-discarder 32ms (cache hit)
516 silly packumentCache full:https://registry.npmjs.org/stdin-discarder set size:15211 disposed:false
517 http cache https://registry.npmjs.org/is-interactive 33ms (cache hit)
518 silly packumentCache full:https://registry.npmjs.org/is-interactive set size:10692 disposed:false
519 http cache https://registry.npmjs.org/is-unicode-supported 33ms (cache hit)
520 silly packumentCache full:https://registry.npmjs.org/is-unicode-supported set size:19461 disposed:false
521 silly placeDep ROOT @inquirer/checkbox@4.3.2 OK for: @inquirer/prompts@7.10.1 want: ^4.3.2
522 silly placeDep ROOT @inquirer/confirm@5.1.21 OK for: @inquirer/prompts@7.10.1 want: ^5.1.21
523 silly placeDep ROOT @inquirer/editor@4.2.23 OK for: @inquirer/prompts@7.10.1 want: ^4.2.23
524 silly placeDep ROOT @inquirer/expand@4.0.23 OK for: @inquirer/prompts@7.10.1 want: ^4.0.23
525 silly placeDep ROOT @inquirer/input@4.3.1 OK for: @inquirer/prompts@7.10.1 want: ^4.3.1
526 silly placeDep ROOT @inquirer/number@3.0.23 OK for: @inquirer/prompts@7.10.1 want: ^3.0.23
527 silly placeDep ROOT @inquirer/password@4.0.23 OK for: @inquirer/prompts@7.10.1 want: ^4.0.23
528 silly placeDep ROOT @inquirer/rawlist@4.1.11 OK for: @inquirer/prompts@7.10.1 want: ^4.1.11
529 silly placeDep ROOT @inquirer/search@3.2.2 OK for: @inquirer/prompts@7.10.1 want: ^3.2.2
530 silly placeDep ROOT @inquirer/select@4.4.2 OK for: @inquirer/prompts@7.10.1 want: ^4.4.2
531 silly fetch manifest @inquirer/ansi@^1.0.2
532 silly packumentCache full:https://registry.npmjs.org/@inquirer%2fansi cache-miss
533 silly fetch manifest @inquirer/core@^10.3.2
534 silly packumentCache full:https://registry.npmjs.org/@inquirer%2fcore cache-miss
535 silly fetch manifest @inquirer/type@^3.0.10
536 silly packumentCache full:https://registry.npmjs.org/@inquirer%2ftype cache-hit
537 silly fetch manifest yoctocolors-cjs@^2.1.3
538 silly packumentCache full:https://registry.npmjs.org/yoctocolors-cjs cache-miss
539 silly fetch manifest @inquirer/figures@^1.0.15
540 silly packumentCache full:https://registry.npmjs.org/@inquirer%2ffigures cache-miss
541 silly fetch manifest @inquirer/core@^10.3.2
542 silly packumentCache full:https://registry.npmjs.org/@inquirer%2fcore cache-miss
543 silly fetch manifest @inquirer/type@^3.0.10
544 silly packumentCache full:https://registry.npmjs.org/@inquirer%2ftype cache-hit
545 silly fetch manifest @inquirer/core@^10.3.2
546 silly packumentCache full:https://registry.npmjs.org/@inquirer%2fcore cache-miss
547 silly fetch manifest @inquirer/type@^3.0.10
548 silly packumentCache full:https://registry.npmjs.org/@inquirer%2ftype cache-hit
549 silly fetch manifest @inquirer/external-editor@^1.0.3
550 silly packumentCache full:https://registry.npmjs.org/@inquirer%2fexternal-editor cache-miss
551 silly fetch manifest @inquirer/core@^10.3.2
552 silly packumentCache full:https://registry.npmjs.org/@inquirer%2fcore cache-miss
553 silly fetch manifest @inquirer/type@^3.0.10
554 silly packumentCache full:https://registry.npmjs.org/@inquirer%2ftype cache-hit
555 silly fetch manifest yoctocolors-cjs@^2.1.3
556 silly packumentCache full:https://registry.npmjs.org/yoctocolors-cjs cache-miss
557 silly fetch manifest @inquirer/core@^10.3.2
558 silly packumentCache full:https://registry.npmjs.org/@inquirer%2fcore cache-miss
559 silly fetch manifest @inquirer/type@^3.0.10
560 silly packumentCache full:https://registry.npmjs.org/@inquirer%2ftype cache-hit
561 silly fetch manifest @inquirer/core@^10.3.2
562 silly packumentCache full:https://registry.npmjs.org/@inquirer%2fcore cache-miss
563 silly fetch manifest @inquirer/ansi@^1.0.2
564 silly packumentCache full:https://registry.npmjs.org/@inquirer%2fansi cache-miss
565 silly fetch manifest @inquirer/core@^10.3.2
566 silly packumentCache full:https://registry.npmjs.org/@inquirer%2fcore cache-miss
567 silly fetch manifest @inquirer/core@^10.3.2
568 silly packumentCache full:https://registry.npmjs.org/@inquirer%2fcore cache-miss
569 silly fetch manifest yoctocolors-cjs@^2.1.3
570 silly packumentCache full:https://registry.npmjs.org/yoctocolors-cjs cache-miss
571 http cache https://registry.npmjs.org/@inquirer%2ffigures 71ms (cache hit)
572 silly packumentCache full:https://registry.npmjs.org/@inquirer%2ffigures set size:59888 disposed:false
573 silly fetch manifest @inquirer/core@^10.3.2
574 silly packumentCache full:https://registry.npmjs.org/@inquirer%2fcore cache-miss
575 http cache https://registry.npmjs.org/@inquirer%2fansi 74ms (cache hit)
576 silly packumentCache full:https://registry.npmjs.org/@inquirer%2fansi set size:29199 disposed:false
577 silly fetch manifest yoctocolors-cjs@^2.1.3
578 silly packumentCache full:https://registry.npmjs.org/yoctocolors-cjs cache-miss
579 http cache https://registry.npmjs.org/@inquirer%2fcore 76ms (cache hit)
580 silly packumentCache full:https://registry.npmjs.org/@inquirer%2fcore set size:359279 disposed:false
581 silly fetch manifest yoctocolors-cjs@^2.1.3
582 silly packumentCache full:https://registry.npmjs.org/yoctocolors-cjs cache-miss
583 http cache https://registry.npmjs.org/@inquirer%2fcore 77ms (cache hit)
584 silly packumentCache full:https://registry.npmjs.org/@inquirer%2fcore set size:359279 disposed:false
585 silly packumentCache full:https://registry.npmjs.org/@inquirer%2fcore dispose
586 http cache https://registry.npmjs.org/@inquirer%2fexternal-editor 83ms (cache hit)
587 silly packumentCache full:https://registry.npmjs.org/@inquirer%2fexternal-editor set size:44413 disposed:false
588 http cache https://registry.npmjs.org/@inquirer%2fcore 84ms (cache hit)
589 silly packumentCache full:https://registry.npmjs.org/@inquirer%2fcore set size:359279 disposed:true
590 silly packumentCache full:https://registry.npmjs.org/@inquirer%2fcore dispose
591 http cache https://registry.npmjs.org/@inquirer%2fansi 84ms (cache hit)
592 silly packumentCache full:https://registry.npmjs.org/@inquirer%2fansi set size:29199 disposed:false
593 silly packumentCache full:https://registry.npmjs.org/@inquirer%2fansi dispose
594 http cache https://registry.npmjs.org/@inquirer%2fcore 90ms (cache hit)
595 silly packumentCache full:https://registry.npmjs.org/@inquirer%2fcore set size:359279 disposed:true
596 silly packumentCache full:https://registry.npmjs.org/@inquirer%2fcore dispose
597 http cache https://registry.npmjs.org/@inquirer%2fcore 89ms (cache hit)
598 silly packumentCache full:https://registry.npmjs.org/@inquirer%2fcore set size:359279 disposed:true
599 silly packumentCache full:https://registry.npmjs.org/@inquirer%2fcore dispose
600 http cache https://registry.npmjs.org/@inquirer%2fcore 91ms (cache hit)
601 silly packumentCache full:https://registry.npmjs.org/@inquirer%2fcore set size:359279 disposed:true
602 silly packumentCache full:https://registry.npmjs.org/@inquirer%2fcore dispose
603 http cache https://registry.npmjs.org/@inquirer%2fcore 99ms (cache hit)
604 silly packumentCache full:https://registry.npmjs.org/@inquirer%2fcore set size:359279 disposed:true
605 silly packumentCache full:https://registry.npmjs.org/@inquirer%2fcore dispose
606 http cache https://registry.npmjs.org/@inquirer%2fcore 101ms (cache hit)
607 silly packumentCache full:https://registry.npmjs.org/@inquirer%2fcore set size:359279 disposed:true
608 silly packumentCache full:https://registry.npmjs.org/@inquirer%2fcore dispose
609 http cache https://registry.npmjs.org/@inquirer%2fcore 37ms (cache hit)
610 silly packumentCache full:https://registry.npmjs.org/@inquirer%2fcore set size:359279 disposed:true
611 silly packumentCache full:https://registry.npmjs.org/@inquirer%2fcore dispose
612 http fetch GET 200 https://registry.npmjs.org/yoctocolors-cjs 236ms (cache miss)
613 silly packumentCache full:https://registry.npmjs.org/yoctocolors-cjs set size:undefined disposed:false
614 http fetch GET 200 https://registry.npmjs.org/yoctocolors-cjs 238ms (cache miss)
615 silly packumentCache full:https://registry.npmjs.org/yoctocolors-cjs set size:undefined disposed:false
616 http fetch GET 200 https://registry.npmjs.org/yoctocolors-cjs 260ms (cache miss)
617 silly packumentCache full:https://registry.npmjs.org/yoctocolors-cjs set size:undefined disposed:false
618 http fetch GET 200 https://registry.npmjs.org/yoctocolors-cjs 187ms (cache miss)
619 silly packumentCache full:https://registry.npmjs.org/yoctocolors-cjs set size:undefined disposed:false
620 http fetch GET 200 https://registry.npmjs.org/yoctocolors-cjs 193ms (cache miss)
621 silly packumentCache full:https://registry.npmjs.org/yoctocolors-cjs set size:undefined disposed:false
622 silly placeDep ROOT @inquirer/ansi@1.0.2 OK for: @inquirer/checkbox@4.3.2 want: ^1.0.2
623 silly placeDep ROOT @inquirer/core@10.3.2 OK for: @inquirer/checkbox@4.3.2 want: ^10.3.2
624 silly placeDep ROOT @inquirer/figures@1.0.15 OK for: @inquirer/checkbox@4.3.2 want: ^1.0.15
625 silly placeDep ROOT @inquirer/type@3.0.10 OK for: @inquirer/checkbox@4.3.2 want: ^3.0.10
626 silly placeDep ROOT yoctocolors-cjs@2.1.3 OK for: @inquirer/checkbox@4.3.2 want: ^2.1.3
627 silly fetch manifest cli-width@^4.1.0
628 silly packumentCache full:https://registry.npmjs.org/cli-width cache-miss
629 silly fetch manifest wrap-ansi@^6.2.0
630 silly packumentCache full:https://registry.npmjs.org/wrap-ansi cache-hit
631 silly fetch manifest mute-stream@^2.0.0
632 silly packumentCache full:https://registry.npmjs.org/mute-stream cache-miss
633 silly fetch manifest signal-exit@^4.1.0
634 silly packumentCache full:https://registry.npmjs.org/signal-exit cache-miss
635 http cache https://registry.npmjs.org/cli-width 5ms (cache hit)
636 silly packumentCache full:https://registry.npmjs.org/cli-width set size:24976 disposed:false
637 http cache https://registry.npmjs.org/signal-exit 5ms (cache hit)
638 silly packumentCache full:https://registry.npmjs.org/signal-exit set size:53489 disposed:false
639 http cache https://registry.npmjs.org/mute-stream 6ms (cache hit)
640 silly packumentCache full:https://registry.npmjs.org/mute-stream set size:24413 disposed:false
641 silly placeDep ROOT cli-width@4.1.0 OK for: @inquirer/core@10.3.2 want: ^4.1.0
642 silly placeDep ROOT mute-stream@2.0.0 OK for: @inquirer/core@10.3.2 want: ^2.0.0
643 silly placeDep ROOT signal-exit@4.1.0 OK for: @inquirer/core@10.3.2 want: ^4.1.0
644 silly placeDep ROOT wrap-ansi@6.2.0 OK for: @inquirer/core@10.3.2 want: ^6.2.0
645 silly fetch manifest strip-ansi@^6.0.0
646 silly packumentCache full:https://registry.npmjs.org/strip-ansi cache-miss
647 silly fetch manifest ansi-styles@^4.0.0
648 silly packumentCache full:https://registry.npmjs.org/ansi-styles cache-miss
649 silly fetch manifest string-width@^4.1.0
650 silly packumentCache full:https://registry.npmjs.org/string-width cache-hit
651 http cache https://registry.npmjs.org/strip-ansi 5ms (cache hit)
652 silly packumentCache full:https://registry.npmjs.org/strip-ansi set size:44998 disposed:false
653 http cache https://registry.npmjs.org/ansi-styles 6ms (cache hit)
654 silly packumentCache full:https://registry.npmjs.org/ansi-styles set size:71772 disposed:false
655 silly placeDep ROOT @inquirer/external-editor@1.0.3 OK for: @inquirer/editor@4.2.23 want: ^1.0.3
656 silly fetch manifest chardet@^2.1.1
657 silly packumentCache full:https://registry.npmjs.org/chardet cache-miss
658 silly fetch manifest iconv-lite@^0.7.0
659 silly packumentCache full:https://registry.npmjs.org/iconv-lite cache-miss
660 http cache https://registry.npmjs.org/chardet 27ms (cache hit)
661 silly packumentCache full:https://registry.npmjs.org/chardet set size:73855 disposed:false
662 http cache https://registry.npmjs.org/iconv-lite 27ms (cache hit)
663 silly packumentCache full:https://registry.npmjs.org/iconv-lite set size:126462 disposed:false
664 silly placeDep ROOT chardet@2.2.0 OK for: @inquirer/external-editor@1.0.3 want: ^2.1.1
665 silly placeDep ROOT iconv-lite@0.7.3 OK for: @inquirer/external-editor@1.0.3 want: ^0.7.0
666 silly fetch manifest safer-buffer@>= 2.1.2 < 3.0.0
667 silly packumentCache full:https://registry.npmjs.org/safer-buffer cache-miss
668 http cache https://registry.npmjs.org/safer-buffer 4ms (cache hit)
669 silly packumentCache full:https://registry.npmjs.org/safer-buffer set size:18521 disposed:false
670 silly placeDep ROOT @hono/node-server@2.1.1 OK for: @modelcontextprotocol/sdk@1.30.0 want: ^1.19.9 || ^2.0.5
671 silly placeDep ROOT hono@4.13.5 OK for: @hono/node-server@2.1.1 want: ^4
672 silly placeDep ROOT content-type@1.0.5 OK for: @modelcontextprotocol/sdk@1.30.0 want: ^1.0.5
673 silly placeDep ROOT cors@2.8.6 OK for: @modelcontextprotocol/sdk@1.30.0 want: ^2.8.5
674 silly placeDep ROOT cross-spawn@7.0.6 OK for: @modelcontextprotocol/sdk@1.30.0 want: ^7.0.5
675 silly placeDep ROOT eventsource@3.0.7 OK for: @modelcontextprotocol/sdk@1.30.0 want: ^3.0.2
676 silly placeDep ROOT eventsource-parser@3.1.1 OK for: @modelcontextprotocol/sdk@1.30.0 want: ^3.0.0
677 silly placeDep ROOT express@5.2.1 OK for: @modelcontextprotocol/sdk@1.30.0 want: ^5.2.1
678 silly placeDep ROOT express-rate-limit@8.7.0 OK for: @modelcontextprotocol/sdk@1.30.0 want: ^8.2.1
679 silly placeDep ROOT jose@6.2.10 OK for: @modelcontextprotocol/sdk@1.30.0 want: ^6.1.3
680 silly placeDep ROOT json-schema-typed@8.0.2 OK for: @modelcontextprotocol/sdk@1.30.0 want: ^8.0.2
681 silly placeDep ROOT pkce-challenge@5.0.1 OK for: @modelcontextprotocol/sdk@1.30.0 want: ^5.0.0
682 silly placeDep ROOT raw-body@3.0.2 OK for: @modelcontextprotocol/sdk@1.30.0 want: ^3.0.0
683 silly placeDep ROOT zod-to-json-schema@3.25.2 OK for: @modelcontextprotocol/sdk@1.30.0 want: ^3.25.1
684 silly fetch manifest object-assign@^4
685 silly packumentCache full:https://registry.npmjs.org/object-assign cache-miss
686 silly fetch manifest vary@^1
687 silly packumentCache full:https://registry.npmjs.org/vary cache-miss
688 silly fetch manifest which@^2.0.1
689 silly packumentCache full:https://registry.npmjs.org/which cache-miss
690 silly fetch manifest path-key@^3.1.0
691 silly packumentCache full:https://registry.npmjs.org/path-key cache-miss
692 silly fetch manifest shebang-command@^2.0.0
693 silly packumentCache full:https://registry.npmjs.org/shebang-command cache-miss
694 silly fetch manifest eventsource-parser@^3.0.1
695 silly packumentCache full:https://registry.npmjs.org/eventsource-parser cache-hit
696 silly fetch manifest qs@^6.14.0
697 silly packumentCache full:https://registry.npmjs.org/qs cache-miss
698 silly fetch manifest depd@^2.0.0
699 silly packumentCache full:https://registry.npmjs.org/depd cache-miss
700 silly fetch manifest etag@^1.8.1
701 silly packumentCache full:https://registry.npmjs.org/etag cache-miss
702 silly fetch manifest once@^1.4.0
703 silly packumentCache full:https://registry.npmjs.org/once cache-miss
704 silly fetch manifest send@^1.1.0
705 silly packumentCache full:https://registry.npmjs.org/send cache-miss
706 silly fetch manifest vary@^1.1.2
707 silly packumentCache full:https://registry.npmjs.org/vary cache-miss
708 silly fetch manifest debug@^4.4.0
709 silly packumentCache full:https://registry.npmjs.org/debug cache-miss
710 silly fetch manifest fresh@^2.0.0
711 silly packumentCache full:https://registry.npmjs.org/fresh cache-miss
712 silly fetch manifest cookie@^0.7.1
713 silly packumentCache full:https://registry.npmjs.org/cookie cache-miss
714 silly fetch manifest router@^2.2.0
715 silly packumentCache full:https://registry.npmjs.org/router cache-miss
716 http cache https://registry.npmjs.org/path-key 19ms (cache hit)
717 silly packumentCache full:https://registry.npmjs.org/path-key set size:16975 disposed:false
718 silly fetch manifest accepts@^2.0.0
719 silly packumentCache full:https://registry.npmjs.org/accepts cache-miss
720 http cache https://registry.npmjs.org/vary 20ms (cache hit)
721 silly packumentCache full:https://registry.npmjs.org/vary set size:15994 disposed:false
722 silly fetch manifest type-is@^2.0.1
723 silly packumentCache full:https://registry.npmjs.org/type-is cache-miss
724 http cache https://registry.npmjs.org/object-assign 21ms (cache hit)
725 silly packumentCache full:https://registry.npmjs.org/object-assign set size:28988 disposed:false
726 silly fetch manifest parseurl@^1.3.3
727 silly packumentCache full:https://registry.npmjs.org/parseurl cache-miss
728 http cache https://registry.npmjs.org/shebang-command 21ms (cache hit)
729 silly packumentCache full:https://registry.npmjs.org/shebang-command set size:8525 disposed:false
730 silly fetch manifest statuses@^2.0.1
731 silly packumentCache full:https://registry.npmjs.org/statuses cache-miss
732 http cache https://registry.npmjs.org/qs 22ms (cache hit)
733 silly packumentCache full:https://registry.npmjs.org/qs set size:365613 disposed:false
734 silly fetch manifest encodeurl@^2.0.0
735 silly packumentCache full:https://registry.npmjs.org/encodeurl cache-miss
736 http cache https://registry.npmjs.org/which 26ms (cache hit)
737 silly packumentCache full:https://registry.npmjs.org/which set size:70087 disposed:false
738 silly fetch manifest mime-types@^3.0.0
739 silly packumentCache full:https://registry.npmjs.org/mime-types cache-miss
740 http cache https://registry.npmjs.org/depd 27ms (cache hit)
741 silly packumentCache full:https://registry.npmjs.org/depd set size:40182 disposed:false
742 silly fetch manifest proxy-addr@^2.0.7
743 silly packumentCache full:https://registry.npmjs.org/proxy-addr cache-miss
744 http cache https://registry.npmjs.org/once 28ms (cache hit)
745 silly packumentCache full:https://registry.npmjs.org/once set size:11752 disposed:false
746 silly fetch manifest body-parser@^2.2.1
747 silly packumentCache full:https://registry.npmjs.org/body-parser cache-miss
748 http cache https://registry.npmjs.org/etag 29ms (cache hit)
749 silly packumentCache full:https://registry.npmjs.org/etag set size:30032 disposed:false
750 silly fetch manifest escape-html@^1.0.3
751 silly packumentCache full:https://registry.npmjs.org/escape-html cache-miss
752 http cache https://registry.npmjs.org/send 29ms (cache hit)
753 silly packumentCache full:https://registry.npmjs.org/send set size:152810 disposed:false
754 silly fetch manifest http-errors@^2.0.0
755 silly packumentCache full:https://registry.npmjs.org/http-errors cache-miss
756 http cache https://registry.npmjs.org/debug 30ms (cache hit)
757 silly packumentCache full:https://registry.npmjs.org/debug set size:195840 disposed:false
758 silly fetch manifest on-finished@^2.4.1
759 silly packumentCache full:https://registry.npmjs.org/on-finished cache-miss
760 http cache https://registry.npmjs.org/vary 33ms (cache hit)
761 silly packumentCache full:https://registry.npmjs.org/vary set size:15994 disposed:false
762 silly packumentCache full:https://registry.npmjs.org/vary dispose
763 silly fetch manifest finalhandler@^2.1.0
764 silly packumentCache full:https://registry.npmjs.org/finalhandler cache-miss
765 http cache https://registry.npmjs.org/fresh 34ms (cache hit)
766 silly packumentCache full:https://registry.npmjs.org/fresh set size:25427 disposed:false
767 silly fetch manifest range-parser@^1.2.1
768 silly packumentCache full:https://registry.npmjs.org/range-parser cache-miss
769 http cache https://registry.npmjs.org/cookie 35ms (cache hit)
770 silly packumentCache full:https://registry.npmjs.org/cookie set size:78274 disposed:false
771 silly fetch manifest serve-static@^2.2.0
772 silly packumentCache full:https://registry.npmjs.org/serve-static cache-miss
773 http cache https://registry.npmjs.org/router 34ms (cache hit)
774 silly packumentCache full:https://registry.npmjs.org/router set size:116499 disposed:false
775 silly fetch manifest cookie-signature@^1.2.1
776 silly packumentCache full:https://registry.npmjs.org/cookie-signature cache-miss
777 http cache https://registry.npmjs.org/statuses 27ms (cache hit)
778 silly packumentCache full:https://registry.npmjs.org/statuses set size:37117 disposed:false
779 silly fetch manifest merge-descriptors@^2.0.0
780 silly packumentCache full:https://registry.npmjs.org/merge-descriptors cache-miss
781 http cache https://registry.npmjs.org/type-is 31ms (cache hit)
782 silly packumentCache full:https://registry.npmjs.org/type-is set size:88614 disposed:false
783 silly fetch manifest content-disposition@^1.0.0
784 silly packumentCache full:https://registry.npmjs.org/content-disposition cache-miss
785 http cache https://registry.npmjs.org/parseurl 31ms (cache hit)
786 silly packumentCache full:https://registry.npmjs.org/parseurl set size:24148 disposed:false
787 silly fetch manifest debug@^4.4.3
788 silly packumentCache full:https://registry.npmjs.org/debug cache-hit
789 silly fetch manifest ip-address@^10.2.0
790 silly packumentCache full:https://registry.npmjs.org/ip-address cache-miss
791 http cache https://registry.npmjs.org/accepts 35ms (cache hit)
792 silly packumentCache full:https://registry.npmjs.org/accepts set size:77054 disposed:false
793 silly fetch manifest bytes@~3.1.2
794 silly packumentCache full:https://registry.npmjs.org/bytes cache-miss
795 http cache https://registry.npmjs.org/encodeurl 31ms (cache hit)
796 silly packumentCache full:https://registry.npmjs.org/encodeurl set size:12296 disposed:false
797 silly fetch manifest unpipe@~1.0.0
798 silly packumentCache full:https://registry.npmjs.org/unpipe cache-miss
799 http cache https://registry.npmjs.org/body-parser 29ms (cache hit)
800 silly packumentCache full:https://registry.npmjs.org/body-parser set size:204559 disposed:false
801 silly fetch manifest http-errors@~2.0.1
802 silly packumentCache full:https://registry.npmjs.org/http-errors cache-miss
803 http cache https://registry.npmjs.org/mime-types 32ms (cache hit)
804 silly packumentCache full:https://registry.npmjs.org/mime-types set size:139110 disposed:false
805 http cache https://registry.npmjs.org/proxy-addr 32ms (cache hit)
806 silly packumentCache full:https://registry.npmjs.org/proxy-addr set size:61619 disposed:false
807 http cache https://registry.npmjs.org/escape-html 32ms (cache hit)
808 silly packumentCache full:https://registry.npmjs.org/escape-html set size:7345 disposed:false
809 http cache https://registry.npmjs.org/http-errors 33ms (cache hit)
810 silly packumentCache full:https://registry.npmjs.org/http-errors set size:71987 disposed:false
811 http cache https://registry.npmjs.org/on-finished 30ms (cache hit)
812 silly packumentCache full:https://registry.npmjs.org/on-finished set size:23212 disposed:false
813 http cache https://registry.npmjs.org/finalhandler 31ms (cache hit)
814 silly packumentCache full:https://registry.npmjs.org/finalhandler set size:79291 disposed:false
815 http cache https://registry.npmjs.org/range-parser 30ms (cache hit)
816 silly packumentCache full:https://registry.npmjs.org/range-parser set size:24852 disposed:false
817 http cache https://registry.npmjs.org/cookie-signature 27ms (cache hit)
818 silly packumentCache full:https://registry.npmjs.org/cookie-signature set size:21777 disposed:false
819 http cache https://registry.npmjs.org/serve-static 30ms (cache hit)
820 silly packumentCache full:https://registry.npmjs.org/serve-static set size:150391 disposed:false
821 http cache https://registry.npmjs.org/merge-descriptors 35ms (cache hit)
822 silly packumentCache full:https://registry.npmjs.org/merge-descriptors set size:16527 disposed:false
823 http cache https://registry.npmjs.org/bytes 31ms (cache hit)
824 silly packumentCache full:https://registry.npmjs.org/bytes set size:37018 disposed:false
825 http cache https://registry.npmjs.org/content-disposition 35ms (cache hit)
826 silly packumentCache full:https://registry.npmjs.org/content-disposition set size:45446 disposed:false
827 http cache https://registry.npmjs.org/ip-address 47ms (cache hit)
828 silly packumentCache full:https://registry.npmjs.org/ip-address set size:213599 disposed:false
829 http cache https://registry.npmjs.org/unpipe 46ms (cache hit)
830 silly packumentCache full:https://registry.npmjs.org/unpipe set size:3609 disposed:false
831 http cache https://registry.npmjs.org/http-errors 43ms (cache hit)
832 silly packumentCache full:https://registry.npmjs.org/http-errors set size:71987 disposed:false
833 silly packumentCache full:https://registry.npmjs.org/http-errors dispose
834 silly placeDep ROOT fast-deep-equal@3.1.3 OK for: ajv@8.18.0 want: ^3.1.3
835 silly placeDep ROOT fast-uri@3.1.6 OK for: ajv@8.18.0 want: ^3.0.1
836 silly placeDep ROOT json-schema-traverse@1.0.0 OK for: ajv@8.18.0 want: ^1.0.0
837 silly placeDep ROOT require-from-string@2.0.2 OK for: ajv@8.18.0 want: ^2.0.2
838 silly placeDep ROOT @algolia/abtesting@1.14.1 OK for: algoliasearch@5.48.1 want: 1.14.1
839 silly placeDep ROOT @algolia/client-abtesting@5.48.1 OK for: algoliasearch@5.48.1 want: 5.48.1
840 silly placeDep ROOT @algolia/client-analytics@5.48.1 OK for: algoliasearch@5.48.1 want: 5.48.1
841 silly placeDep ROOT @algolia/client-common@5.48.1 OK for: algoliasearch@5.48.1 want: 5.48.1
842 silly placeDep ROOT @algolia/client-insights@5.48.1 OK for: algoliasearch@5.48.1 want: 5.48.1
843 silly placeDep ROOT @algolia/client-personalization@5.48.1 OK for: algoliasearch@5.48.1 want: 5.48.1
844 silly placeDep ROOT @algolia/client-query-suggestions@5.48.1 OK for: algoliasearch@5.48.1 want: 5.48.1
845 silly placeDep ROOT @algolia/client-search@5.48.1 OK for: algoliasearch@5.48.1 want: 5.48.1
846 silly placeDep ROOT @algolia/ingestion@1.48.1 OK for: algoliasearch@5.48.1 want: 1.48.1
847 silly placeDep ROOT @algolia/monitoring@1.48.1 OK for: algoliasearch@5.48.1 want: 1.48.1
848 silly placeDep ROOT @algolia/recommend@5.48.1 OK for: algoliasearch@5.48.1 want: 5.48.1
849 silly placeDep ROOT @algolia/requester-browser-xhr@5.48.1 OK for: algoliasearch@5.48.1 want: 5.48.1
850 silly placeDep ROOT @algolia/requester-fetch@5.48.1 OK for: algoliasearch@5.48.1 want: 5.48.1
851 silly placeDep ROOT @algolia/requester-node-http@5.48.1 OK for: algoliasearch@5.48.1 want: 5.48.1
852 silly placeDep ROOT object-assign@4.1.1 OK for: cors@2.8.6 want: ^4
853 silly placeDep ROOT vary@1.1.2 OK for: cors@2.8.6 want: ^1
854 silly placeDep ROOT path-key@3.1.1 OK for: cross-spawn@7.0.6 want: ^3.1.0
855 silly placeDep ROOT shebang-command@2.0.0 OK for: cross-spawn@7.0.6 want: ^2.0.0
856 silly placeDep ROOT which@2.0.2 OK for: cross-spawn@7.0.6 want: ^2.0.1
857 silly fetch manifest shebang-regex@^3.0.0
858 silly packumentCache full:https://registry.npmjs.org/shebang-regex cache-miss
859 silly fetch manifest isexe@^2.0.0
860 silly packumentCache full:https://registry.npmjs.org/isexe cache-miss
861 http cache https://registry.npmjs.org/isexe 4ms (cache hit)
862 silly packumentCache full:https://registry.npmjs.org/isexe set size:31756 disposed:false
863 http cache https://registry.npmjs.org/shebang-regex 4ms (cache hit)
864 silly packumentCache full:https://registry.npmjs.org/shebang-regex set size:9763 disposed:false
865 silly placeDep ROOT accepts@2.0.0 OK for: express@5.2.1 want: ^2.0.0
866 silly placeDep ROOT body-parser@2.3.0 OK for: express@5.2.1 want: ^2.2.1
867 silly placeDep ROOT content-disposition@1.1.0 OK for: express@5.2.1 want: ^1.0.0
868 silly placeDep ROOT cookie@0.7.2 OK for: express@5.2.1 want: ^0.7.1
869 silly placeDep ROOT cookie-signature@1.2.2 OK for: express@5.2.1 want: ^1.2.1
870 silly placeDep ROOT debug@4.4.3 OK for: express@5.2.1 want: ^4.4.0
871 silly placeDep ROOT depd@2.0.0 OK for: express@5.2.1 want: ^2.0.0
872 silly placeDep ROOT encodeurl@2.0.0 OK for: express@5.2.1 want: ^2.0.0
873 silly placeDep ROOT escape-html@1.0.3 OK for: express@5.2.1 want: ^1.0.3
874 silly placeDep ROOT etag@1.8.1 OK for: express@5.2.1 want: ^1.8.1
875 silly placeDep ROOT finalhandler@2.1.1 OK for: express@5.2.1 want: ^2.1.0
876 silly placeDep ROOT fresh@2.0.0 OK for: express@5.2.1 want: ^2.0.0
877 silly placeDep ROOT http-errors@2.0.1 OK for: express@5.2.1 want: ^2.0.0
878 silly placeDep ROOT merge-descriptors@2.0.0 OK for: express@5.2.1 want: ^2.0.0
879 silly placeDep ROOT mime-types@3.0.2 OK for: express@5.2.1 want: ^3.0.0
880 silly placeDep ROOT on-finished@2.4.1 OK for: express@5.2.1 want: ^2.4.1
881 silly placeDep ROOT once@1.4.0 OK for: express@5.2.1 want: ^1.4.0
882 silly placeDep ROOT parseurl@1.3.3 OK for: express@5.2.1 want: ^1.3.3
883 silly placeDep ROOT proxy-addr@2.0.7 OK for: express@5.2.1 want: ^2.0.7
884 silly placeDep ROOT qs@6.16.0 OK for: express@5.2.1 want: ^6.14.0
885 silly placeDep ROOT range-parser@1.3.0 OK for: express@5.2.1 want: ^1.2.1
886 silly placeDep ROOT router@2.2.0 OK for: express@5.2.1 want: ^2.2.0
887 silly placeDep ROOT send@1.2.1 OK for: express@5.2.1 want: ^1.1.0
888 silly placeDep ROOT serve-static@2.2.1 OK for: express@5.2.1 want: ^2.2.0
889 silly placeDep ROOT statuses@2.0.2 OK for: express@5.2.1 want: ^2.0.1
890 silly placeDep ROOT type-is@2.1.0 OK for: express@5.2.1 want: ^2.0.1
891 silly fetch manifest negotiator@^1.0.0
892 silly packumentCache full:https://registry.npmjs.org/negotiator cache-miss
893 silly fetch manifest qs@^6.15.2
894 silly packumentCache full:https://registry.npmjs.org/qs cache-hit
895 silly fetch manifest bytes@^3.1.2
896 silly packumentCache full:https://registry.npmjs.org/bytes cache-hit
897 silly fetch manifest type-is@^2.1.0
898 silly packumentCache full:https://registry.npmjs.org/type-is cache-hit
899 silly fetch manifest http-errors@^2.0.1
900 silly packumentCache full:https://registry.npmjs.org/http-errors cache-hit
901 silly fetch manifest content-type@^2.0.0
902 silly packumentCache full:https://registry.npmjs.org/content-type cache-hit
903 silly fetch manifest ms@^2.1.3
904 silly packumentCache full:https://registry.npmjs.org/ms cache-miss
905 silly fetch manifest inherits@~2.0.4
906 silly packumentCache full:https://registry.npmjs.org/inherits cache-miss
907 silly fetch manifest setprototypeof@~1.2.0
908 silly packumentCache full:https://registry.npmjs.org/setprototypeof cache-miss
909 silly fetch manifest statuses@~2.0.2
910 silly packumentCache full:https://registry.npmjs.org/statuses cache-hit
911 silly fetch manifest toidentifier@~1.0.1
912 silly packumentCache full:https://registry.npmjs.org/toidentifier cache-miss
913 silly fetch manifest mime-db@^1.54.0
914 silly packumentCache full:https://registry.npmjs.org/mime-db cache-miss
915 silly fetch manifest ee-first@1.1.1
916 silly packumentCache full:https://registry.npmjs.org/ee-first cache-miss
917 silly fetch manifest wrappy@1
918 silly packumentCache full:https://registry.npmjs.org/wrappy cache-miss
919 silly fetch manifest forwarded@0.2.0
920 silly packumentCache full:https://registry.npmjs.org/forwarded cache-miss
921 silly fetch manifest ipaddr.js@1.9.1
922 silly packumentCache full:https://registry.npmjs.org/ipaddr.js cache-miss
923 silly fetch manifest side-channel@^1.1.1
924 silly packumentCache full:https://registry.npmjs.org/side-channel cache-miss
925 silly fetch manifest es-define-property@^1.0.1
926 silly packumentCache full:https://registry.npmjs.org/es-define-property cache-miss
927 silly fetch manifest is-promise@^4.0.0
928 silly packumentCache full:https://registry.npmjs.org/is-promise cache-miss
929 silly fetch manifest path-to-regexp@^8.0.0
930 silly packumentCache full:https://registry.npmjs.org/path-to-regexp cache-miss
931 silly fetch manifest ms@^2.1.3
932 silly packumentCache full:https://registry.npmjs.org/ms cache-miss
933 http cache https://registry.npmjs.org/negotiator 22ms (cache hit)
934 silly packumentCache full:https://registry.npmjs.org/negotiator set size:56148 disposed:false
935 silly fetch manifest statuses@^2.0.2
936 silly packumentCache full:https://registry.npmjs.org/statuses cache-hit
937 silly fetch manifest media-typer@^1.1.0
938 silly packumentCache full:https://registry.npmjs.org/media-typer cache-miss
939 http cache https://registry.npmjs.org/ms 22ms (cache hit)
940 silly packumentCache full:https://registry.npmjs.org/ms set size:92208 disposed:false
941 http cache https://registry.npmjs.org/mime-db 18ms (cache hit)
942 silly packumentCache full:https://registry.npmjs.org/mime-db set size:164953 disposed:false
943 http cache https://registry.npmjs.org/inherits 22ms (cache hit)
944 silly packumentCache full:https://registry.npmjs.org/inherits set size:12925 disposed:false
945 http cache https://registry.npmjs.org/wrappy 20ms (cache hit)
946 silly packumentCache full:https://registry.npmjs.org/wrappy set size:7682 disposed:false
947 http cache https://registry.npmjs.org/setprototypeof 23ms (cache hit)
948 silly packumentCache full:https://registry.npmjs.org/setprototypeof set size:14532 disposed:false
949 http cache https://registry.npmjs.org/ee-first 21ms (cache hit)
950 silly packumentCache full:https://registry.npmjs.org/ee-first set size:15327 disposed:false
951 http cache https://registry.npmjs.org/forwarded 22ms (cache hit)
952 silly packumentCache full:https://registry.npmjs.org/forwarded set size:11229 disposed:false
953 http cache https://registry.npmjs.org/toidentifier 22ms (cache hit)
954 silly packumentCache full:https://registry.npmjs.org/toidentifier set size:12006 disposed:false
955 http cache https://registry.npmjs.org/es-define-property 21ms (cache hit)
956 silly packumentCache full:https://registry.npmjs.org/es-define-property set size:8542 disposed:false
957 http cache https://registry.npmjs.org/side-channel 21ms (cache hit)
958 silly packumentCache full:https://registry.npmjs.org/side-channel set size:27650 disposed:false
959 http cache https://registry.npmjs.org/ipaddr.js 23ms (cache hit)
960 silly packumentCache full:https://registry.npmjs.org/ipaddr.js set size:84329 disposed:false
961 http cache https://registry.npmjs.org/ms 23ms (cache hit)
962 silly packumentCache full:https://registry.npmjs.org/ms set size:92208 disposed:false
963 silly packumentCache full:https://registry.npmjs.org/ms dispose
964 http cache https://registry.npmjs.org/is-promise 24ms (cache hit)
965 silly packumentCache full:https://registry.npmjs.org/is-promise set size:18599 disposed:false
966 http cache https://registry.npmjs.org/path-to-regexp 25ms (cache hit)
967 silly packumentCache full:https://registry.npmjs.org/path-to-regexp set size:216334 disposed:false
968 http cache https://registry.npmjs.org/media-typer 14ms (cache hit)
969 silly packumentCache full:https://registry.npmjs.org/media-typer set size:22074 disposed:false
970 silly placeDep ROOT negotiator@1.1.0 OK for: accepts@2.0.0 want: ^1.0.0
971 silly fetch manifest content-type@^2.1.0
972 silly packumentCache full:https://registry.npmjs.org/content-type cache-hit
973 silly placeDep ROOT bytes@3.1.2 OK for: body-parser@2.3.0 want: ^3.1.2
974 silly placeDep node_modules/body-parser content-type@2.1.0 OK for: body-parser@2.3.0 want: ^2.0.0
975 silly placeDep ROOT ms@2.1.3 OK for: debug@4.4.3 want: ^2.1.3
976 silly placeDep ROOT ip-address@10.7.0 OK for: express-rate-limit@8.7.0 want: ^10.2.0
977 silly placeDep ROOT inherits@2.0.4 OK for: http-errors@2.0.1 want: ~2.0.4
978 silly placeDep ROOT setprototypeof@1.2.0 OK for: http-errors@2.0.1 want: ~1.2.0
979 silly placeDep ROOT toidentifier@1.0.1 OK for: http-errors@2.0.1 want: ~1.0.1
980 silly placeDep ROOT safer-buffer@2.1.2 OK for: iconv-lite@0.7.3 want: >= 2.1.2 < 3.0.0
981 silly placeDep ROOT cli-truncate@5.2.0 OK for: listr2@9.0.5 want: ^5.0.0
982 silly placeDep ROOT colorette@2.0.20 OK for: listr2@9.0.5 want: ^2.0.20
983 silly placeDep ROOT eventemitter3@5.0.4 OK for: listr2@9.0.5 want: ^5.0.1
984 silly placeDep ROOT log-update@6.1.0 OK for: listr2@9.0.5 want: ^6.1.0
985 silly placeDep ROOT rfdc@1.4.1 OK for: listr2@9.0.5 want: ^1.4.1
986 silly placeDep node_modules/listr2 wrap-ansi@9.0.2 OK for: listr2@9.0.5 want: ^9.0.0
987 silly fetch manifest slice-ansi@^8.0.0
988 silly packumentCache full:https://registry.npmjs.org/slice-ansi cache-miss
989 silly fetch manifest string-width@^8.2.0
990 silly packumentCache full:https://registry.npmjs.org/string-width cache-hit
991 silly fetch manifest slice-ansi@^7.1.0
992 silly packumentCache full:https://registry.npmjs.org/slice-ansi cache-miss
993 silly fetch manifest strip-ansi@^7.1.0
994 silly packumentCache full:https://registry.npmjs.org/strip-ansi cache-hit
995 silly fetch manifest ansi-escapes@^7.0.0
996 silly packumentCache full:https://registry.npmjs.org/ansi-escapes cache-miss
997 silly fetch manifest strip-ansi@^7.1.0
998 silly packumentCache full:https://registry.npmjs.org/strip-ansi cache-hit
999 silly fetch manifest ansi-styles@^6.2.1
1000 silly packumentCache full:https://registry.npmjs.org/ansi-styles cache-hit
1001 silly fetch manifest string-width@^7.0.0
1002 silly packumentCache full:https://registry.npmjs.org/string-width cache-hit
1003 http cache https://registry.npmjs.org/ansi-escapes 23ms (cache hit)
1004 silly packumentCache full:https://registry.npmjs.org/ansi-escapes set size:70915 disposed:false
1005 http cache https://registry.npmjs.org/slice-ansi 26ms (cache hit)
1006 silly packumentCache full:https://registry.npmjs.org/slice-ansi set size:36418 disposed:false
1007 http cache https://registry.npmjs.org/slice-ansi 27ms (cache hit)
1008 silly packumentCache full:https://registry.npmjs.org/slice-ansi set size:36418 disposed:false
1009 silly packumentCache full:https://registry.npmjs.org/slice-ansi dispose
1010 silly placeDep ROOT slice-ansi@8.0.0 OK for: cli-truncate@5.2.0 want: ^8.0.0
1011 silly placeDep ROOT string-width@8.2.2 OK for: cli-truncate@5.2.0 want: ^8.2.0
1012 silly fetch manifest ansi-styles@^6.2.3
1013 silly packumentCache full:https://registry.npmjs.org/ansi-styles cache-hit
1014 silly fetch manifest is-fullwidth-code-point@^5.1.0
1015 silly packumentCache full:https://registry.npmjs.org/is-fullwidth-code-point cache-miss
1016 silly fetch manifest get-east-asian-width@^1.5.0
1017 silly packumentCache full:https://registry.npmjs.org/get-east-asian-width cache-miss
1018 silly fetch manifest strip-ansi@^7.1.2
1019 silly packumentCache full:https://registry.npmjs.org/strip-ansi cache-hit
1020 http cache https://registry.npmjs.org/get-east-asian-width 6ms (cache hit)
1021 silly packumentCache full:https://registry.npmjs.org/get-east-asian-width set size:20538 disposed:false
1022 http cache https://registry.npmjs.org/is-fullwidth-code-point 7ms (cache hit)
1023 silly packumentCache full:https://registry.npmjs.org/is-fullwidth-code-point set size:14578 disposed:false
1024 silly placeDep ROOT ansi-escapes@7.3.0 OK for: log-update@6.1.0 want: ^7.0.0
1025 silly placeDep ROOT cli-cursor@5.0.0 OK for: log-update@6.1.0 want: ^5.0.0
1026 silly placeDep node_modules/log-update slice-ansi@7.1.2 OK for: log-update@6.1.0 want: ^7.1.0
1027 silly placeDep ROOT strip-ansi@7.2.0 OK for: log-update@6.1.0 want: ^7.1.0
1028 silly placeDep node_modules/log-update wrap-ansi@9.0.2 OK for: log-update@6.1.0 want: ^9.0.0
1029 silly fetch manifest environment@^1.0.0
1030 silly packumentCache full:https://registry.npmjs.org/environment cache-miss
1031 silly fetch manifest restore-cursor@^5.0.0
1032 silly packumentCache full:https://registry.npmjs.org/restore-cursor cache-miss
1033 silly fetch manifest is-fullwidth-code-point@^5.0.0
1034 silly packumentCache full:https://registry.npmjs.org/is-fullwidth-code-point cache-hit
1035 silly fetch manifest ansi-regex@^6.2.2
1036 silly packumentCache full:https://registry.npmjs.org/ansi-regex cache-miss
1037 http cache https://registry.npmjs.org/restore-cursor 5ms (cache hit)
1038 silly packumentCache full:https://registry.npmjs.org/restore-cursor set size:17895 disposed:false
1039 http cache https://registry.npmjs.org/environment 5ms (cache hit)
1040 silly packumentCache full:https://registry.npmjs.org/environment set size:13915 disposed:false
1041 http cache https://registry.npmjs.org/ansi-regex 5ms (cache hit)
1042 silly packumentCache full:https://registry.npmjs.org/ansi-regex set size:48203 disposed:false
1043 silly placeDep ROOT environment@1.1.0 OK for: ansi-escapes@7.3.0 want: ^1.0.0
1044 silly placeDep ROOT restore-cursor@5.1.0 OK for: cli-cursor@5.0.0 want: ^5.0.0
1045 silly fetch manifest onetime@^7.0.0
1046 silly packumentCache full:https://registry.npmjs.org/onetime cache-miss
1047 http cache https://registry.npmjs.org/onetime 20ms (cache hit)
1048 silly packumentCache full:https://registry.npmjs.org/onetime set size:32314 disposed:false
1049 silly placeDep ROOT @jridgewell/sourcemap-codec@1.6.0 OK for: magic-string@0.30.21 want: ^1.5.5
1050 silly placeDep ROOT mime-db@1.54.0 OK for: mime-types@3.0.2 want: ^1.54.0
1051 silly placeDep node_modules/negotiator content-type@2.1.0 OK for: negotiator@1.1.0 want: ^2.1.0
1052 silly placeDep ROOT hosted-git-info@9.0.3 OK for: npm-package-arg@13.0.2 want: ^9.0.0
1053 silly placeDep ROOT proc-log@6.1.0 OK for: npm-package-arg@13.0.2 want: ^6.0.0
1054 silly placeDep ROOT validate-npm-package-name@7.0.2 OK for: npm-package-arg@13.0.2 want: ^7.0.0
1055 silly fetch manifest lru-cache@^11.1.0
1056 silly packumentCache full:https://registry.npmjs.org/lru-cache cache-miss
1057 http cache https://registry.npmjs.org/lru-cache 5ms (cache hit)
1058 silly packumentCache full:https://registry.npmjs.org/lru-cache set size:460407 disposed:false
1059 silly placeDep ROOT lru-cache@11.5.2 OK for: hosted-git-info@9.0.3 want: ^11.1.0
1060 silly placeDep ROOT ee-first@1.1.1 OK for: on-finished@2.4.1 want: 1.1.1
1061 silly placeDep ROOT wrappy@1.0.2 OK for: once@1.4.0 want: 1
1062 silly placeDep ROOT chalk@5.6.2 OK for: ora@9.3.0 want: ^5.6.2
1063 silly placeDep ROOT cli-spinners@3.4.0 OK for: ora@9.3.0 want: ^3.2.0
1064 silly placeDep ROOT is-interactive@2.0.0 OK for: ora@9.3.0 want: ^2.0.0
1065 silly placeDep ROOT is-unicode-supported@2.1.0 OK for: ora@9.3.0 want: ^2.1.0
1066 silly placeDep ROOT log-symbols@7.0.1 OK for: ora@9.3.0 want: ^7.0.1
1067 silly placeDep ROOT stdin-discarder@0.3.2 OK for: ora@9.3.0 want: ^0.3.1
1068 silly fetch manifest yoctocolors@^2.1.1
1069 silly packumentCache full:https://registry.npmjs.org/yoctocolors cache-miss
1070 http cache https://registry.npmjs.org/yoctocolors 3ms (cache hit)
1071 silly packumentCache full:https://registry.npmjs.org/yoctocolors set size:29077 disposed:false
1072 silly placeDep ROOT yoctocolors@2.2.0 OK for: log-symbols@7.0.1 want: ^2.1.1
1073 silly placeDep ROOT @gar/promise-retry@1.0.3 OK for: pacote@21.5.1 want: ^1.0.0
1074 silly placeDep ROOT @npmcli/git@7.0.2 OK for: pacote@21.5.1 want: ^7.0.0
1075 silly placeDep ROOT @npmcli/installed-package-contents@4.0.0 OK for: pacote@21.5.1 want: ^4.0.0
1076 silly placeDep ROOT @npmcli/package-json@7.0.5 OK for: pacote@21.5.1 want: ^7.0.0
1077 silly placeDep ROOT @npmcli/promise-spawn@9.0.1 OK for: pacote@21.5.1 want: ^9.0.0
1078 silly placeDep ROOT @npmcli/run-script@10.0.4 OK for: pacote@21.5.1 want: ^10.0.0
1079 silly placeDep ROOT cacache@20.0.4 OK for: pacote@21.5.1 want: ^20.0.0
1080 silly placeDep ROOT fs-minipass@3.0.3 OK for: pacote@21.5.1 want: ^3.0.0
1081 silly placeDep ROOT minipass@7.1.3 OK for: pacote@21.5.1 want: ^7.0.2
1082 silly placeDep ROOT npm-packlist@10.0.4 OK for: pacote@21.5.1 want: ^10.0.1
1083 silly placeDep ROOT npm-pick-manifest@11.0.3 OK for: pacote@21.5.1 want: ^11.0.1
1084 silly placeDep ROOT npm-registry-fetch@19.1.1 OK for: pacote@21.5.1 want: ^19.0.0
1085 silly placeDep ROOT sigstore@4.1.1 OK for: pacote@21.5.1 want: ^4.0.0
1086 silly placeDep ROOT ssri@13.0.1 OK for: pacote@21.5.1 want: ^13.0.0
1087 silly placeDep ROOT tar@7.5.22 OK for: pacote@21.5.1 want: ^7.4.3
1088 silly fetch manifest which@^6.0.0
1089 silly packumentCache full:https://registry.npmjs.org/which cache-hit
1090 silly fetch manifest npm-bundled@^5.0.0
1091 silly packumentCache full:https://registry.npmjs.org/npm-bundled cache-miss
1092 silly fetch manifest npm-normalize-package-bin@^5.0.0
1093 silly packumentCache full:https://registry.npmjs.org/npm-normalize-package-bin cache-miss
1094 silly fetch manifest glob@^13.0.0
1095 silly packumentCache full:https://registry.npmjs.org/glob cache-miss
1096 silly fetch manifest spdx-expression-parse@^4.0.0
1097 silly packumentCache full:https://registry.npmjs.org/spdx-expression-parse cache-miss
1098 silly fetch manifest json-parse-even-better-errors@^5.0.0
1099 silly packumentCache full:https://registry.npmjs.org/json-parse-even-better-errors cache-miss
1100 silly fetch manifest which@^6.0.0
1101 silly packumentCache full:https://registry.npmjs.org/which cache-hit
1102 silly fetch manifest node-gyp@^12.1.0
1103 silly packumentCache full:https://registry.npmjs.org/node-gyp cache-miss
1104 silly fetch manifest @npmcli/node-gyp@^5.0.0
1105 silly packumentCache full:https://registry.npmjs.org/@npmcli%2fnode-gyp cache-miss
1106 silly fetch manifest glob@^13.0.0
1107 silly packumentCache full:https://registry.npmjs.org/glob cache-miss
1108 silly fetch manifest p-map@^7.0.2
1109 silly packumentCache full:https://registry.npmjs.org/p-map cache-miss
1110 silly fetch manifest minipass@^7.0.3
1111 silly packumentCache full:https://registry.npmjs.org/minipass cache-miss
1112 silly fetch manifest @npmcli/fs@^5.0.0
1113 silly packumentCache full:https://registry.npmjs.org/@npmcli%2ffs cache-miss
1114 silly fetch manifest minipass-flush@^1.0.5
1115 silly packumentCache full:https://registry.npmjs.org/minipass-flush cache-miss
1116 silly fetch manifest minipass-collect@^2.0.1
1117 silly packumentCache full:https://registry.npmjs.org/minipass-collect cache-miss
1118 silly fetch manifest minipass-pipeline@^1.2.4
1119 silly packumentCache full:https://registry.npmjs.org/minipass-pipeline cache-miss
1120 silly fetch manifest minipass@^7.0.3
1121 silly packumentCache full:https://registry.npmjs.org/minipass cache-miss
1122 http cache https://registry.npmjs.org/minipass 12ms (cache hit)
1123 silly packumentCache full:https://registry.npmjs.org/minipass set size:276925 disposed:false
1124 silly fetch manifest ignore-walk@^8.0.0
1125 silly packumentCache full:https://registry.npmjs.org/ignore-walk cache-miss
1126 http cache https://registry.npmjs.org/minipass 13ms (cache hit)
1127 silly packumentCache full:https://registry.npmjs.org/minipass set size:276925 disposed:false
1128 silly packumentCache full:https://registry.npmjs.org/minipass dispose
1129 silly fetch manifest npm-install-checks@^8.0.0
1130 silly packumentCache full:https://registry.npmjs.org/npm-install-checks cache-miss
1131 http fetch GET 200 https://registry.npmjs.org/json-parse-even-better-errors 83ms (cache miss)
1132 silly packumentCache full:https://registry.npmjs.org/json-parse-even-better-errors set size:undefined disposed:false
1133 silly fetch manifest npm-normalize-package-bin@^5.0.0
1134 silly packumentCache full:https://registry.npmjs.org/npm-normalize-package-bin cache-miss
1135 http fetch GET 200 https://registry.npmjs.org/minipass-flush 85ms (cache miss)
1136 silly packumentCache full:https://registry.npmjs.org/minipass-flush set size:undefined disposed:false
1137 silly fetch manifest minizlib@^3.0.1
1138 silly packumentCache full:https://registry.npmjs.org/minizlib cache-miss
1139 http fetch GET 200 https://registry.npmjs.org/p-map 96ms (cache miss)
1140 silly packumentCache full:https://registry.npmjs.org/p-map set size:undefined disposed:false
1141 silly fetch manifest jsonparse@^1.3.1
1142 silly packumentCache full:https://registry.npmjs.org/jsonparse cache-miss
1143 http fetch GET 200 https://registry.npmjs.org/minipass-pipeline 96ms (cache miss)
1144 silly packumentCache full:https://registry.npmjs.org/minipass-pipeline set size:undefined disposed:false
1145 silly fetch manifest @npmcli/redact@^4.0.0
1146 silly packumentCache full:https://registry.npmjs.org/@npmcli%2fredact cache-miss
1147 http fetch GET 200 https://registry.npmjs.org/spdx-expression-parse 120ms (cache miss)
1148 silly packumentCache full:https://registry.npmjs.org/spdx-expression-parse set size:undefined disposed:false
1149 silly fetch manifest minipass-fetch@^5.0.0
1150 silly packumentCache full:https://registry.npmjs.org/minipass-fetch cache-miss
1151 http fetch GET 200 https://registry.npmjs.org/glob 125ms (cache miss)
1152 silly packumentCache full:https://registry.npmjs.org/glob set size:undefined disposed:false
1153 silly fetch manifest make-fetch-happen@^15.0.0
1154 silly packumentCache full:https://registry.npmjs.org/make-fetch-happen cache-miss
1155 http fetch GET 200 https://registry.npmjs.org/glob 133ms (cache miss)
1156 silly packumentCache full:https://registry.npmjs.org/glob set size:undefined disposed:false
1157 silly fetch manifest @sigstore/tuf@^4.0.2
1158 silly packumentCache full:https://registry.npmjs.org/@sigstore%2ftuf cache-miss
1159 http fetch GET 200 https://registry.npmjs.org/minizlib 81ms (cache miss)
1160 silly packumentCache full:https://registry.npmjs.org/minizlib set size:undefined disposed:false
1161 silly fetch manifest @sigstore/core@^3.2.1
1162 silly packumentCache full:https://registry.npmjs.org/@sigstore%2fcore cache-miss
1163 http fetch GET 200 https://registry.npmjs.org/jsonparse 85ms (cache miss)
1164 silly packumentCache full:https://registry.npmjs.org/jsonparse set size:undefined disposed:false
1165 silly fetch manifest @sigstore/sign@^4.1.1
1166 silly packumentCache full:https://registry.npmjs.org/@sigstore%2fsign cache-miss
1167 http fetch GET 200 https://registry.npmjs.org/npm-normalize-package-bin 156ms (cache miss)
1168 silly packumentCache full:https://registry.npmjs.org/npm-normalize-package-bin set size:undefined disposed:false
1169 silly fetch manifest @sigstore/bundle@^4.0.0
1170 silly packumentCache full:https://registry.npmjs.org/@sigstore%2fbundle cache-miss
1171 http fetch GET 200 https://registry.npmjs.org/minipass-collect 237ms (cache miss)
1172 silly packumentCache full:https://registry.npmjs.org/minipass-collect set size:undefined disposed:false
1173 silly fetch manifest @sigstore/verify@^3.1.1
1174 silly packumentCache full:https://registry.npmjs.org/@sigstore%2fverify cache-miss
1175 http fetch GET 200 https://registry.npmjs.org/npm-normalize-package-bin 243ms (cache miss)
1176 silly packumentCache full:https://registry.npmjs.org/npm-normalize-package-bin set size:undefined disposed:false
1177 silly fetch manifest @sigstore/protobuf-specs@^0.5.0
1178 silly packumentCache full:https://registry.npmjs.org/@sigstore%2fprotobuf-specs cache-miss
1179 http fetch GET 200 https://registry.npmjs.org/@npmcli%2ffs 242ms (cache miss)
1180 silly packumentCache full:https://registry.npmjs.org/@npmcli%2ffs set size:undefined disposed:false
1181 silly fetch manifest chownr@^3.0.0
1182 silly packumentCache full:https://registry.npmjs.org/chownr cache-miss
1183 http fetch GET 200 https://registry.npmjs.org/npm-bundled 266ms (cache miss)
1184 silly packumentCache full:https://registry.npmjs.org/npm-bundled set size:undefined disposed:false
1185 silly fetch manifest yallist@^5.0.0
1186 silly packumentCache full:https://registry.npmjs.org/yallist cache-miss
1187 http fetch GET 200 https://registry.npmjs.org/node-gyp 270ms (cache miss)
1188 silly packumentCache full:https://registry.npmjs.org/node-gyp set size:undefined disposed:false
1189 silly fetch manifest minizlib@^3.1.0
1190 silly packumentCache full:https://registry.npmjs.org/minizlib cache-miss
1191 http cache https://registry.npmjs.org/minizlib 3ms (cache hit)
1192 silly packumentCache full:https://registry.npmjs.org/minizlib set size:62862 disposed:false
1193 silly fetch manifest @isaacs/fs-minipass@^4.0.0
1194 silly packumentCache full:https://registry.npmjs.org/@isaacs%2ffs-minipass cache-miss
1195 http fetch GET 200 https://registry.npmjs.org/npm-install-checks 263ms (cache miss)
1196 silly packumentCache full:https://registry.npmjs.org/npm-install-checks set size:undefined disposed:false
1197 http fetch GET 200 https://registry.npmjs.org/ignore-walk 276ms (cache miss)
1198 silly packumentCache full:https://registry.npmjs.org/ignore-walk set size:undefined disposed:false
1199 http fetch GET 200 https://registry.npmjs.org/chownr 78ms (cache miss)
1200 silly packumentCache full:https://registry.npmjs.org/chownr set size:undefined disposed:false
1201 http fetch GET 200 https://registry.npmjs.org/yallist 81ms (cache miss)
1202 silly packumentCache full:https://registry.npmjs.org/yallist set size:undefined disposed:false
1203 http fetch GET 200 https://registry.npmjs.org/make-fetch-happen 284ms (cache miss)
1204 silly packumentCache full:https://registry.npmjs.org/make-fetch-happen set size:undefined disposed:false
1205 http fetch GET 200 https://registry.npmjs.org/minipass-fetch 299ms (cache miss)
1206 silly packumentCache full:https://registry.npmjs.org/minipass-fetch set size:undefined disposed:false
1207 http fetch GET 200 https://registry.npmjs.org/@npmcli%2fnode-gyp 548ms (cache miss)
1208 silly packumentCache full:https://registry.npmjs.org/@npmcli%2fnode-gyp set size:undefined disposed:false
1209 http fetch GET 200 https://registry.npmjs.org/@sigstore%2fcore 414ms (cache miss)
1210 silly packumentCache full:https://registry.npmjs.org/@sigstore%2fcore set size:undefined disposed:false
1211 http fetch GET 200 https://registry.npmjs.org/@sigstore%2fsign 416ms (cache miss)
1212 silly packumentCache full:https://registry.npmjs.org/@sigstore%2fsign set size:undefined disposed:false
1213 http fetch GET 200 https://registry.npmjs.org/@sigstore%2fverify 403ms (cache miss)
1214 silly packumentCache full:https://registry.npmjs.org/@sigstore%2fverify set size:undefined disposed:false
1215 http fetch GET 200 https://registry.npmjs.org/@isaacs%2ffs-minipass 397ms (cache miss)
1216 silly packumentCache full:https://registry.npmjs.org/@isaacs%2ffs-minipass set size:undefined disposed:false
1217 http fetch GET 200 https://registry.npmjs.org/@npmcli%2fredact 618ms (cache miss)
1218 silly packumentCache full:https://registry.npmjs.org/@npmcli%2fredact set size:undefined disposed:false
1219 http fetch GET 200 https://registry.npmjs.org/@sigstore%2ftuf 617ms (cache miss)
1220 silly packumentCache full:https://registry.npmjs.org/@sigstore%2ftuf set size:undefined disposed:false
1221 http fetch GET 200 https://registry.npmjs.org/@sigstore%2fbundle 541ms (cache miss)
1222 silly packumentCache full:https://registry.npmjs.org/@sigstore%2fbundle set size:undefined disposed:false
1223 http fetch GET 200 https://registry.npmjs.org/@sigstore%2fprotobuf-specs 542ms (cache miss)
1224 silly packumentCache full:https://registry.npmjs.org/@sigstore%2fprotobuf-specs set size:undefined disposed:false
1225 silly placeDep node_modules/@npmcli/git which@6.0.1 OK for: @npmcli/git@7.0.2 want: ^6.0.0
1226 silly fetch manifest isexe@^4.0.0
1227 silly packumentCache full:https://registry.npmjs.org/isexe cache-hit
1228 silly placeDep ROOT npm-bundled@5.0.0 OK for: @npmcli/installed-package-contents@4.0.0 want: ^5.0.0
1229 silly placeDep ROOT npm-normalize-package-bin@5.0.0 OK for: @npmcli/installed-package-contents@4.0.0 want: ^5.0.0
1230 silly placeDep ROOT glob@13.0.6 OK for: @npmcli/package-json@7.0.5 want: ^13.0.0
1231 silly placeDep ROOT json-parse-even-better-errors@5.0.0 OK for: @npmcli/package-json@7.0.5 want: ^5.0.0
1232 silly placeDep ROOT spdx-expression-parse@4.0.0 OK for: @npmcli/package-json@7.0.5 want: ^4.0.0
1233 silly fetch manifest minimatch@^10.2.2
1234 silly packumentCache full:https://registry.npmjs.org/minimatch cache-miss
1235 silly fetch manifest path-scurry@^2.0.2
1236 silly packumentCache full:https://registry.npmjs.org/path-scurry cache-miss
1237 silly fetch manifest spdx-exceptions@^2.1.0
1238 silly packumentCache full:https://registry.npmjs.org/spdx-exceptions cache-miss
1239 silly fetch manifest spdx-license-ids@^3.0.0
1240 silly packumentCache full:https://registry.npmjs.org/spdx-license-ids cache-miss
1241 http fetch GET 200 https://registry.npmjs.org/path-scurry 105ms (cache miss)
1242 silly packumentCache full:https://registry.npmjs.org/path-scurry set size:undefined disposed:false
1243 http fetch GET 200 https://registry.npmjs.org/minimatch 110ms (cache miss)
1244 silly packumentCache full:https://registry.npmjs.org/minimatch set size:undefined disposed:false
1245 http fetch GET 200 https://registry.npmjs.org/spdx-exceptions 235ms (cache miss)
1246 silly packumentCache full:https://registry.npmjs.org/spdx-exceptions set size:undefined disposed:false
1247 http fetch GET 200 https://registry.npmjs.org/spdx-license-ids 266ms (cache miss)
1248 silly packumentCache full:https://registry.npmjs.org/spdx-license-ids set size:undefined disposed:false
1249 silly placeDep node_modules/@npmcli/promise-spawn which@6.0.1 OK for: @npmcli/promise-spawn@9.0.1 want: ^6.0.0
1250 silly placeDep ROOT @npmcli/node-gyp@5.0.0 OK for: @npmcli/run-script@10.0.4 want: ^5.0.0
1251 silly placeDep ROOT node-gyp@12.4.0 OK for: @npmcli/run-script@10.0.4 want: ^12.1.0
1252 silly fetch manifest nopt@^9.0.0
1253 silly packumentCache full:https://registry.npmjs.org/nopt cache-miss
1254 silly fetch manifest undici@^6.25.0
1255 silly packumentCache full:https://registry.npmjs.org/undici cache-miss
1256 silly fetch manifest env-paths@^2.2.0
1257 silly packumentCache full:https://registry.npmjs.org/env-paths cache-miss
1258 silly fetch manifest tinyglobby@^0.2.12
1259 silly packumentCache full:https://registry.npmjs.org/tinyglobby cache-miss
1260 silly fetch manifest graceful-fs@^4.2.6
1261 silly packumentCache full:https://registry.npmjs.org/graceful-fs cache-miss
1262 silly fetch manifest exponential-backoff@^3.1.1
1263 silly packumentCache full:https://registry.npmjs.org/exponential-backoff cache-miss
1264 http fetch GET 200 https://registry.npmjs.org/env-paths 83ms (cache miss)
1265 silly packumentCache full:https://registry.npmjs.org/env-paths set size:undefined disposed:false
1266 http fetch GET 200 https://registry.npmjs.org/tinyglobby 87ms (cache miss)
1267 silly packumentCache full:https://registry.npmjs.org/tinyglobby set size:undefined disposed:false
1268 http fetch GET 200 https://registry.npmjs.org/exponential-backoff 87ms (cache miss)
1269 silly packumentCache full:https://registry.npmjs.org/exponential-backoff set size:undefined disposed:false
1270 http fetch GET 200 https://registry.npmjs.org/nopt 91ms (cache miss)
1271 silly packumentCache full:https://registry.npmjs.org/nopt set size:undefined disposed:false
1272 http fetch GET 200 https://registry.npmjs.org/undici 166ms (cache miss)
1273 silly packumentCache full:https://registry.npmjs.org/undici set size:undefined disposed:false
1274 http fetch GET 200 https://registry.npmjs.org/graceful-fs 250ms (cache miss)
1275 silly packumentCache full:https://registry.npmjs.org/graceful-fs set size:undefined disposed:false
1276 silly placeDep ROOT @npmcli/fs@5.0.0 OK for: cacache@20.0.4 want: ^5.0.0
1277 silly placeDep ROOT minipass-collect@2.0.1 OK for: cacache@20.0.4 want: ^2.0.1
1278 silly placeDep ROOT minipass-flush@1.0.7 OK for: cacache@20.0.4 want: ^1.0.5
1279 silly placeDep ROOT minipass-pipeline@1.2.4 OK for: cacache@20.0.4 want: ^1.2.4
1280 silly placeDep ROOT p-map@7.0.7 OK for: cacache@20.0.4 want: ^7.0.2
1281 silly fetch manifest minipass@^3.0.0
1282 silly packumentCache full:https://registry.npmjs.org/minipass cache-hit
1283 silly fetch manifest minipass@^3.0.0
1284 silly packumentCache full:https://registry.npmjs.org/minipass cache-hit
1285 silly placeDep ROOT minimatch@10.2.6 OK for: glob@13.0.6 want: ^10.2.2
1286 silly placeDep ROOT path-scurry@2.0.2 OK for: glob@13.0.6 want: ^2.0.2
1287 silly fetch manifest brace-expansion@^5.0.8
1288 silly packumentCache full:https://registry.npmjs.org/brace-expansion cache-miss
1289 http fetch GET 200 https://registry.npmjs.org/brace-expansion 83ms (cache miss)
1290 silly packumentCache full:https://registry.npmjs.org/brace-expansion set size:undefined disposed:false
1291 silly placeDep ROOT brace-expansion@5.0.9 OK for: minimatch@10.2.6 want: ^5.0.8
1292 silly fetch manifest balanced-match@^4.0.2
1293 silly packumentCache full:https://registry.npmjs.org/balanced-match cache-miss
1294 http fetch GET 200 https://registry.npmjs.org/balanced-match 79ms (cache miss)
1295 silly packumentCache full:https://registry.npmjs.org/balanced-match set size:undefined disposed:false
1296 silly placeDep ROOT balanced-match@4.0.4 OK for: brace-expansion@5.0.9 want: ^4.0.2
1297 silly placeDep node_modules/minipass-flush minipass@3.3.6 OK for: minipass-flush@1.0.7 want: ^3.0.0
1298 silly fetch manifest yallist@^4.0.0
1299 silly packumentCache full:https://registry.npmjs.org/yallist cache-miss
1300 http cache https://registry.npmjs.org/yallist 23ms (cache hit)
1301 silly packumentCache full:https://registry.npmjs.org/yallist set size:34610 disposed:false
1302 silly placeDep node_modules/minipass-pipeline minipass@3.3.6 OK for: minipass-pipeline@1.2.4 want: ^3.0.0
1303 silly placeDep ROOT env-paths@2.2.1 OK for: node-gyp@12.4.0 want: ^2.2.0
1304 silly placeDep ROOT exponential-backoff@3.1.3 OK for: node-gyp@12.4.0 want: ^3.1.1
1305 silly placeDep ROOT graceful-fs@4.2.11 OK for: node-gyp@12.4.0 want: ^4.2.6
1306 silly placeDep ROOT nopt@9.0.0 OK for: node-gyp@12.4.0 want: ^9.0.0
1307 silly placeDep ROOT tinyglobby@0.2.17 OK for: node-gyp@12.4.0 want: ^0.2.12
1308 silly placeDep ROOT undici@6.28.0 OK for: node-gyp@12.4.0 want: ^6.25.0
1309 silly placeDep node_modules/node-gyp which@6.0.1 OK for: node-gyp@12.4.0 want: ^6.0.0
1310 silly fetch manifest abbrev@^4.0.0
1311 silly packumentCache full:https://registry.npmjs.org/abbrev cache-miss
1312 silly fetch manifest fdir@^6.5.0
1313 silly packumentCache full:https://registry.npmjs.org/fdir cache-miss
1314 http fetch GET 200 https://registry.npmjs.org/fdir 87ms (cache miss)
1315 silly packumentCache full:https://registry.npmjs.org/fdir set size:undefined disposed:false
1316 http fetch GET 200 https://registry.npmjs.org/abbrev 88ms (cache miss)
1317 silly packumentCache full:https://registry.npmjs.org/abbrev set size:undefined disposed:false
1318 silly placeDep ROOT abbrev@4.0.0 OK for: nopt@9.0.0 want: ^4.0.0
1319 silly placeDep ROOT ignore-walk@8.0.0 OK for: npm-packlist@10.0.4 want: ^8.0.0
1320 silly placeDep ROOT npm-install-checks@8.0.0 OK for: npm-pick-manifest@11.0.3 want: ^8.0.0
1321 silly placeDep ROOT @npmcli/redact@4.0.0 OK for: npm-registry-fetch@19.1.1 want: ^4.0.0
1322 silly placeDep ROOT jsonparse@1.3.1 OK for: npm-registry-fetch@19.1.1 want: ^1.3.1
1323 silly placeDep ROOT make-fetch-happen@15.0.6 OK for: npm-registry-fetch@19.1.1 want: ^15.0.0
1324 silly placeDep ROOT minipass-fetch@5.0.2 OK for: npm-registry-fetch@19.1.1 want: ^5.0.0
1325 silly placeDep ROOT minizlib@3.1.0 OK for: npm-registry-fetch@19.1.1 want: ^3.0.1
1326 silly fetch manifest @npmcli/agent@^4.0.0
1327 silly packumentCache full:https://registry.npmjs.org/@npmcli%2fagent cache-miss
1328 silly fetch manifest http-cache-semantics@^4.1.1
1329 silly packumentCache full:https://registry.npmjs.org/http-cache-semantics cache-miss
1330 silly fetch manifest minipass-sized@^2.0.0
1331 silly packumentCache full:https://registry.npmjs.org/minipass-sized cache-miss
1332 http fetch GET 200 https://registry.npmjs.org/minipass-sized 83ms (cache miss)
1333 silly packumentCache full:https://registry.npmjs.org/minipass-sized set size:undefined disposed:false
1334 http fetch GET 200 https://registry.npmjs.org/http-cache-semantics 269ms (cache miss)
1335 silly packumentCache full:https://registry.npmjs.org/http-cache-semantics set size:undefined disposed:false
1336 http fetch GET 200 https://registry.npmjs.org/@npmcli%2fagent 389ms (cache miss)
1337 silly packumentCache full:https://registry.npmjs.org/@npmcli%2fagent set size:undefined disposed:false
1338 silly placeDep ROOT @npmcli/agent@4.0.2 OK for: make-fetch-happen@15.0.6 want: ^4.0.0
1339 silly placeDep ROOT http-cache-semantics@4.2.0 OK for: make-fetch-happen@15.0.6 want: ^4.1.1
1340 silly fetch manifest agent-base@^7.1.0
1341 silly packumentCache full:https://registry.npmjs.org/agent-base cache-miss
1342 silly fetch manifest http-proxy-agent@^7.0.0
1343 silly packumentCache full:https://registry.npmjs.org/http-proxy-agent cache-miss
1344 silly fetch manifest https-proxy-agent@^7.0.1
1345 silly packumentCache full:https://registry.npmjs.org/https-proxy-agent cache-miss
1346 silly fetch manifest socks-proxy-agent@^8.0.3
1347 silly packumentCache full:https://registry.npmjs.org/socks-proxy-agent cache-miss
1348 http fetch GET 200 https://registry.npmjs.org/agent-base 83ms (cache miss)
1349 silly packumentCache full:https://registry.npmjs.org/agent-base set size:undefined disposed:false
1350 http fetch GET 200 https://registry.npmjs.org/socks-proxy-agent 85ms (cache miss)
1351 silly packumentCache full:https://registry.npmjs.org/socks-proxy-agent set size:undefined disposed:false
1352 http fetch GET 200 https://registry.npmjs.org/http-proxy-agent 90ms (cache miss)
1353 silly packumentCache full:https://registry.npmjs.org/http-proxy-agent set size:undefined disposed:false
1354 http fetch GET 200 https://registry.npmjs.org/https-proxy-agent 91ms (cache miss)
1355 silly packumentCache full:https://registry.npmjs.org/https-proxy-agent set size:undefined disposed:false
1356 silly placeDep ROOT agent-base@7.1.4 OK for: @npmcli/agent@4.0.2 want: ^7.1.0
1357 silly placeDep ROOT http-proxy-agent@7.0.2 OK for: @npmcli/agent@4.0.2 want: ^7.0.0
1358 silly placeDep ROOT https-proxy-agent@7.0.6 OK for: @npmcli/agent@4.0.2 want: ^7.0.1
1359 silly placeDep ROOT socks-proxy-agent@8.0.5 OK for: @npmcli/agent@4.0.2 want: ^8.0.3
1360 silly fetch manifest socks@^2.8.3
1361 silly packumentCache full:https://registry.npmjs.org/socks cache-miss
1362 http fetch GET 200 https://registry.npmjs.org/socks 90ms (cache miss)
1363 silly packumentCache full:https://registry.npmjs.org/socks set size:undefined disposed:false
1364 silly placeDep ROOT minipass-sized@2.0.0 OK for: minipass-fetch@5.0.2 want: ^2.0.0
1365 silly placeDep ROOT entities@6.0.1 OK for: parse5-html-rewriting-stream@8.0.0 want: ^6.0.0
1366 silly placeDep ROOT parse5@8.0.1 OK for: parse5-html-rewriting-stream@8.0.0 want: ^8.0.0
1367 silly placeDep ROOT parse5-sax-parser@8.0.0 OK for: parse5-html-rewriting-stream@8.0.0 want: ^8.0.0
1368 silly fetch manifest entities@^8.0.0
1369 silly packumentCache full:https://registry.npmjs.org/entities cache-hit
1370 silly placeDep node_modules/parse5 entities@8.0.0 OK for: parse5@8.0.1 want: ^8.0.0
1371 silly placeDep ROOT forwarded@0.2.0 OK for: proxy-addr@2.0.7 want: 0.2.0
1372 silly placeDep ROOT ipaddr.js@1.9.1 OK for: proxy-addr@2.0.7 want: 1.9.1
1373 silly placeDep ROOT es-define-property@1.0.1 OK for: qs@6.16.0 want: ^1.0.1
1374 silly placeDep ROOT side-channel@1.1.1 OK for: qs@6.16.0 want: ^1.1.1
1375 silly fetch manifest es-errors@^1.3.0
1376 silly packumentCache full:https://registry.npmjs.org/es-errors cache-miss
1377 silly fetch manifest object-inspect@^1.13.4
1378 silly packumentCache full:https://registry.npmjs.org/object-inspect cache-miss
1379 silly fetch manifest side-channel-list@^1.0.1
1380 silly packumentCache full:https://registry.npmjs.org/side-channel-list cache-miss
1381 silly fetch manifest side-channel-map@^1.0.1
1382 silly packumentCache full:https://registry.npmjs.org/side-channel-map cache-miss
1383 silly fetch manifest side-channel-weakmap@^1.0.2
1384 silly packumentCache full:https://registry.npmjs.org/side-channel-weakmap cache-miss
1385 http cache https://registry.npmjs.org/es-errors 7ms (cache hit)
1386 silly packumentCache full:https://registry.npmjs.org/es-errors set size:16918 disposed:false
1387 http cache https://registry.npmjs.org/object-inspect 7ms (cache hit)
1388 silly packumentCache full:https://registry.npmjs.org/object-inspect set size:101927 disposed:false
1389 http cache https://registry.npmjs.org/side-channel-list 8ms (cache hit)
1390 silly packumentCache full:https://registry.npmjs.org/side-channel-list set size:9021 disposed:false
1391 http cache https://registry.npmjs.org/side-channel-map 9ms (cache hit)
1392 silly packumentCache full:https://registry.npmjs.org/side-channel-map set size:9126 disposed:false
1393 http cache https://registry.npmjs.org/side-channel-weakmap 9ms (cache hit)
1394 silly packumentCache full:https://registry.npmjs.org/side-channel-weakmap set size:12620 disposed:false
1395 silly placeDep ROOT unpipe@1.0.0 OK for: raw-body@3.0.2 want: ~1.0.0
1396 silly placeDep ROOT onetime@7.0.0 OK for: restore-cursor@5.1.0 want: ^7.0.0
1397 silly fetch manifest mimic-function@^5.0.0
1398 silly packumentCache full:https://registry.npmjs.org/mimic-function cache-miss
1399 http cache https://registry.npmjs.org/mimic-function 3ms (cache hit)
1400 silly packumentCache full:https://registry.npmjs.org/mimic-function set size:6356 disposed:false
1401 silly placeDep ROOT mimic-function@5.0.1 OK for: onetime@7.0.0 want: ^5.0.0
1402 silly placeDep ROOT is-promise@4.0.0 OK for: router@2.2.0 want: ^4.0.0
1403 silly placeDep ROOT path-to-regexp@8.4.2 OK for: router@2.2.0 want: ^8.0.0
1404 silly placeDep ROOT tslib@2.8.1 OK for: rxjs@7.8.2 want: ^2.1.0
1405 silly placeDep ROOT shebang-regex@3.0.0 OK for: shebang-command@2.0.0 want: ^3.0.0
1406 silly placeDep ROOT es-errors@1.3.0 OK for: side-channel@1.1.1 want: ^1.3.0
1407 silly placeDep ROOT object-inspect@1.13.4 OK for: side-channel@1.1.1 want: ^1.13.4
1408 silly placeDep ROOT side-channel-list@1.0.1 OK for: side-channel@1.1.1 want: ^1.0.1
1409 silly placeDep ROOT side-channel-map@1.0.1 OK for: side-channel@1.1.1 want: ^1.0.1
1410 silly placeDep ROOT side-channel-weakmap@1.0.2 OK for: side-channel@1.1.1 want: ^1.0.2
1411 silly fetch manifest call-bound@^1.0.2
1412 silly packumentCache full:https://registry.npmjs.org/call-bound cache-miss
1413 silly fetch manifest get-intrinsic@^1.2.5
1414 silly packumentCache full:https://registry.npmjs.org/get-intrinsic cache-miss
1415 silly fetch manifest call-bound@^1.0.2
1416 silly packumentCache full:https://registry.npmjs.org/call-bound cache-miss
1417 silly fetch manifest get-intrinsic@^1.2.5
1418 silly packumentCache full:https://registry.npmjs.org/get-intrinsic cache-miss
1419 http cache https://registry.npmjs.org/get-intrinsic 5ms (cache hit)
1420 silly packumentCache full:https://registry.npmjs.org/get-intrinsic set size:60985 disposed:false
1421 http cache https://registry.npmjs.org/call-bound 6ms (cache hit)
1422 silly packumentCache full:https://registry.npmjs.org/call-bound set size:15317 disposed:false
1423 http cache https://registry.npmjs.org/get-intrinsic 6ms (cache hit)
1424 silly packumentCache full:https://registry.npmjs.org/get-intrinsic set size:60985 disposed:false
1425 silly packumentCache full:https://registry.npmjs.org/get-intrinsic dispose
1426 http cache https://registry.npmjs.org/call-bound 7ms (cache hit)
1427 silly packumentCache full:https://registry.npmjs.org/call-bound set size:15317 disposed:false
1428 silly packumentCache full:https://registry.npmjs.org/call-bound dispose
1429 silly placeDep ROOT call-bound@1.0.4 OK for: side-channel-map@1.0.1 want: ^1.0.2
1430 silly placeDep ROOT get-intrinsic@1.3.0 OK for: side-channel-map@1.0.1 want: ^1.2.5
1431 silly fetch manifest call-bind-apply-helpers@^1.0.2
1432 silly packumentCache full:https://registry.npmjs.org/call-bind-apply-helpers cache-miss
1433 silly fetch manifest get-intrinsic@^1.3.0
1434 silly packumentCache full:https://registry.npmjs.org/get-intrinsic cache-hit
1435 silly fetch manifest gopd@^1.2.0
1436 silly packumentCache full:https://registry.npmjs.org/gopd cache-miss
1437 silly fetch manifest hasown@^2.0.2
1438 silly packumentCache full:https://registry.npmjs.org/hasown cache-miss
1439 silly fetch manifest get-proto@^1.0.1
1440 silly packumentCache full:https://registry.npmjs.org/get-proto cache-miss
1441 silly fetch manifest has-symbols@^1.1.0
1442 silly packumentCache full:https://registry.npmjs.org/has-symbols cache-miss
1443 silly fetch manifest function-bind@^1.1.2
1444 silly packumentCache full:https://registry.npmjs.org/function-bind cache-miss
1445 silly fetch manifest es-object-atoms@^1.1.1
1446 silly packumentCache full:https://registry.npmjs.org/es-object-atoms cache-miss
1447 silly fetch manifest math-intrinsics@^1.1.0
1448 silly packumentCache full:https://registry.npmjs.org/math-intrinsics cache-miss
1449 silly fetch manifest call-bind-apply-helpers@^1.0.2
1450 silly packumentCache full:https://registry.npmjs.org/call-bind-apply-helpers cache-miss
1451 http cache https://registry.npmjs.org/call-bind-apply-helpers 10ms (cache hit)
1452 silly packumentCache full:https://registry.npmjs.org/call-bind-apply-helpers set size:12744 disposed:false
1453 http cache https://registry.npmjs.org/hasown 10ms (cache hit)
1454 silly packumentCache full:https://registry.npmjs.org/hasown set size:18361 disposed:false
1455 http cache https://registry.npmjs.org/gopd 11ms (cache hit)
1456 silly packumentCache full:https://registry.npmjs.org/gopd set size:11483 disposed:false
1457 http cache https://registry.npmjs.org/function-bind 11ms (cache hit)
1458 silly packumentCache full:https://registry.npmjs.org/function-bind set size:15733 disposed:false
1459 http cache https://registry.npmjs.org/has-symbols 12ms (cache hit)
1460 silly packumentCache full:https://registry.npmjs.org/has-symbols set size:21550 disposed:false
1461 http cache https://registry.npmjs.org/call-bind-apply-helpers 12ms (cache hit)
1462 silly packumentCache full:https://registry.npmjs.org/call-bind-apply-helpers set size:12744 disposed:false
1463 silly packumentCache full:https://registry.npmjs.org/call-bind-apply-helpers dispose
1464 http cache https://registry.npmjs.org/get-proto 13ms (cache hit)
1465 silly packumentCache full:https://registry.npmjs.org/get-proto set size:8300 disposed:false
1466 http cache https://registry.npmjs.org/es-object-atoms 12ms (cache hit)
1467 silly packumentCache full:https://registry.npmjs.org/es-object-atoms set size:18278 disposed:false
1468 http cache https://registry.npmjs.org/math-intrinsics 13ms (cache hit)
1469 silly packumentCache full:https://registry.npmjs.org/math-intrinsics set size:9265 disposed:false
1470 silly placeDep ROOT call-bind-apply-helpers@1.0.2 OK for: call-bound@1.0.4 want: ^1.0.2
1471 silly placeDep ROOT function-bind@1.1.2 OK for: call-bind-apply-helpers@1.0.2 want: ^1.1.2
1472 silly placeDep ROOT es-object-atoms@1.1.2 OK for: get-intrinsic@1.3.0 want: ^1.1.1
1473 silly placeDep ROOT get-proto@1.0.1 OK for: get-intrinsic@1.3.0 want: ^1.0.1
1474 silly placeDep ROOT gopd@1.2.0 OK for: get-intrinsic@1.3.0 want: ^1.2.0
1475 silly placeDep ROOT has-symbols@1.1.0 OK for: get-intrinsic@1.3.0 want: ^1.1.0
1476 silly placeDep ROOT hasown@2.0.4 OK for: get-intrinsic@1.3.0 want: ^2.0.2
1477 silly placeDep ROOT math-intrinsics@1.1.0 OK for: get-intrinsic@1.3.0 want: ^1.1.0
1478 silly fetch manifest dunder-proto@^1.0.1
1479 silly packumentCache full:https://registry.npmjs.org/dunder-proto cache-miss
1480 http cache https://registry.npmjs.org/dunder-proto 3ms (cache hit)
1481 silly packumentCache full:https://registry.npmjs.org/dunder-proto set size:8256 disposed:false
1482 silly placeDep ROOT dunder-proto@1.0.1 OK for: get-proto@1.0.1 want: ^1.0.1
1483 silly placeDep ROOT @sigstore/bundle@4.0.0 OK for: sigstore@4.1.1 want: ^4.0.0
1484 silly placeDep ROOT @sigstore/core@3.2.1 OK for: sigstore@4.1.1 want: ^3.2.1
1485 silly placeDep ROOT @sigstore/protobuf-specs@0.5.2 OK for: sigstore@4.1.1 want: ^0.5.0
1486 silly placeDep ROOT @sigstore/sign@4.1.1 OK for: sigstore@4.1.1 want: ^4.1.1
1487 silly placeDep ROOT @sigstore/tuf@4.0.2 OK for: sigstore@4.1.1 want: ^4.0.2
1488 silly placeDep ROOT @sigstore/verify@3.1.1 OK for: sigstore@4.1.1 want: ^3.1.1
1489 silly fetch manifest tuf-js@^4.1.0
1490 silly packumentCache full:https://registry.npmjs.org/tuf-js cache-miss
1491 http fetch GET 200 https://registry.npmjs.org/tuf-js 236ms (cache miss)
1492 silly packumentCache full:https://registry.npmjs.org/tuf-js set size:undefined disposed:false
1493 silly placeDep ROOT tuf-js@4.1.0 OK for: @sigstore/tuf@4.0.2 want: ^4.1.0
1494 silly fetch manifest @tufjs/models@4.1.0
1495 silly packumentCache full:https://registry.npmjs.org/@tufjs%2fmodels cache-miss
1496 http fetch GET 200 https://registry.npmjs.org/@tufjs%2fmodels 576ms (cache miss)
1497 silly packumentCache full:https://registry.npmjs.org/@tufjs%2fmodels set size:undefined disposed:false
1498 silly placeDep ROOT ansi-styles@6.2.3 OK for: slice-ansi@8.0.0 want: ^6.2.3
1499 silly placeDep ROOT is-fullwidth-code-point@5.1.0 OK for: slice-ansi@8.0.0 want: ^5.1.0
1500 silly fetch manifest get-east-asian-width@^1.3.1
1501 silly packumentCache full:https://registry.npmjs.org/get-east-asian-width cache-hit
1502 silly placeDep ROOT get-east-asian-width@1.6.0 OK for: is-fullwidth-code-point@5.1.0 want: ^1.3.1
1503 silly placeDep ROOT socks@2.8.9 OK for: socks-proxy-agent@8.0.5 want: ^2.8.3
1504 silly fetch manifest smart-buffer@^4.2.0
1505 silly packumentCache full:https://registry.npmjs.org/smart-buffer cache-miss
1506 http fetch GET 200 https://registry.npmjs.org/smart-buffer 88ms (cache miss)
1507 silly packumentCache full:https://registry.npmjs.org/smart-buffer set size:undefined disposed:false
1508 silly placeDep ROOT smart-buffer@4.2.0 OK for: socks@2.8.9 want: ^4.2.0
1509 silly placeDep ROOT spdx-exceptions@2.5.0 OK for: spdx-expression-parse@4.0.0 want: ^2.1.0
1510 silly placeDep ROOT spdx-license-ids@3.0.23 OK for: spdx-expression-parse@4.0.0 want: ^3.0.0
1511 silly placeDep ROOT ansi-regex@6.3.0 OK for: strip-ansi@7.2.0 want: ^6.2.2
1512 silly placeDep ROOT @isaacs/fs-minipass@4.0.1 OK for: tar@7.5.22 want: ^4.0.0
1513 silly placeDep ROOT chownr@3.0.0 OK for: tar@7.5.22 want: ^3.0.0
1514 silly placeDep ROOT yallist@5.0.0 OK for: tar@7.5.22 want: ^5.0.0
1515 silly fetch manifest picomatch@^4.0.4
1516 silly packumentCache full:https://registry.npmjs.org/picomatch cache-hit
1517 silly placeDep ROOT fdir@6.5.0 OK for: tinyglobby@0.2.17 want: ^6.5.0
1518 silly placeDep ROOT @tufjs/models@4.1.0 OK for: tuf-js@4.1.0 want: 4.1.0
1519 silly fetch manifest @tufjs/canonical-json@2.0.0
1520 silly packumentCache full:https://registry.npmjs.org/@tufjs%2fcanonical-json cache-miss
1521 http fetch GET 200 https://registry.npmjs.org/@tufjs%2fcanonical-json 562ms (cache miss)
1522 silly packumentCache full:https://registry.npmjs.org/@tufjs%2fcanonical-json set size:undefined disposed:false
1523 silly placeDep ROOT @tufjs/canonical-json@2.0.0 OK for: @tufjs/models@4.1.0 want: 2.0.0
1524 silly placeDep node_modules/type-is content-type@2.1.0 OK for: type-is@2.1.0 want: ^2.0.0
1525 silly placeDep ROOT media-typer@1.1.1 OK for: type-is@2.1.0 want: ^1.1.0
1526 silly placeDep ROOT isexe@2.0.0 OK for: which@2.0.2 want: ^2.0.0
1527 silly placeDep node_modules/wrap-ansi ansi-styles@4.3.0 OK for: wrap-ansi@6.2.0 want: ^4.0.0
1528 silly placeDep node_modules/wrap-ansi string-width@4.2.3 OK for: wrap-ansi@6.2.0 want: ^4.1.0
1529 silly placeDep node_modules/wrap-ansi strip-ansi@6.0.1 OK for: wrap-ansi@6.2.0 want: ^6.0.0
1530 silly fetch manifest color-convert@^2.0.1
1531 silly packumentCache full:https://registry.npmjs.org/color-convert cache-miss
1532 silly fetch manifest strip-ansi@^6.0.1
1533 silly packumentCache full:https://registry.npmjs.org/strip-ansi cache-hit
1534 silly fetch manifest emoji-regex@^8.0.0
1535 silly packumentCache full:https://registry.npmjs.org/emoji-regex cache-miss
1536 silly fetch manifest is-fullwidth-code-point@^3.0.0
1537 silly packumentCache full:https://registry.npmjs.org/is-fullwidth-code-point cache-hit
1538 silly fetch manifest ansi-regex@^5.0.1
1539 silly packumentCache full:https://registry.npmjs.org/ansi-regex cache-hit
1540 http cache https://registry.npmjs.org/emoji-regex 5ms (cache hit)
1541 silly packumentCache full:https://registry.npmjs.org/emoji-regex set size:89064 disposed:false
1542 http fetch GET 200 https://registry.npmjs.org/color-convert 86ms (cache miss)
1543 silly packumentCache full:https://registry.npmjs.org/color-convert set size:undefined disposed:false
1544 silly placeDep ROOT cliui@9.0.1 OK for: yargs@18.0.0 want: ^9.0.1
1545 silly placeDep ROOT escalade@3.2.0 OK for: yargs@18.0.0 want: ^3.1.1
1546 silly placeDep ROOT get-caller-file@2.0.5 OK for: yargs@18.0.0 want: ^2.0.5
1547 silly placeDep node_modules/yargs string-width@7.2.0 OK for: yargs@18.0.0 want: ^7.2.0
1548 silly placeDep ROOT y18n@5.0.8 OK for: yargs@18.0.0 want: ^5.0.5
1549 silly placeDep ROOT yargs-parser@22.0.0 OK for: yargs@18.0.0 want: ^22.0.0
1550 silly fetch manifest emoji-regex@^10.3.0
1551 silly packumentCache full:https://registry.npmjs.org/emoji-regex cache-hit
1552 silly placeDep node_modules/cliui string-width@7.2.0 OK for: cliui@9.0.1 want: ^7.2.0
1553 silly placeDep node_modules/cliui wrap-ansi@9.0.2 OK for: cliui@9.0.1 want: ^9.0.0
1554 silly placeDep node_modules/@npmcli/git isexe@4.0.0 OK for: which@6.0.1 want: ^4.0.0
1555 silly placeDep node_modules/@npmcli/promise-spawn isexe@4.0.0 OK for: which@6.0.1 want: ^4.0.0
1556 silly placeDep ROOT emoji-regex@10.6.0 OK for: string-width@7.2.0 want: ^10.3.0
1557 silly placeDep node_modules/listr2 string-width@7.2.0 OK for: wrap-ansi@9.0.2 want: ^7.0.0
1558 silly placeDep node_modules/log-update string-width@7.2.0 OK for: wrap-ansi@9.0.2 want: ^7.0.0
1559 silly placeDep node_modules/minipass-flush yallist@4.0.0 OK for: minipass@3.3.6 want: ^4.0.0
1560 silly placeDep node_modules/minipass-pipeline yallist@4.0.0 OK for: minipass@3.3.6 want: ^4.0.0
1561 silly placeDep node_modules/node-gyp isexe@4.0.0 OK for: which@6.0.1 want: ^4.0.0
1562 silly placeDep ROOT color-convert@2.0.1 OK for: ansi-styles@4.3.0 want: ^2.0.1
1563 silly fetch manifest color-name@~1.1.4
1564 silly packumentCache full:https://registry.npmjs.org/color-name cache-miss
1565 http fetch GET 200 https://registry.npmjs.org/color-name 75ms (cache miss)
1566 silly packumentCache full:https://registry.npmjs.org/color-name set size:undefined disposed:false
1567 silly placeDep ROOT color-name@1.1.4 OK for: color-convert@2.0.1 want: ~1.1.4
1568 silly placeDep node_modules/wrap-ansi emoji-regex@8.0.0 OK for: string-width@4.2.3 want: ^8.0.0
1569 silly placeDep node_modules/wrap-ansi is-fullwidth-code-point@3.0.0 OK for: string-width@4.2.3 want: ^3.0.0
1570 silly placeDep node_modules/wrap-ansi ansi-regex@5.0.1 OK for: strip-ansi@6.0.1 want: ^5.0.1
1571 silly reify moves {}
1572 silly audit bulk request {
1572 silly audit   '@angular/cli': [ '21.2.22' ],
1572 silly audit   '@angular-devkit/architect': [ '0.2102.22' ],
1572 silly audit   '@angular-devkit/core': [ '21.2.22' ],
1572 silly audit   '@angular-devkit/schematics': [ '21.2.22' ],
1572 silly audit   '@inquirer/prompts': [ '7.10.1' ],
1572 silly audit   '@listr2/prompt-adapter-inquirer': [ '3.0.5' ],
1572 silly audit   listr2: [ '9.0.5' ],
1572 silly audit   '@modelcontextprotocol/sdk': [ '1.30.0' ],
1572 silly audit   '@schematics/angular': [ '21.2.22' ],
1572 silly audit   '@yarnpkg/lockfile': [ '1.1.0' ],
1572 silly audit   algoliasearch: [ '5.48.1' ],
1572 silly audit   ini: [ '6.0.0' ],
1572 silly audit   'jsonc-parser': [ '3.3.1' ],
1572 silly audit   'npm-package-arg': [ '13.0.2' ],
1572 silly audit   pacote: [ '21.5.1' ],
1572 silly audit   'parse5-html-rewriting-stream': [ '8.0.0' ],
1572 silly audit   semver: [ '7.7.4' ],
1572 silly audit   yargs: [ '18.0.0' ],
1572 silly audit   zod: [ '4.3.6' ],
1572 silly audit   rxjs: [ '7.8.2' ],
1572 silly audit   ajv: [ '8.18.0' ],
1572 silly audit   'ajv-formats': [ '3.0.1' ],
1572 silly audit   picomatch: [ '4.0.4' ],
1572 silly audit   'source-map': [ '0.7.6' ],
1572 silly audit   'magic-string': [ '0.30.21' ],
1572 silly audit   ora: [ '9.3.0' ],
1572 silly audit   '@inquirer/checkbox': [ '4.3.2' ],
1572 silly audit   '@inquirer/confirm': [ '5.1.21' ],
1572 silly audit   '@inquirer/editor': [ '4.2.23' ],
1572 silly audit   '@inquirer/expand': [ '4.0.23' ],
1572 silly audit   '@inquirer/input': [ '4.3.1' ],
1572 silly audit   '@inquirer/number': [ '3.0.23' ],
1572 silly audit   '@inquirer/password': [ '4.0.23' ],
1572 silly audit   '@inquirer/rawlist': [ '4.1.11' ],
1572 silly audit   '@inquirer/search': [ '3.2.2' ],
1572 silly audit   '@inquirer/select': [ '4.4.2' ],
1572 silly audit   '@inquirer/ansi': [ '1.0.2' ],
1572 silly audit   '@inquirer/core': [ '10.3.2' ],
1572 silly audit   '@inquirer/figures': [ '1.0.15' ],
1572 silly audit   '@inquirer/type': [ '3.0.10' ],
1572 silly audit   'yoctocolors-cjs': [ '2.1.3' ],
1572 silly audit   'cli-width': [ '4.1.0' ],
1572 silly audit   'mute-stream': [ '2.0.0' ],
1572 silly audit   'signal-exit': [ '4.1.0' ],
1572 silly audit   'wrap-ansi': [ '6.2.0', '9.0.2' ],
1572 silly audit   '@inquirer/external-editor': [ '1.0.3' ],
1572 silly audit   chardet: [ '2.2.0' ],
1572 silly audit   'iconv-lite': [ '0.7.3' ],
1572 silly audit   '@hono/node-server': [ '2.1.1' ],
1572 silly audit   hono: [ '4.13.5' ],
1572 silly audit   'content-type': [ '1.0.5', '2.1.0' ],
1572 silly audit   cors: [ '2.8.6' ],
1572 silly audit   'cross-spawn': [ '7.0.6' ],
1572 silly audit   eventsource: [ '3.0.7' ],
1572 silly audit   'eventsource-parser': [ '3.1.1' ],
1572 silly audit   express: [ '5.2.1' ],
1572 silly audit   'express-rate-limit': [ '8.7.0' ],
1572 silly audit   jose: [ '6.2.10' ],
1572 silly audit   'json-schema-typed': [ '8.0.2' ],
1572 silly audit   'pkce-challenge': [ '5.0.1' ],
1572 silly audit   'raw-body': [ '3.0.2' ],
1572 silly audit   'zod-to-json-schema': [ '3.25.2' ],
1572 silly audit   'fast-deep-equal': [ '3.1.3' ],
1572 silly audit   'fast-uri': [ '3.1.6' ],
1572 silly audit   'json-schema-traverse': [ '1.0.0' ],
1572 silly audit   'require-from-string': [ '2.0.2' ],
1572 silly audit   '@algolia/abtesting': [ '1.14.1' ],
1572 silly audit   '@algolia/client-abtesting': [ '5.48.1' ],
1572 silly audit   '@algolia/client-analytics': [ '5.48.1' ],
1572 silly audit   '@algolia/client-common': [ '5.48.1' ],
1572 silly audit   '@algolia/client-insights': [ '5.48.1' ],
1572 silly audit   '@algolia/client-personalization': [ '5.48.1' ],
1572 silly audit   '@algolia/client-query-suggestions': [ '5.48.1' ],
1572 silly audit   '@algolia/client-search': [ '5.48.1' ],
1572 silly audit   '@algolia/ingestion': [ '1.48.1' ],
1572 silly audit   '@algolia/monitoring': [ '1.48.1' ],
1572 silly audit   '@algolia/recommend': [ '5.48.1' ],
1572 silly audit   '@algolia/requester-browser-xhr': [ '5.48.1' ],
1572 silly audit   '@algolia/requester-fetch': [ '5.48.1' ],
1572 silly audit   '@algolia/requester-node-http': [ '5.48.1' ],
1572 silly audit   'object-assign': [ '4.1.1' ],
1572 silly audit   vary: [ '1.1.2' ],
1572 silly audit   'path-key': [ '3.1.1' ],
1572 silly audit   'shebang-command': [ '2.0.0' ],
1572 silly audit   which: [ '2.0.2', '6.0.1' ],
1572 silly audit   accepts: [ '2.0.0' ],
1572 silly audit   'body-parser': [ '2.3.0' ],
1572 silly audit   'content-disposition': [ '1.1.0' ],
1572 silly audit   cookie: [ '0.7.2' ],
1572 silly audit   'cookie-signature': [ '1.2.2' ],
1572 silly audit   debug: [ '4.4.3' ],
1572 silly audit   depd: [ '2.0.0' ],
1572 silly audit   encodeurl: [ '2.0.0' ],
1572 silly audit   'escape-html': [ '1.0.3' ],
1572 silly audit   etag: [ '1.8.1' ],
1572 silly audit   finalhandler: [ '2.1.1' ],
1572 silly audit   fresh: [ '2.0.0' ],
1572 silly audit   'http-errors': [ '2.0.1' ],
1572 silly audit   'merge-descriptors': [ '2.0.0' ],
1572 silly audit   'mime-types': [ '3.0.2' ],
1572 silly audit   'on-finished': [ '2.4.1' ],
1572 silly audit   once: [ '1.4.0' ],
1572 silly audit   parseurl: [ '1.3.3' ],
1572 silly audit   'proxy-addr': [ '2.0.7' ],
1572 silly audit   qs: [ '6.16.0' ],
1572 silly audit   'range-parser': [ '1.3.0' ],
1572 silly audit   router: [ '2.2.0' ],
1572 silly audit   send: [ '1.2.1' ],
1572 silly audit   'serve-static': [ '2.2.1' ],
1572 silly audit   statuses: [ '2.0.2' ],
1572 silly audit   'type-is': [ '2.1.0' ],
1572 silly audit   negotiator: [ '1.1.0' ],
1572 silly audit   bytes: [ '3.1.2' ],
1572 silly audit   ms: [ '2.1.3' ],
1572 silly audit   'ip-address': [ '10.7.0' ],
1572 silly audit   inherits: [ '2.0.4' ],
1572 silly audit   setprototypeof: [ '1.2.0' ],
1572 silly audit   toidentifier: [ '1.0.1' ],
1572 silly audit   'safer-buffer': [ '2.1.2' ],
1572 silly audit   'cli-truncate': [ '5.2.0' ],
1572 silly audit   colorette: [ '2.0.20' ],
1572 silly audit   eventemitter3: [ '5.0.4' ],
1572 silly audit   'log-update': [ '6.1.0' ],
1572 silly audit   rfdc: [ '1.4.1' ],
1572 silly audit   'slice-ansi': [ '8.0.0', '7.1.2' ],
1572 silly audit   'string-width': [ '8.2.2', '4.2.3', '7.2.0' ],
1572 silly audit   'ansi-escapes': [ '7.3.0' ],
1572 silly audit   'cli-cursor': [ '5.0.0' ],
1572 silly audit   'strip-ansi': [ '7.2.0', '6.0.1' ],
1572 silly audit   environment: [ '1.1.0' ],
1572 silly audit   'restore-cursor': [ '5.1.0' ],
1572 silly audit   '@jridgewell/sourcemap-codec': [ '1.6.0' ],
1572 silly audit   'mime-db': [ '1.54.0' ],
1572 silly audit   'hosted-git-info': [ '9.0.3' ],
1572 silly audit   'proc-log': [ '6.1.0' ],
1572 silly audit   'validate-npm-package-name': [ '7.0.2' ],
1572 silly audit   'lru-cache': [ '11.5.2' ],
1572 silly audit   'ee-first': [ '1.1.1' ],
1572 silly audit   wrappy: [ '1.0.2' ],
1572 silly audit   chalk: [ '5.6.2' ],
1572 silly audit   'cli-spinners': [ '3.4.0' ],
1572 silly audit   'is-interactive': [ '2.0.0' ],
1572 silly audit   'is-unicode-supported': [ '2.1.0' ],
1572 silly audit   'log-symbols': [ '7.0.1' ],
1572 silly audit   'stdin-discarder': [ '0.3.2' ],
1572 silly audit   yoctocolors: [ '2.2.0' ],
1572 silly audit   '@gar/promise-retry': [ '1.0.3' ],
1572 silly audit   '@npmcli/git': [ '7.0.2' ],
1572 silly audit   '@npmcli/installed-package-contents': [ '4.0.0' ],
1572 silly audit   '@npmcli/package-json': [ '7.0.5' ],
1572 silly audit   '@npmcli/promise-spawn': [ '9.0.1' ],
1572 silly audit   '@npmcli/run-script': [ '10.0.4' ],
1572 silly audit   cacache: [ '20.0.4' ],
1572 silly audit   'fs-minipass': [ '3.0.3' ],
1572 silly audit   minipass: [ '7.1.3', '3.3.6' ],
1572 silly audit   'npm-packlist': [ '10.0.4' ],
1572 silly audit   'npm-pick-manifest': [ '11.0.3' ],
1572 silly audit   'npm-registry-fetch': [ '19.1.1' ],
1572 silly audit   sigstore: [ '4.1.1' ],
1572 silly audit   ssri: [ '13.0.1' ],
1572 silly audit   tar: [ '7.5.22' ],
1572 silly audit   'npm-bundled': [ '5.0.0' ],
1572 silly audit   'npm-normalize-package-bin': [ '5.0.0' ],
1572 silly audit   glob: [ '13.0.6' ],
1572 silly audit   'json-parse-even-better-errors': [ '5.0.0' ],
1572 silly audit   'spdx-expression-parse': [ '4.0.0' ],
1572 silly audit   '@npmcli/node-gyp': [ '5.0.0' ],
1572 silly audit   'node-gyp': [ '12.4.0' ],
1572 silly audit   '@npmcli/fs': [ '5.0.0' ],
1572 silly audit   'minipass-collect': [ '2.0.1' ],
1572 silly audit   'minipass-flush': [ '1.0.7' ],
1572 silly audit   'minipass-pipeline': [ '1.2.4' ],
1572 silly audit   'p-map': [ '7.0.7' ],
1572 silly audit   minimatch: [ '10.2.6' ],
1572 silly audit   'path-scurry': [ '2.0.2' ],
1572 silly audit   'brace-expansion': [ '5.0.9' ],
1572 silly audit   'balanced-match': [ '4.0.4' ],
1572 silly audit   'env-paths': [ '2.2.1' ],
1572 silly audit   'exponential-backoff': [ '3.1.3' ],
1572 silly audit   'graceful-fs': [ '4.2.11' ],
1572 silly audit   nopt: [ '9.0.0' ],
1572 silly audit   tinyglobby: [ '0.2.17' ],
1572 silly audit   undici: [ '6.28.0' ],
1572 silly audit   abbrev: [ '4.0.0' ],
1572 silly audit   'ignore-walk': [ '8.0.0' ],
1572 silly audit   'npm-install-checks': [ '8.0.0' ],
1572 silly audit   '@npmcli/redact': [ '4.0.0' ],
1572 silly audit   jsonparse: [ '1.3.1' ],
1572 silly audit   'make-fetch-happen': [ '15.0.6' ],
1572 silly audit   'minipass-fetch': [ '5.0.2' ],
1572 silly audit   minizlib: [ '3.1.0' ],
1572 silly audit   '@npmcli/agent': [ '4.0.2' ],
1572 silly audit   'http-cache-semantics': [ '4.2.0' ],
1572 silly audit   'agent-base': [ '7.1.4' ],
1572 silly audit   'http-proxy-agent': [ '7.0.2' ],
1572 silly audit   'https-proxy-agent': [ '7.0.6' ],
1572 silly audit   'socks-proxy-agent': [ '8.0.5' ],
1572 silly audit   'minipass-sized': [ '2.0.0' ],
1572 silly audit   entities: [ '6.0.1', '8.0.0' ],
1572 silly audit   parse5: [ '8.0.1' ],
1572 silly audit   'parse5-sax-parser': [ '8.0.0' ],
1572 silly audit   forwarded: [ '0.2.0' ],
1572 silly audit   'ipaddr.js': [ '1.9.1' ],
1572 silly audit   'es-define-property': [ '1.0.1' ],
1572 silly audit   'side-channel': [ '1.1.1' ],
1572 silly audit   unpipe: [ '1.0.0' ],
1572 silly audit   onetime: [ '7.0.0' ],
1572 silly audit   'mimic-function': [ '5.0.1' ],
1572 silly audit   'is-promise': [ '4.0.0' ],
1572 silly audit   'path-to-regexp': [ '8.4.2' ],
1572 silly audit   tslib: [ '2.8.1' ],
1572 silly audit   'shebang-regex': [ '3.0.0' ],
1572 silly audit   'es-errors': [ '1.3.0' ],
1572 silly audit   'object-inspect': [ '1.13.4' ],
1572 silly audit   'side-channel-list': [ '1.0.1' ],
1572 silly audit   'side-channel-map': [ '1.0.1' ],
1572 silly audit   'side-channel-weakmap': [ '1.0.2' ],
1572 silly audit   'call-bound': [ '1.0.4' ],
1572 silly audit   'get-intrinsic': [ '1.3.0' ],
1572 silly audit   'call-bind-apply-helpers': [ '1.0.2' ],
1572 silly audit   'function-bind': [ '1.1.2' ],
1572 silly audit   'es-object-atoms': [ '1.1.2' ],
1572 silly audit   'get-proto': [ '1.0.1' ],
1572 silly audit   gopd: [ '1.2.0' ],
1572 silly audit   'has-symbols': [ '1.1.0' ],
1572 silly audit   hasown: [ '2.0.4' ],
1572 silly audit   'math-intrinsics': [ '1.1.0' ],
1572 silly audit   'dunder-proto': [ '1.0.1' ],
1572 silly audit   '@sigstore/bundle': [ '4.0.0' ],
1572 silly audit   '@sigstore/core': [ '3.2.1' ],
1572 silly audit   '@sigstore/protobuf-specs': [ '0.5.2' ],
1572 silly audit   '@sigstore/sign': [ '4.1.1' ],
1572 silly audit   '@sigstore/tuf': [ '4.0.2' ],
1572 silly audit   '@sigstore/verify': [ '3.1.1' ],
1572 silly audit   'tuf-js': [ '4.1.0' ],
1572 silly audit   'ansi-styles': [ '6.2.3', '4.3.0' ],
1572 silly audit   'is-fullwidth-code-point': [ '5.1.0', '3.0.0' ],
1572 silly audit   'get-east-asian-width': [ '1.6.0' ],
1572 silly audit   socks: [ '2.8.9' ],
1572 silly audit   'smart-buffer': [ '4.2.0' ],
1572 silly audit   'spdx-exceptions': [ '2.5.0' ],
1572 silly audit   'spdx-license-ids': [ '3.0.23' ],
1572 silly audit   'ansi-regex': [ '6.3.0', '5.0.1' ],
1572 silly audit   '@isaacs/fs-minipass': [ '4.0.1' ],
1572 silly audit   chownr: [ '3.0.0' ],
1572 silly audit   yallist: [ '5.0.0', '4.0.0' ],
1572 silly audit   fdir: [ '6.5.0' ],
1572 silly audit   '@tufjs/models': [ '4.1.0' ],
1572 silly audit   '@tufjs/canonical-json': [ '2.0.0' ],
1572 silly audit   'media-typer': [ '1.1.1' ],
1572 silly audit   isexe: [ '2.0.0', '4.0.0' ],
1572 silly audit   cliui: [ '9.0.1' ],
1572 silly audit   escalade: [ '3.2.0' ],
1572 silly audit   'get-caller-file': [ '2.0.5' ],
1572 silly audit   y18n: [ '5.0.8' ],
1572 silly audit   'yargs-parser': [ '22.0.0' ],
1572 silly audit   'emoji-regex': [ '10.6.0', '8.0.0' ],
1572 silly audit   'color-convert': [ '2.0.1' ],
1572 silly audit   'color-name': [ '1.1.4' ]
1572 silly audit }
1573 http cache color-name@https://registry.npmjs.org/color-name/-/color-name-1.1.4.tgz 0ms (cache hit)
1574 http cache color-convert@https://registry.npmjs.org/color-convert/-/color-convert-2.0.1.tgz 0ms (cache hit)
1575 http cache emoji-regex@https://registry.npmjs.org/emoji-regex/-/emoji-regex-10.6.0.tgz 0ms (cache hit)
1576 http cache yargs-parser@https://registry.npmjs.org/yargs-parser/-/yargs-parser-22.0.0.tgz 0ms (cache hit)
1577 http cache y18n@https://registry.npmjs.org/y18n/-/y18n-5.0.8.tgz 0ms (cache hit)
1578 http cache get-caller-file@https://registry.npmjs.org/get-caller-file/-/get-caller-file-2.0.5.tgz 0ms (cache hit)
1579 http cache escalade@https://registry.npmjs.org/escalade/-/escalade-3.2.0.tgz 0ms (cache hit)
1580 http cache cliui@https://registry.npmjs.org/cliui/-/cliui-9.0.1.tgz 0ms (cache hit)
1581 http cache @tufjs/canonical-json@https://registry.npmjs.org/@tufjs/canonical-json/-/canonical-json-2.0.0.tgz 0ms (cache hit)
1582 http cache isexe@https://registry.npmjs.org/isexe/-/isexe-2.0.0.tgz 0ms (cache hit)
1583 http cache media-typer@https://registry.npmjs.org/media-typer/-/media-typer-1.1.1.tgz 0ms (cache hit)
1584 http cache fdir@https://registry.npmjs.org/fdir/-/fdir-6.5.0.tgz 0ms (cache hit)
1585 http cache @tufjs/models@https://registry.npmjs.org/@tufjs/models/-/models-4.1.0.tgz 0ms (cache hit)
1586 http cache @isaacs/fs-minipass@https://registry.npmjs.org/@isaacs/fs-minipass/-/fs-minipass-4.0.1.tgz 0ms (cache hit)
1587 http cache yallist@https://registry.npmjs.org/yallist/-/yallist-5.0.0.tgz 0ms (cache hit)
1588 http cache chownr@https://registry.npmjs.org/chownr/-/chownr-3.0.0.tgz 0ms (cache hit)
1589 http cache ansi-regex@https://registry.npmjs.org/ansi-regex/-/ansi-regex-6.3.0.tgz 0ms (cache hit)
1590 http cache spdx-license-ids@https://registry.npmjs.org/spdx-license-ids/-/spdx-license-ids-3.0.23.tgz 0ms (cache hit)
1591 http cache spdx-exceptions@https://registry.npmjs.org/spdx-exceptions/-/spdx-exceptions-2.5.0.tgz 0ms (cache hit)
1592 http cache smart-buffer@https://registry.npmjs.org/smart-buffer/-/smart-buffer-4.2.0.tgz 0ms (cache hit)
1593 http cache socks@https://registry.npmjs.org/socks/-/socks-2.8.9.tgz 0ms (cache hit)
1594 http cache get-east-asian-width@https://registry.npmjs.org/get-east-asian-width/-/get-east-asian-width-1.6.0.tgz 0ms (cache hit)
1595 http cache is-fullwidth-code-point@https://registry.npmjs.org/is-fullwidth-code-point/-/is-fullwidth-code-point-5.1.0.tgz 0ms (cache hit)
1596 http cache ansi-styles@https://registry.npmjs.org/ansi-styles/-/ansi-styles-6.2.3.tgz 0ms (cache hit)
1597 http cache tuf-js@https://registry.npmjs.org/tuf-js/-/tuf-js-4.1.0.tgz 0ms (cache hit)
1598 http cache @sigstore/tuf@https://registry.npmjs.org/@sigstore/tuf/-/tuf-4.0.2.tgz 0ms (cache hit)
1599 http cache @sigstore/sign@https://registry.npmjs.org/@sigstore/sign/-/sign-4.1.1.tgz 0ms (cache hit)
1600 http cache @sigstore/core@https://registry.npmjs.org/@sigstore/core/-/core-3.2.1.tgz 0ms (cache hit)
1601 http cache @sigstore/protobuf-specs@https://registry.npmjs.org/@sigstore/protobuf-specs/-/protobuf-specs-0.5.2.tgz 0ms (cache hit)
1602 http cache @sigstore/bundle@https://registry.npmjs.org/@sigstore/bundle/-/bundle-4.0.0.tgz 0ms (cache hit)
1603 http cache @sigstore/verify@https://registry.npmjs.org/@sigstore/verify/-/verify-3.1.1.tgz 0ms (cache hit)
1604 http cache dunder-proto@https://registry.npmjs.org/dunder-proto/-/dunder-proto-1.0.1.tgz 0ms (cache hit)
1605 http cache hasown@https://registry.npmjs.org/hasown/-/hasown-2.0.4.tgz 0ms (cache hit)
1606 http cache math-intrinsics@https://registry.npmjs.org/math-intrinsics/-/math-intrinsics-1.1.0.tgz 0ms (cache hit)
1607 http cache gopd@https://registry.npmjs.org/gopd/-/gopd-1.2.0.tgz 0ms (cache hit)
1608 http cache es-object-atoms@https://registry.npmjs.org/es-object-atoms/-/es-object-atoms-1.1.2.tgz 0ms (cache hit)
1609 http cache get-intrinsic@https://registry.npmjs.org/get-intrinsic/-/get-intrinsic-1.3.0.tgz 0ms (cache hit)
1610 http cache has-symbols@https://registry.npmjs.org/has-symbols/-/has-symbols-1.1.0.tgz 0ms (cache hit)
1611 http cache get-proto@https://registry.npmjs.org/get-proto/-/get-proto-1.0.1.tgz 0ms (cache hit)
1612 http cache function-bind@https://registry.npmjs.org/function-bind/-/function-bind-1.1.2.tgz 0ms (cache hit)
1613 http cache call-bind-apply-helpers@https://registry.npmjs.org/call-bind-apply-helpers/-/call-bind-apply-helpers-1.0.2.tgz 0ms (cache hit)
1614 http cache call-bound@https://registry.npmjs.org/call-bound/-/call-bound-1.0.4.tgz 0ms (cache hit)
1615 http cache side-channel-weakmap@https://registry.npmjs.org/side-channel-weakmap/-/side-channel-weakmap-1.0.2.tgz 0ms (cache hit)
1616 http cache object-inspect@https://registry.npmjs.org/object-inspect/-/object-inspect-1.13.4.tgz 0ms (cache hit)
1617 http cache side-channel-map@https://registry.npmjs.org/side-channel-map/-/side-channel-map-1.0.1.tgz 0ms (cache hit)
1618 http cache side-channel-list@https://registry.npmjs.org/side-channel-list/-/side-channel-list-1.0.1.tgz 0ms (cache hit)
1619 http cache es-errors@https://registry.npmjs.org/es-errors/-/es-errors-1.3.0.tgz 0ms (cache hit)
1620 http cache shebang-regex@https://registry.npmjs.org/shebang-regex/-/shebang-regex-3.0.0.tgz 0ms (cache hit)
1621 http cache tslib@https://registry.npmjs.org/tslib/-/tslib-2.8.1.tgz 0ms (cache hit)
1622 http cache mimic-function@https://registry.npmjs.org/mimic-function/-/mimic-function-5.0.1.tgz 0ms (cache hit)
1623 http cache path-to-regexp@https://registry.npmjs.org/path-to-regexp/-/path-to-regexp-8.4.2.tgz 0ms (cache hit)
1624 http cache is-promise@https://registry.npmjs.org/is-promise/-/is-promise-4.0.0.tgz 0ms (cache hit)
1625 http cache onetime@https://registry.npmjs.org/onetime/-/onetime-7.0.0.tgz 0ms (cache hit)
1626 http cache unpipe@https://registry.npmjs.org/unpipe/-/unpipe-1.0.0.tgz 0ms (cache hit)
1627 http cache side-channel@https://registry.npmjs.org/side-channel/-/side-channel-1.1.1.tgz 0ms (cache hit)
1628 http cache es-define-property@https://registry.npmjs.org/es-define-property/-/es-define-property-1.0.1.tgz 0ms (cache hit)
1629 http cache forwarded@https://registry.npmjs.org/forwarded/-/forwarded-0.2.0.tgz 0ms (cache hit)
1630 http cache ipaddr.js@https://registry.npmjs.org/ipaddr.js/-/ipaddr.js-1.9.1.tgz 0ms (cache hit)
1631 http cache parse5-sax-parser@https://registry.npmjs.org/parse5-sax-parser/-/parse5-sax-parser-8.0.0.tgz 0ms (cache hit)
1632 http cache parse5@https://registry.npmjs.org/parse5/-/parse5-8.0.1.tgz 0ms (cache hit)
1633 http cache minipass-sized@https://registry.npmjs.org/minipass-sized/-/minipass-sized-2.0.0.tgz 0ms (cache hit)
1634 http cache entities@https://registry.npmjs.org/entities/-/entities-6.0.1.tgz 0ms (cache hit)
1635 http cache socks-proxy-agent@https://registry.npmjs.org/socks-proxy-agent/-/socks-proxy-agent-8.0.5.tgz 0ms (cache hit)
1636 http cache http-proxy-agent@https://registry.npmjs.org/http-proxy-agent/-/http-proxy-agent-7.0.2.tgz 0ms (cache hit)
1637 http cache http-cache-semantics@https://registry.npmjs.org/http-cache-semantics/-/http-cache-semantics-4.2.0.tgz 0ms (cache hit)
1638 http cache agent-base@https://registry.npmjs.org/agent-base/-/agent-base-7.1.4.tgz 0ms (cache hit)
1639 http cache @npmcli/agent@https://registry.npmjs.org/@npmcli/agent/-/agent-4.0.2.tgz 0ms (cache hit)
1640 http cache https-proxy-agent@https://registry.npmjs.org/https-proxy-agent/-/https-proxy-agent-7.0.6.tgz 0ms (cache hit)
1641 http cache minipass-fetch@https://registry.npmjs.org/minipass-fetch/-/minipass-fetch-5.0.2.tgz 0ms (cache hit)
1642 http cache make-fetch-happen@https://registry.npmjs.org/make-fetch-happen/-/make-fetch-happen-15.0.6.tgz 0ms (cache hit)
1643 http cache @npmcli/redact@https://registry.npmjs.org/@npmcli/redact/-/redact-4.0.0.tgz 0ms (cache hit)
1644 http cache minizlib@https://registry.npmjs.org/minizlib/-/minizlib-3.1.0.tgz 0ms (cache hit)
1645 http cache npm-install-checks@https://registry.npmjs.org/npm-install-checks/-/npm-install-checks-8.0.0.tgz 0ms (cache hit)
1646 http cache jsonparse@https://registry.npmjs.org/jsonparse/-/jsonparse-1.3.1.tgz 0ms (cache hit)
1647 http cache ignore-walk@https://registry.npmjs.org/ignore-walk/-/ignore-walk-8.0.0.tgz 0ms (cache hit)
1648 http cache abbrev@https://registry.npmjs.org/abbrev/-/abbrev-4.0.0.tgz 0ms (cache hit)
1649 http cache undici@https://registry.npmjs.org/undici/-/undici-6.28.0.tgz 0ms (cache hit)
1650 http cache tinyglobby@https://registry.npmjs.org/tinyglobby/-/tinyglobby-0.2.17.tgz 0ms (cache hit)
1651 http cache nopt@https://registry.npmjs.org/nopt/-/nopt-9.0.0.tgz 0ms (cache hit)
1652 http cache graceful-fs@https://registry.npmjs.org/graceful-fs/-/graceful-fs-4.2.11.tgz 0ms (cache hit)
1653 http cache exponential-backoff@https://registry.npmjs.org/exponential-backoff/-/exponential-backoff-3.1.3.tgz 0ms (cache hit)
1654 http cache env-paths@https://registry.npmjs.org/env-paths/-/env-paths-2.2.1.tgz 0ms (cache hit)
1655 http cache balanced-match@https://registry.npmjs.org/balanced-match/-/balanced-match-4.0.4.tgz 0ms (cache hit)
1656 http cache brace-expansion@https://registry.npmjs.org/brace-expansion/-/brace-expansion-5.0.9.tgz 0ms (cache hit)
1657 http cache path-scurry@https://registry.npmjs.org/path-scurry/-/path-scurry-2.0.2.tgz 0ms (cache hit)
1658 http cache p-map@https://registry.npmjs.org/p-map/-/p-map-7.0.7.tgz 0ms (cache hit)
1659 http cache minipass-flush@https://registry.npmjs.org/minipass-flush/-/minipass-flush-1.0.7.tgz 0ms (cache hit)
1660 http cache minimatch@https://registry.npmjs.org/minimatch/-/minimatch-10.2.6.tgz 0ms (cache hit)
1661 http cache minipass-pipeline@https://registry.npmjs.org/minipass-pipeline/-/minipass-pipeline-1.2.4.tgz 0ms (cache hit)
1662 http cache @npmcli/fs@https://registry.npmjs.org/@npmcli/fs/-/fs-5.0.0.tgz 0ms (cache hit)
1663 http cache minipass-collect@https://registry.npmjs.org/minipass-collect/-/minipass-collect-2.0.1.tgz 0ms (cache hit)
1664 http cache @npmcli/node-gyp@https://registry.npmjs.org/@npmcli/node-gyp/-/node-gyp-5.0.0.tgz 0ms (cache hit)
1665 http cache node-gyp@https://registry.npmjs.org/node-gyp/-/node-gyp-12.4.0.tgz 0ms (cache hit)
1666 http cache json-parse-even-better-errors@https://registry.npmjs.org/json-parse-even-better-errors/-/json-parse-even-better-errors-5.0.0.tgz 0ms (cache hit)
1667 http cache spdx-expression-parse@https://registry.npmjs.org/spdx-expression-parse/-/spdx-expression-parse-4.0.0.tgz 0ms (cache hit)
1668 http cache glob@https://registry.npmjs.org/glob/-/glob-13.0.6.tgz 0ms (cache hit)
1669 http cache npm-normalize-package-bin@https://registry.npmjs.org/npm-normalize-package-bin/-/npm-normalize-package-bin-5.0.0.tgz 0ms (cache hit)
1670 http cache npm-bundled@https://registry.npmjs.org/npm-bundled/-/npm-bundled-5.0.0.tgz 0ms (cache hit)
1671 http cache tar@https://registry.npmjs.org/tar/-/tar-7.5.22.tgz 0ms (cache hit)
1672 http cache ssri@https://registry.npmjs.org/ssri/-/ssri-13.0.1.tgz 0ms (cache hit)
1673 http cache sigstore@https://registry.npmjs.org/sigstore/-/sigstore-4.1.1.tgz 0ms (cache hit)
1674 http cache npm-pick-manifest@https://registry.npmjs.org/npm-pick-manifest/-/npm-pick-manifest-11.0.3.tgz 0ms (cache hit)
1675 http cache npm-registry-fetch@https://registry.npmjs.org/npm-registry-fetch/-/npm-registry-fetch-19.1.1.tgz 0ms (cache hit)
1676 http cache npm-packlist@https://registry.npmjs.org/npm-packlist/-/npm-packlist-10.0.4.tgz 0ms (cache hit)
1677 http cache fs-minipass@https://registry.npmjs.org/fs-minipass/-/fs-minipass-3.0.3.tgz 0ms (cache hit)
1678 http cache cacache@https://registry.npmjs.org/cacache/-/cacache-20.0.4.tgz 0ms (cache hit)
1679 http cache @npmcli/run-script@https://registry.npmjs.org/@npmcli/run-script/-/run-script-10.0.4.tgz 0ms (cache hit)
1680 http cache @npmcli/promise-spawn@https://registry.npmjs.org/@npmcli/promise-spawn/-/promise-spawn-9.0.1.tgz 0ms (cache hit)
1681 http cache minipass@https://registry.npmjs.org/minipass/-/minipass-7.1.3.tgz 0ms (cache hit)
1682 http cache @npmcli/package-json@https://registry.npmjs.org/@npmcli/package-json/-/package-json-7.0.5.tgz 0ms (cache hit)
1683 http cache @npmcli/installed-package-contents@https://registry.npmjs.org/@npmcli/installed-package-contents/-/installed-package-contents-4.0.0.tgz 0ms (cache hit)
1684 http cache @npmcli/git@https://registry.npmjs.org/@npmcli/git/-/git-7.0.2.tgz 0ms (cache hit)
1685 http cache yoctocolors@https://registry.npmjs.org/yoctocolors/-/yoctocolors-2.2.0.tgz 0ms (cache hit)
1686 http cache stdin-discarder@https://registry.npmjs.org/stdin-discarder/-/stdin-discarder-0.3.2.tgz 1ms (cache hit)
1687 http cache @gar/promise-retry@https://registry.npmjs.org/@gar/promise-retry/-/promise-retry-1.0.3.tgz 0ms (cache hit)
1688 http cache log-symbols@https://registry.npmjs.org/log-symbols/-/log-symbols-7.0.1.tgz 0ms (cache hit)
1689 http cache is-unicode-supported@https://registry.npmjs.org/is-unicode-supported/-/is-unicode-supported-2.1.0.tgz 0ms (cache hit)
1690 http cache is-interactive@https://registry.npmjs.org/is-interactive/-/is-interactive-2.0.0.tgz 0ms (cache hit)
1691 http cache chalk@https://registry.npmjs.org/chalk/-/chalk-5.6.2.tgz 0ms (cache hit)
1692 http cache wrappy@https://registry.npmjs.org/wrappy/-/wrappy-1.0.2.tgz 0ms (cache hit)
1693 http cache cli-spinners@https://registry.npmjs.org/cli-spinners/-/cli-spinners-3.4.0.tgz 0ms (cache hit)
1694 http cache ee-first@https://registry.npmjs.org/ee-first/-/ee-first-1.1.1.tgz 0ms (cache hit)
1695 http cache proc-log@https://registry.npmjs.org/proc-log/-/proc-log-6.1.0.tgz 0ms (cache hit)
1696 http cache validate-npm-package-name@https://registry.npmjs.org/validate-npm-package-name/-/validate-npm-package-name-7.0.2.tgz 0ms (cache hit)
1697 http cache @jridgewell/sourcemap-codec@https://registry.npmjs.org/@jridgewell/sourcemap-codec/-/sourcemap-codec-1.6.0.tgz 0ms (cache hit)
1698 http cache hosted-git-info@https://registry.npmjs.org/hosted-git-info/-/hosted-git-info-9.0.3.tgz 0ms (cache hit)
1699 http cache mime-db@https://registry.npmjs.org/mime-db/-/mime-db-1.54.0.tgz 0ms (cache hit)
1700 http cache lru-cache@https://registry.npmjs.org/lru-cache/-/lru-cache-11.5.2.tgz 0ms (cache hit)
1701 http cache restore-cursor@https://registry.npmjs.org/restore-cursor/-/restore-cursor-5.1.0.tgz 0ms (cache hit)
1702 http cache environment@https://registry.npmjs.org/environment/-/environment-1.1.0.tgz 0ms (cache hit)
1703 http cache string-width@https://registry.npmjs.org/string-width/-/string-width-8.2.2.tgz 0ms (cache hit)
1704 http cache strip-ansi@https://registry.npmjs.org/strip-ansi/-/strip-ansi-7.2.0.tgz 0ms (cache hit)
1705 http cache ansi-escapes@https://registry.npmjs.org/ansi-escapes/-/ansi-escapes-7.3.0.tgz 0ms (cache hit)
1706 http cache slice-ansi@https://registry.npmjs.org/slice-ansi/-/slice-ansi-8.0.0.tgz 0ms (cache hit)
1707 http cache rfdc@https://registry.npmjs.org/rfdc/-/rfdc-1.4.1.tgz 0ms (cache hit)
1708 http cache cli-cursor@https://registry.npmjs.org/cli-cursor/-/cli-cursor-5.0.0.tgz 0ms (cache hit)
1709 http cache log-update@https://registry.npmjs.org/log-update/-/log-update-6.1.0.tgz 0ms (cache hit)
1710 http cache eventemitter3@https://registry.npmjs.org/eventemitter3/-/eventemitter3-5.0.4.tgz 0ms (cache hit)
1711 http cache cli-truncate@https://registry.npmjs.org/cli-truncate/-/cli-truncate-5.2.0.tgz 0ms (cache hit)
1712 http cache colorette@https://registry.npmjs.org/colorette/-/colorette-2.0.20.tgz 0ms (cache hit)
1713 http cache safer-buffer@https://registry.npmjs.org/safer-buffer/-/safer-buffer-2.1.2.tgz 0ms (cache hit)
1714 http cache setprototypeof@https://registry.npmjs.org/setprototypeof/-/setprototypeof-1.2.0.tgz 0ms (cache hit)
1715 http cache toidentifier@https://registry.npmjs.org/toidentifier/-/toidentifier-1.0.1.tgz 0ms (cache hit)
1716 http cache inherits@https://registry.npmjs.org/inherits/-/inherits-2.0.4.tgz 0ms (cache hit)
1717 http cache ms@https://registry.npmjs.org/ms/-/ms-2.1.3.tgz 0ms (cache hit)
1718 http cache ip-address@https://registry.npmjs.org/ip-address/-/ip-address-10.7.0.tgz 0ms (cache hit)
1719 http cache bytes@https://registry.npmjs.org/bytes/-/bytes-3.1.2.tgz 0ms (cache hit)
1720 http cache type-is@https://registry.npmjs.org/type-is/-/type-is-2.1.0.tgz 0ms (cache hit)
1721 http cache statuses@https://registry.npmjs.org/statuses/-/statuses-2.0.2.tgz 0ms (cache hit)
1722 http cache negotiator@https://registry.npmjs.org/negotiator/-/negotiator-1.1.0.tgz 0ms (cache hit)
1723 http cache serve-static@https://registry.npmjs.org/serve-static/-/serve-static-2.2.1.tgz 0ms (cache hit)
1724 http cache send@https://registry.npmjs.org/send/-/send-1.2.1.tgz 0ms (cache hit)
1725 http cache router@https://registry.npmjs.org/router/-/router-2.2.0.tgz 0ms (cache hit)
1726 http cache range-parser@https://registry.npmjs.org/range-parser/-/range-parser-1.3.0.tgz 0ms (cache hit)
1727 http cache qs@https://registry.npmjs.org/qs/-/qs-6.16.0.tgz 0ms (cache hit)
1728 http cache proxy-addr@https://registry.npmjs.org/proxy-addr/-/proxy-addr-2.0.7.tgz 0ms (cache hit)
1729 http cache once@https://registry.npmjs.org/once/-/once-1.4.0.tgz 0ms (cache hit)
1730 http cache parseurl@https://registry.npmjs.org/parseurl/-/parseurl-1.3.3.tgz 0ms (cache hit)
1731 http cache mime-types@https://registry.npmjs.org/mime-types/-/mime-types-3.0.2.tgz 0ms (cache hit)
1732 http cache on-finished@https://registry.npmjs.org/on-finished/-/on-finished-2.4.1.tgz 0ms (cache hit)
1733 http cache merge-descriptors@https://registry.npmjs.org/merge-descriptors/-/merge-descriptors-2.0.0.tgz 0ms (cache hit)
1734 http cache http-errors@https://registry.npmjs.org/http-errors/-/http-errors-2.0.1.tgz 0ms (cache hit)
1735 http cache fresh@https://registry.npmjs.org/fresh/-/fresh-2.0.0.tgz 0ms (cache hit)
1736 http cache finalhandler@https://registry.npmjs.org/finalhandler/-/finalhandler-2.1.1.tgz 0ms (cache hit)
1737 http cache etag@https://registry.npmjs.org/etag/-/etag-1.8.1.tgz 0ms (cache hit)
1738 http cache escape-html@https://registry.npmjs.org/escape-html/-/escape-html-1.0.3.tgz 0ms (cache hit)
1739 http cache encodeurl@https://registry.npmjs.org/encodeurl/-/encodeurl-2.0.0.tgz 0ms (cache hit)
1740 http cache depd@https://registry.npmjs.org/depd/-/depd-2.0.0.tgz 0ms (cache hit)
1741 http cache cookie-signature@https://registry.npmjs.org/cookie-signature/-/cookie-signature-1.2.2.tgz 0ms (cache hit)
1742 http cache debug@https://registry.npmjs.org/debug/-/debug-4.4.3.tgz 0ms (cache hit)
1743 http cache cookie@https://registry.npmjs.org/cookie/-/cookie-0.7.2.tgz 0ms (cache hit)
1744 http cache content-disposition@https://registry.npmjs.org/content-disposition/-/content-disposition-1.1.0.tgz 0ms (cache hit)
1745 http cache accepts@https://registry.npmjs.org/accepts/-/accepts-2.0.0.tgz 0ms (cache hit)
1746 http cache shebang-command@https://registry.npmjs.org/shebang-command/-/shebang-command-2.0.0.tgz 0ms (cache hit)
1747 http cache path-key@https://registry.npmjs.org/path-key/-/path-key-3.1.1.tgz 0ms (cache hit)
1748 http cache object-assign@https://registry.npmjs.org/object-assign/-/object-assign-4.1.1.tgz 0ms (cache hit)
1749 http cache which@https://registry.npmjs.org/which/-/which-2.0.2.tgz 0ms (cache hit)
1750 http cache body-parser@https://registry.npmjs.org/body-parser/-/body-parser-2.3.0.tgz 0ms (cache hit)
1751 http cache vary@https://registry.npmjs.org/vary/-/vary-1.1.2.tgz 0ms (cache hit)
1752 http cache @algolia/requester-node-http@https://registry.npmjs.org/@algolia/requester-node-http/-/requester-node-http-5.48.1.tgz 0ms (cache hit)
1753 http cache @algolia/requester-fetch@https://registry.npmjs.org/@algolia/requester-fetch/-/requester-fetch-5.48.1.tgz 0ms (cache hit)
1754 http cache @algolia/recommend@https://registry.npmjs.org/@algolia/recommend/-/recommend-5.48.1.tgz 0ms (cache hit)
1755 http cache @algolia/requester-browser-xhr@https://registry.npmjs.org/@algolia/requester-browser-xhr/-/requester-browser-xhr-5.48.1.tgz 0ms (cache hit)
1756 http cache @algolia/monitoring@https://registry.npmjs.org/@algolia/monitoring/-/monitoring-1.48.1.tgz 0ms (cache hit)
1757 http cache @algolia/client-search@https://registry.npmjs.org/@algolia/client-search/-/client-search-5.48.1.tgz 0ms (cache hit)
1758 http cache @algolia/ingestion@https://registry.npmjs.org/@algolia/ingestion/-/ingestion-1.48.1.tgz 0ms (cache hit)
1759 http cache @algolia/client-personalization@https://registry.npmjs.org/@algolia/client-personalization/-/client-personalization-5.48.1.tgz 0ms (cache hit)
1760 http cache @algolia/client-query-suggestions@https://registry.npmjs.org/@algolia/client-query-suggestions/-/client-query-suggestions-5.48.1.tgz 0ms (cache hit)
1761 http cache @algolia/client-common@https://registry.npmjs.org/@algolia/client-common/-/client-common-5.48.1.tgz 0ms (cache hit)
1762 http cache @algolia/client-insights@https://registry.npmjs.org/@algolia/client-insights/-/client-insights-5.48.1.tgz 0ms (cache hit)
1763 http cache @algolia/client-analytics@https://registry.npmjs.org/@algolia/client-analytics/-/client-analytics-5.48.1.tgz 0ms (cache hit)
1764 http cache require-from-string@https://registry.npmjs.org/require-from-string/-/require-from-string-2.0.2.tgz 0ms (cache hit)
1765 http cache @algolia/abtesting@https://registry.npmjs.org/@algolia/abtesting/-/abtesting-1.14.1.tgz 0ms (cache hit)
1766 http cache @algolia/client-abtesting@https://registry.npmjs.org/@algolia/client-abtesting/-/client-abtesting-5.48.1.tgz 0ms (cache hit)
1767 http cache json-schema-traverse@https://registry.npmjs.org/json-schema-traverse/-/json-schema-traverse-1.0.0.tgz 0ms (cache hit)
1768 http cache fast-uri@https://registry.npmjs.org/fast-uri/-/fast-uri-3.1.6.tgz 0ms (cache hit)
1769 http cache zod-to-json-schema@https://registry.npmjs.org/zod-to-json-schema/-/zod-to-json-schema-3.25.2.tgz 0ms (cache hit)
1770 http cache raw-body@https://registry.npmjs.org/raw-body/-/raw-body-3.0.2.tgz 0ms (cache hit)
1771 http cache fast-deep-equal@https://registry.npmjs.org/fast-deep-equal/-/fast-deep-equal-3.1.3.tgz 0ms (cache hit)
1772 http cache pkce-challenge@https://registry.npmjs.org/pkce-challenge/-/pkce-challenge-5.0.1.tgz 0ms (cache hit)
1773 http cache json-schema-typed@https://registry.npmjs.org/json-schema-typed/-/json-schema-typed-8.0.2.tgz 0ms (cache hit)
1774 http cache jose@https://registry.npmjs.org/jose/-/jose-6.2.10.tgz 0ms (cache hit)
1775 http cache express-rate-limit@https://registry.npmjs.org/express-rate-limit/-/express-rate-limit-8.7.0.tgz 0ms (cache hit)
1776 http cache eventsource-parser@https://registry.npmjs.org/eventsource-parser/-/eventsource-parser-3.1.1.tgz 0ms (cache hit)
1777 http cache cross-spawn@https://registry.npmjs.org/cross-spawn/-/cross-spawn-7.0.6.tgz 0ms (cache hit)
1778 http cache cors@https://registry.npmjs.org/cors/-/cors-2.8.6.tgz 0ms (cache hit)
1779 http cache express@https://registry.npmjs.org/express/-/express-5.2.1.tgz 0ms (cache hit)
1780 http cache eventsource@https://registry.npmjs.org/eventsource/-/eventsource-3.0.7.tgz 0ms (cache hit)
1781 http cache hono@https://registry.npmjs.org/hono/-/hono-4.13.5.tgz 0ms (cache hit)
1782 http cache content-type@https://registry.npmjs.org/content-type/-/content-type-1.0.5.tgz 0ms (cache hit)
1783 http cache @inquirer/external-editor@https://registry.npmjs.org/@inquirer/external-editor/-/external-editor-1.0.3.tgz 0ms (cache hit)
1784 http cache iconv-lite@https://registry.npmjs.org/iconv-lite/-/iconv-lite-0.7.3.tgz 0ms (cache hit)
1785 http cache chardet@https://registry.npmjs.org/chardet/-/chardet-2.2.0.tgz 0ms (cache hit)
1786 http cache @hono/node-server@https://registry.npmjs.org/@hono/node-server/-/node-server-2.1.1.tgz 0ms (cache hit)
1787 http cache wrap-ansi@https://registry.npmjs.org/wrap-ansi/-/wrap-ansi-6.2.0.tgz 0ms (cache hit)
1788 http cache signal-exit@https://registry.npmjs.org/signal-exit/-/signal-exit-4.1.0.tgz 0ms (cache hit)
1789 http cache mute-stream@https://registry.npmjs.org/mute-stream/-/mute-stream-2.0.0.tgz 0ms (cache hit)
1790 http cache @inquirer/type@https://registry.npmjs.org/@inquirer/type/-/type-3.0.10.tgz 0ms (cache hit)
1791 http cache cli-width@https://registry.npmjs.org/cli-width/-/cli-width-4.1.0.tgz 0ms (cache hit)
1792 http cache yoctocolors-cjs@https://registry.npmjs.org/yoctocolors-cjs/-/yoctocolors-cjs-2.1.3.tgz 0ms (cache hit)
1793 http cache @inquirer/core@https://registry.npmjs.org/@inquirer/core/-/core-10.3.2.tgz 0ms (cache hit)
1794 http cache @inquirer/figures@https://registry.npmjs.org/@inquirer/figures/-/figures-1.0.15.tgz 0ms (cache hit)
1795 http cache @inquirer/ansi@https://registry.npmjs.org/@inquirer/ansi/-/ansi-1.0.2.tgz 0ms (cache hit)
1796 http cache @inquirer/select@https://registry.npmjs.org/@inquirer/select/-/select-4.4.2.tgz 0ms (cache hit)
1797 http cache @inquirer/rawlist@https://registry.npmjs.org/@inquirer/rawlist/-/rawlist-4.1.11.tgz 0ms (cache hit)
1798 http cache @inquirer/password@https://registry.npmjs.org/@inquirer/password/-/password-4.0.23.tgz 0ms (cache hit)
1799 http cache @inquirer/number@https://registry.npmjs.org/@inquirer/number/-/number-3.0.23.tgz 0ms (cache hit)
1800 http cache @inquirer/input@https://registry.npmjs.org/@inquirer/input/-/input-4.3.1.tgz 0ms (cache hit)
1801 http cache @inquirer/expand@https://registry.npmjs.org/@inquirer/expand/-/expand-4.0.23.tgz 0ms (cache hit)
1802 http cache @inquirer/search@https://registry.npmjs.org/@inquirer/search/-/search-3.2.2.tgz 0ms (cache hit)
1803 http cache @inquirer/editor@https://registry.npmjs.org/@inquirer/editor/-/editor-4.2.23.tgz 0ms (cache hit)
1804 http cache @inquirer/checkbox@https://registry.npmjs.org/@inquirer/checkbox/-/checkbox-4.3.2.tgz 0ms (cache hit)
1805 http cache ora@https://registry.npmjs.org/ora/-/ora-9.3.0.tgz 0ms (cache hit)
1806 http cache @inquirer/confirm@https://registry.npmjs.org/@inquirer/confirm/-/confirm-5.1.21.tgz 0ms (cache hit)
1807 http cache magic-string@https://registry.npmjs.org/magic-string/-/magic-string-0.30.21.tgz 0ms (cache hit)
1808 http cache source-map@https://registry.npmjs.org/source-map/-/source-map-0.7.6.tgz 0ms (cache hit)
1809 http cache picomatch@https://registry.npmjs.org/picomatch/-/picomatch-4.0.4.tgz 0ms (cache hit)
1810 http cache ajv-formats@https://registry.npmjs.org/ajv-formats/-/ajv-formats-3.0.1.tgz 0ms (cache hit)
1811 http cache ajv@https://registry.npmjs.org/ajv/-/ajv-8.18.0.tgz 0ms (cache hit)
1812 http cache zod@https://registry.npmjs.org/zod/-/zod-4.3.6.tgz 0ms (cache hit)
1813 http cache semver@https://registry.npmjs.org/semver/-/semver-7.7.4.tgz 0ms (cache hit)
1814 http cache yargs@https://registry.npmjs.org/yargs/-/yargs-18.0.0.tgz 0ms (cache hit)
1815 http cache parse5-html-rewriting-stream@https://registry.npmjs.org/parse5-html-rewriting-stream/-/parse5-html-rewriting-stream-8.0.0.tgz 0ms (cache hit)
1816 http cache pacote@https://registry.npmjs.org/pacote/-/pacote-21.5.1.tgz 0ms (cache hit)
1817 http cache rxjs@https://registry.npmjs.org/rxjs/-/rxjs-7.8.2.tgz 0ms (cache hit)
1818 http cache jsonc-parser@https://registry.npmjs.org/jsonc-parser/-/jsonc-parser-3.3.1.tgz 0ms (cache hit)
1819 http cache algoliasearch@https://registry.npmjs.org/algoliasearch/-/algoliasearch-5.48.1.tgz 0ms (cache hit)
1820 http cache @yarnpkg/lockfile@https://registry.npmjs.org/@yarnpkg/lockfile/-/lockfile-1.1.0.tgz 0ms (cache hit)
1821 http cache @modelcontextprotocol/sdk@https://registry.npmjs.org/@modelcontextprotocol/sdk/-/sdk-1.30.0.tgz 0ms (cache hit)
1822 http cache npm-package-arg@https://registry.npmjs.org/npm-package-arg/-/npm-package-arg-13.0.2.tgz 0ms (cache hit)
1823 http cache @schematics/angular@https://registry.npmjs.org/@schematics/angular/-/angular-21.2.22.tgz 0ms (cache hit)
1824 http cache ini@https://registry.npmjs.org/ini/-/ini-6.0.0.tgz 0ms (cache hit)
1825 http cache listr2@https://registry.npmjs.org/listr2/-/listr2-9.0.5.tgz 0ms (cache hit)
1826 http cache @inquirer/prompts@https://registry.npmjs.org/@inquirer/prompts/-/prompts-7.10.1.tgz 0ms (cache hit)
1827 http cache @listr2/prompt-adapter-inquirer@https://registry.npmjs.org/@listr2/prompt-adapter-inquirer/-/prompt-adapter-inquirer-3.0.5.tgz 0ms (cache hit)
1828 http cache @angular-devkit/schematics@https://registry.npmjs.org/@angular-devkit/schematics/-/schematics-21.2.22.tgz 0ms (cache hit)
1829 http cache @angular-devkit/architect@https://registry.npmjs.org/@angular-devkit/architect/-/architect-0.2102.22.tgz 0ms (cache hit)
1830 http cache @angular/cli@https://registry.npmjs.org/@angular/cli/-/cli-21.2.22.tgz 0ms (cache hit)
1831 http cache wrap-ansi@https://registry.npmjs.org/wrap-ansi/-/wrap-ansi-9.0.2.tgz 0ms (cache hit)
1832 http cache string-width@https://registry.npmjs.org/string-width/-/string-width-7.2.0.tgz 0ms (cache hit)
1833 http cache entities@https://registry.npmjs.org/entities/-/entities-8.0.0.tgz 0ms (cache hit)
1834 http cache minipass@https://registry.npmjs.org/minipass/-/minipass-3.3.6.tgz 0ms (cache hit)
1835 http cache yallist@https://registry.npmjs.org/yallist/-/yallist-4.0.0.tgz 0ms (cache hit)
1836 http cache @angular-devkit/core@https://registry.npmjs.org/@angular-devkit/core/-/core-21.2.22.tgz 0ms (cache hit)
1837 http cache minipass@https://registry.npmjs.org/minipass/-/minipass-3.3.6.tgz 0ms (cache hit)
1838 http cache yallist@https://registry.npmjs.org/yallist/-/yallist-4.0.0.tgz 0ms (cache hit)
1839 http cache isexe@https://registry.npmjs.org/isexe/-/isexe-4.0.0.tgz 0ms (cache hit)
1840 http cache which@https://registry.npmjs.org/which/-/which-6.0.1.tgz 0ms (cache hit)
1841 http cache isexe@https://registry.npmjs.org/isexe/-/isexe-4.0.0.tgz 0ms (cache hit)
1842 http cache which@https://registry.npmjs.org/which/-/which-6.0.1.tgz 0ms (cache hit)
1843 http cache which@https://registry.npmjs.org/which/-/which-6.0.1.tgz 0ms (cache hit)
1844 http cache isexe@https://registry.npmjs.org/isexe/-/isexe-4.0.0.tgz 0ms (cache hit)
1845 http cache wrap-ansi@https://registry.npmjs.org/wrap-ansi/-/wrap-ansi-9.0.2.tgz 0ms (cache hit)
1846 http cache slice-ansi@https://registry.npmjs.org/slice-ansi/-/slice-ansi-7.1.2.tgz 0ms (cache hit)
1847 http cache string-width@https://registry.npmjs.org/string-width/-/string-width-7.2.0.tgz 0ms (cache hit)
1848 http cache content-type@https://registry.npmjs.org/content-type/-/content-type-2.1.0.tgz 0ms (cache hit)
1849 http cache content-type@https://registry.npmjs.org/content-type/-/content-type-2.1.0.tgz 0ms (cache hit)
1850 http cache content-type@https://registry.npmjs.org/content-type/-/content-type-2.1.0.tgz 0ms (cache hit)
1851 http cache ansi-regex@https://registry.npmjs.org/ansi-regex/-/ansi-regex-5.0.1.tgz 0ms (cache hit)
1852 http cache is-fullwidth-code-point@https://registry.npmjs.org/is-fullwidth-code-point/-/is-fullwidth-code-point-3.0.0.tgz 0ms (cache hit)
1853 http cache strip-ansi@https://registry.npmjs.org/strip-ansi/-/strip-ansi-6.0.1.tgz 0ms (cache hit)
1854 http cache emoji-regex@https://registry.npmjs.org/emoji-regex/-/emoji-regex-8.0.0.tgz 0ms (cache hit)
1855 http cache ansi-styles@https://registry.npmjs.org/ansi-styles/-/ansi-styles-4.3.0.tgz 0ms (cache hit)
1856 http cache string-width@https://registry.npmjs.org/string-width/-/string-width-4.2.3.tgz 0ms (cache hit)
1857 silly tarball no local data for color-name@https://registry.npmjs.org/color-name/-/color-name-1.1.4.tgz. Extracting by manifest.
1858 silly tarball no local data for color-convert@https://registry.npmjs.org/color-convert/-/color-convert-2.0.1.tgz. Extracting by manifest.
1859 http cache wrap-ansi@https://registry.npmjs.org/wrap-ansi/-/wrap-ansi-9.0.2.tgz 0ms (cache hit)
1860 http cache string-width@https://registry.npmjs.org/string-width/-/string-width-7.2.0.tgz 0ms (cache hit)
1861 http cache string-width@https://registry.npmjs.org/string-width/-/string-width-7.2.0.tgz 0ms (cache hit)
1862 silly tarball no local data for @tufjs/canonical-json@https://registry.npmjs.org/@tufjs/canonical-json/-/canonical-json-2.0.0.tgz. Extracting by manifest.
1863 silly tarball no local data for fdir@https://registry.npmjs.org/fdir/-/fdir-6.5.0.tgz. Extracting by manifest.
1864 silly tarball no local data for @tufjs/models@https://registry.npmjs.org/@tufjs/models/-/models-4.1.0.tgz. Extracting by manifest.
1865 silly tarball no local data for @isaacs/fs-minipass@https://registry.npmjs.org/@isaacs/fs-minipass/-/fs-minipass-4.0.1.tgz. Extracting by manifest.
1866 silly tarball no local data for yallist@https://registry.npmjs.org/yallist/-/yallist-5.0.0.tgz. Extracting by manifest.
1867 silly tarball no local data for chownr@https://registry.npmjs.org/chownr/-/chownr-3.0.0.tgz. Extracting by manifest.
1868 silly tarball no local data for spdx-license-ids@https://registry.npmjs.org/spdx-license-ids/-/spdx-license-ids-3.0.23.tgz. Extracting by manifest.
1869 silly tarball no local data for spdx-exceptions@https://registry.npmjs.org/spdx-exceptions/-/spdx-exceptions-2.5.0.tgz. Extracting by manifest.
1870 silly tarball no local data for smart-buffer@https://registry.npmjs.org/smart-buffer/-/smart-buffer-4.2.0.tgz. Extracting by manifest.
1871 silly tarball no local data for socks@https://registry.npmjs.org/socks/-/socks-2.8.9.tgz. Extracting by manifest.
1872 silly tarball no local data for tuf-js@https://registry.npmjs.org/tuf-js/-/tuf-js-4.1.0.tgz. Extracting by manifest.
1873 silly tarball no local data for @sigstore/tuf@https://registry.npmjs.org/@sigstore/tuf/-/tuf-4.0.2.tgz. Extracting by manifest.
1874 silly tarball no local data for @sigstore/sign@https://registry.npmjs.org/@sigstore/sign/-/sign-4.1.1.tgz. Extracting by manifest.
1875 silly tarball no local data for @sigstore/core@https://registry.npmjs.org/@sigstore/core/-/core-3.2.1.tgz. Extracting by manifest.
1876 silly tarball no local data for @sigstore/protobuf-specs@https://registry.npmjs.org/@sigstore/protobuf-specs/-/protobuf-specs-0.5.2.tgz. Extracting by manifest.
1877 silly tarball no local data for @sigstore/bundle@https://registry.npmjs.org/@sigstore/bundle/-/bundle-4.0.0.tgz. Extracting by manifest.
1878 silly tarball no local data for @sigstore/verify@https://registry.npmjs.org/@sigstore/verify/-/verify-3.1.1.tgz. Extracting by manifest.
1879 silly tarball no local data for minipass-sized@https://registry.npmjs.org/minipass-sized/-/minipass-sized-2.0.0.tgz. Extracting by manifest.
1880 silly tarball no local data for entities@https://registry.npmjs.org/entities/-/entities-6.0.1.tgz. Extracting by manifest.
1881 silly tarball no local data for socks-proxy-agent@https://registry.npmjs.org/socks-proxy-agent/-/socks-proxy-agent-8.0.5.tgz. Extracting by manifest.
1882 silly tarball no local data for http-proxy-agent@https://registry.npmjs.org/http-proxy-agent/-/http-proxy-agent-7.0.2.tgz. Extracting by manifest.
1883 silly tarball no local data for http-cache-semantics@https://registry.npmjs.org/http-cache-semantics/-/http-cache-semantics-4.2.0.tgz. Extracting by manifest.
1884 silly tarball no local data for agent-base@https://registry.npmjs.org/agent-base/-/agent-base-7.1.4.tgz. Extracting by manifest.
1885 silly tarball no local data for @npmcli/agent@https://registry.npmjs.org/@npmcli/agent/-/agent-4.0.2.tgz. Extracting by manifest.
1886 silly tarball no local data for https-proxy-agent@https://registry.npmjs.org/https-proxy-agent/-/https-proxy-agent-7.0.6.tgz. Extracting by manifest.
1887 silly tarball no local data for minipass-fetch@https://registry.npmjs.org/minipass-fetch/-/minipass-fetch-5.0.2.tgz. Extracting by manifest.
1888 silly tarball no local data for make-fetch-happen@https://registry.npmjs.org/make-fetch-happen/-/make-fetch-happen-15.0.6.tgz. Extracting by manifest.
1889 silly tarball no local data for @npmcli/redact@https://registry.npmjs.org/@npmcli/redact/-/redact-4.0.0.tgz. Extracting by manifest.
1890 silly tarball no local data for minizlib@https://registry.npmjs.org/minizlib/-/minizlib-3.1.0.tgz. Extracting by manifest.
1891 silly tarball no local data for npm-install-checks@https://registry.npmjs.org/npm-install-checks/-/npm-install-checks-8.0.0.tgz. Extracting by manifest.
1892 silly tarball no local data for jsonparse@https://registry.npmjs.org/jsonparse/-/jsonparse-1.3.1.tgz. Extracting by manifest.
1893 silly tarball no local data for ignore-walk@https://registry.npmjs.org/ignore-walk/-/ignore-walk-8.0.0.tgz. Extracting by manifest.
1894 silly tarball no local data for abbrev@https://registry.npmjs.org/abbrev/-/abbrev-4.0.0.tgz. Extracting by manifest.
1895 silly tarball no local data for undici@https://registry.npmjs.org/undici/-/undici-6.28.0.tgz. Extracting by manifest.
1896 silly tarball no local data for tinyglobby@https://registry.npmjs.org/tinyglobby/-/tinyglobby-0.2.17.tgz. Extracting by manifest.
1897 silly tarball no local data for nopt@https://registry.npmjs.org/nopt/-/nopt-9.0.0.tgz. Extracting by manifest.
1898 silly tarball no local data for graceful-fs@https://registry.npmjs.org/graceful-fs/-/graceful-fs-4.2.11.tgz. Extracting by manifest.
1899 silly tarball no local data for exponential-backoff@https://registry.npmjs.org/exponential-backoff/-/exponential-backoff-3.1.3.tgz. Extracting by manifest.
1900 silly tarball no local data for env-paths@https://registry.npmjs.org/env-paths/-/env-paths-2.2.1.tgz. Extracting by manifest.
1901 silly tarball no local data for balanced-match@https://registry.npmjs.org/balanced-match/-/balanced-match-4.0.4.tgz. Extracting by manifest.
1902 silly tarball no local data for brace-expansion@https://registry.npmjs.org/brace-expansion/-/brace-expansion-5.0.9.tgz. Extracting by manifest.
1903 silly tarball no local data for path-scurry@https://registry.npmjs.org/path-scurry/-/path-scurry-2.0.2.tgz. Extracting by manifest.
1904 silly tarball no local data for p-map@https://registry.npmjs.org/p-map/-/p-map-7.0.7.tgz. Extracting by manifest.
1905 silly tarball no local data for minipass-flush@https://registry.npmjs.org/minipass-flush/-/minipass-flush-1.0.7.tgz. Extracting by manifest.
1906 silly tarball no local data for minimatch@https://registry.npmjs.org/minimatch/-/minimatch-10.2.6.tgz. Extracting by manifest.
1907 silly tarball no local data for minipass-pipeline@https://registry.npmjs.org/minipass-pipeline/-/minipass-pipeline-1.2.4.tgz. Extracting by manifest.
1908 silly tarball no local data for @npmcli/fs@https://registry.npmjs.org/@npmcli/fs/-/fs-5.0.0.tgz. Extracting by manifest.
1909 silly tarball no local data for minipass-collect@https://registry.npmjs.org/minipass-collect/-/minipass-collect-2.0.1.tgz. Extracting by manifest.
1910 silly tarball no local data for @npmcli/node-gyp@https://registry.npmjs.org/@npmcli/node-gyp/-/node-gyp-5.0.0.tgz. Extracting by manifest.
1911 silly tarball no local data for node-gyp@https://registry.npmjs.org/node-gyp/-/node-gyp-12.4.0.tgz. Extracting by manifest.
1912 silly tarball no local data for json-parse-even-better-errors@https://registry.npmjs.org/json-parse-even-better-errors/-/json-parse-even-better-errors-5.0.0.tgz. Extracting by manifest.
1913 silly tarball no local data for spdx-expression-parse@https://registry.npmjs.org/spdx-expression-parse/-/spdx-expression-parse-4.0.0.tgz. Extracting by manifest.
1914 silly tarball no local data for glob@https://registry.npmjs.org/glob/-/glob-13.0.6.tgz. Extracting by manifest.
1915 silly tarball no local data for npm-normalize-package-bin@https://registry.npmjs.org/npm-normalize-package-bin/-/npm-normalize-package-bin-5.0.0.tgz. Extracting by manifest.
1916 silly tarball no local data for npm-bundled@https://registry.npmjs.org/npm-bundled/-/npm-bundled-5.0.0.tgz. Extracting by manifest.
1917 silly tarball no local data for tar@https://registry.npmjs.org/tar/-/tar-7.5.22.tgz. Extracting by manifest.
1918 silly tarball no local data for ssri@https://registry.npmjs.org/ssri/-/ssri-13.0.1.tgz. Extracting by manifest.
1919 silly tarball no local data for sigstore@https://registry.npmjs.org/sigstore/-/sigstore-4.1.1.tgz. Extracting by manifest.
1920 silly tarball no local data for npm-pick-manifest@https://registry.npmjs.org/npm-pick-manifest/-/npm-pick-manifest-11.0.3.tgz. Extracting by manifest.
1921 silly tarball no local data for npm-registry-fetch@https://registry.npmjs.org/npm-registry-fetch/-/npm-registry-fetch-19.1.1.tgz. Extracting by manifest.
1922 silly tarball no local data for npm-packlist@https://registry.npmjs.org/npm-packlist/-/npm-packlist-10.0.4.tgz. Extracting by manifest.
1923 silly tarball no local data for fs-minipass@https://registry.npmjs.org/fs-minipass/-/fs-minipass-3.0.3.tgz. Extracting by manifest.
1924 silly tarball no local data for cacache@https://registry.npmjs.org/cacache/-/cacache-20.0.4.tgz. Extracting by manifest.
1925 silly tarball no local data for @npmcli/run-script@https://registry.npmjs.org/@npmcli/run-script/-/run-script-10.0.4.tgz. Extracting by manifest.
1926 silly tarball no local data for @npmcli/promise-spawn@https://registry.npmjs.org/@npmcli/promise-spawn/-/promise-spawn-9.0.1.tgz. Extracting by manifest.
1927 silly tarball no local data for minipass@https://registry.npmjs.org/minipass/-/minipass-7.1.3.tgz. Extracting by manifest.
1928 silly tarball no local data for @npmcli/package-json@https://registry.npmjs.org/@npmcli/package-json/-/package-json-7.0.5.tgz. Extracting by manifest.
1929 silly tarball no local data for @npmcli/installed-package-contents@https://registry.npmjs.org/@npmcli/installed-package-contents/-/installed-package-contents-4.0.0.tgz. Extracting by manifest.
1930 silly tarball no local data for @npmcli/git@https://registry.npmjs.org/@npmcli/git/-/git-7.0.2.tgz. Extracting by manifest.
1931 silly tarball no local data for @gar/promise-retry@https://registry.npmjs.org/@gar/promise-retry/-/promise-retry-1.0.3.tgz. Extracting by manifest.
1932 silly tarball no local data for proc-log@https://registry.npmjs.org/proc-log/-/proc-log-6.1.0.tgz. Extracting by manifest.
1933 silly tarball no local data for validate-npm-package-name@https://registry.npmjs.org/validate-npm-package-name/-/validate-npm-package-name-7.0.2.tgz. Extracting by manifest.
1934 silly tarball no local data for hosted-git-info@https://registry.npmjs.org/hosted-git-info/-/hosted-git-info-9.0.3.tgz. Extracting by manifest.
1935 silly tarball no local data for slice-ansi@https://registry.npmjs.org/slice-ansi/-/slice-ansi-8.0.0.tgz. Extracting by manifest.
1936 silly tarball no local data for rfdc@https://registry.npmjs.org/rfdc/-/rfdc-1.4.1.tgz. Extracting by manifest.
1937 silly tarball no local data for log-update@https://registry.npmjs.org/log-update/-/log-update-6.1.0.tgz. Extracting by manifest.
1938 silly tarball no local data for eventemitter3@https://registry.npmjs.org/eventemitter3/-/eventemitter3-5.0.4.tgz. Extracting by manifest.
1939 silly tarball no local data for cli-truncate@https://registry.npmjs.org/cli-truncate/-/cli-truncate-5.2.0.tgz. Extracting by manifest.
1940 silly tarball no local data for colorette@https://registry.npmjs.org/colorette/-/colorette-2.0.20.tgz. Extracting by manifest.
1941 silly tarball no local data for @algolia/requester-node-http@https://registry.npmjs.org/@algolia/requester-node-http/-/requester-node-http-5.48.1.tgz. Extracting by manifest.
1942 silly tarball no local data for @algolia/requester-fetch@https://registry.npmjs.org/@algolia/requester-fetch/-/requester-fetch-5.48.1.tgz. Extracting by manifest.
1943 silly tarball no local data for @algolia/recommend@https://registry.npmjs.org/@algolia/recommend/-/recommend-5.48.1.tgz. Extracting by manifest.
1944 silly tarball no local data for @algolia/requester-browser-xhr@https://registry.npmjs.org/@algolia/requester-browser-xhr/-/requester-browser-xhr-5.48.1.tgz. Extracting by manifest.
1945 silly tarball no local data for @algolia/monitoring@https://registry.npmjs.org/@algolia/monitoring/-/monitoring-1.48.1.tgz. Extracting by manifest.
1946 silly tarball no local data for @algolia/client-search@https://registry.npmjs.org/@algolia/client-search/-/client-search-5.48.1.tgz. Extracting by manifest.
1947 silly tarball no local data for @algolia/ingestion@https://registry.npmjs.org/@algolia/ingestion/-/ingestion-1.48.1.tgz. Extracting by manifest.
1948 silly tarball no local data for @algolia/client-personalization@https://registry.npmjs.org/@algolia/client-personalization/-/client-personalization-5.48.1.tgz. Extracting by manifest.
1949 silly tarball no local data for @algolia/client-query-suggestions@https://registry.npmjs.org/@algolia/client-query-suggestions/-/client-query-suggestions-5.48.1.tgz. Extracting by manifest.
1950 silly tarball no local data for @algolia/client-common@https://registry.npmjs.org/@algolia/client-common/-/client-common-5.48.1.tgz. Extracting by manifest.
1951 silly tarball no local data for @algolia/client-insights@https://registry.npmjs.org/@algolia/client-insights/-/client-insights-5.48.1.tgz. Extracting by manifest.
1952 silly tarball no local data for @algolia/client-analytics@https://registry.npmjs.org/@algolia/client-analytics/-/client-analytics-5.48.1.tgz. Extracting by manifest.
1953 silly tarball no local data for @algolia/abtesting@https://registry.npmjs.org/@algolia/abtesting/-/abtesting-1.14.1.tgz. Extracting by manifest.
1954 silly tarball no local data for @algolia/client-abtesting@https://registry.npmjs.org/@algolia/client-abtesting/-/client-abtesting-5.48.1.tgz. Extracting by manifest.
1955 silly tarball no local data for @inquirer/external-editor@https://registry.npmjs.org/@inquirer/external-editor/-/external-editor-1.0.3.tgz. Extracting by manifest.
1956 silly tarball no local data for wrap-ansi@https://registry.npmjs.org/wrap-ansi/-/wrap-ansi-6.2.0.tgz. Extracting by manifest.
1957 silly tarball no local data for mute-stream@https://registry.npmjs.org/mute-stream/-/mute-stream-2.0.0.tgz. Extracting by manifest.
1958 silly tarball no local data for @inquirer/type@https://registry.npmjs.org/@inquirer/type/-/type-3.0.10.tgz. Extracting by manifest.
1959 silly tarball no local data for yoctocolors-cjs@https://registry.npmjs.org/yoctocolors-cjs/-/yoctocolors-cjs-2.1.3.tgz. Extracting by manifest.
1960 silly tarball no local data for @inquirer/core@https://registry.npmjs.org/@inquirer/core/-/core-10.3.2.tgz. Extracting by manifest.
1961 silly tarball no local data for @inquirer/figures@https://registry.npmjs.org/@inquirer/figures/-/figures-1.0.15.tgz. Extracting by manifest.
1962 silly tarball no local data for @inquirer/ansi@https://registry.npmjs.org/@inquirer/ansi/-/ansi-1.0.2.tgz. Extracting by manifest.
1963 silly tarball no local data for @inquirer/select@https://registry.npmjs.org/@inquirer/select/-/select-4.4.2.tgz. Extracting by manifest.
1964 silly tarball no local data for @inquirer/rawlist@https://registry.npmjs.org/@inquirer/rawlist/-/rawlist-4.1.11.tgz. Extracting by manifest.
1965 silly tarball no local data for @inquirer/password@https://registry.npmjs.org/@inquirer/password/-/password-4.0.23.tgz. Extracting by manifest.
1966 silly tarball no local data for @inquirer/number@https://registry.npmjs.org/@inquirer/number/-/number-3.0.23.tgz. Extracting by manifest.
1967 silly tarball no local data for @inquirer/input@https://registry.npmjs.org/@inquirer/input/-/input-4.3.1.tgz. Extracting by manifest.
1968 silly tarball no local data for @inquirer/expand@https://registry.npmjs.org/@inquirer/expand/-/expand-4.0.23.tgz. Extracting by manifest.
1969 silly tarball no local data for @inquirer/search@https://registry.npmjs.org/@inquirer/search/-/search-3.2.2.tgz. Extracting by manifest.
1970 silly tarball no local data for @inquirer/editor@https://registry.npmjs.org/@inquirer/editor/-/editor-4.2.23.tgz. Extracting by manifest.
1971 silly tarball no local data for @inquirer/checkbox@https://registry.npmjs.org/@inquirer/checkbox/-/checkbox-4.3.2.tgz. Extracting by manifest.
1972 silly tarball no local data for ora@https://registry.npmjs.org/ora/-/ora-9.3.0.tgz. Extracting by manifest.
1973 silly tarball no local data for @inquirer/confirm@https://registry.npmjs.org/@inquirer/confirm/-/confirm-5.1.21.tgz. Extracting by manifest.
1974 silly tarball no local data for magic-string@https://registry.npmjs.org/magic-string/-/magic-string-0.30.21.tgz. Extracting by manifest.
1975 silly tarball no local data for picomatch@https://registry.npmjs.org/picomatch/-/picomatch-4.0.4.tgz. Extracting by manifest.
1976 silly tarball no local data for ajv@https://registry.npmjs.org/ajv/-/ajv-8.18.0.tgz. Extracting by manifest.
1977 silly tarball no local data for zod@https://registry.npmjs.org/zod/-/zod-4.3.6.tgz. Extracting by manifest.
1978 silly tarball no local data for semver@https://registry.npmjs.org/semver/-/semver-7.7.4.tgz. Extracting by manifest.
1979 silly tarball no local data for yargs@https://registry.npmjs.org/yargs/-/yargs-18.0.0.tgz. Extracting by manifest.
1980 silly tarball no local data for parse5-html-rewriting-stream@https://registry.npmjs.org/parse5-html-rewriting-stream/-/parse5-html-rewriting-stream-8.0.0.tgz. Extracting by manifest.
1981 silly tarball no local data for pacote@https://registry.npmjs.org/pacote/-/pacote-21.5.1.tgz. Extracting by manifest.
1982 silly tarball no local data for algoliasearch@https://registry.npmjs.org/algoliasearch/-/algoliasearch-5.48.1.tgz. Extracting by manifest.
1983 silly tarball no local data for @yarnpkg/lockfile@https://registry.npmjs.org/@yarnpkg/lockfile/-/lockfile-1.1.0.tgz. Extracting by manifest.
1984 silly tarball no local data for npm-package-arg@https://registry.npmjs.org/npm-package-arg/-/npm-package-arg-13.0.2.tgz. Extracting by manifest.
1985 silly tarball no local data for @schematics/angular@https://registry.npmjs.org/@schematics/angular/-/angular-21.2.22.tgz. Extracting by manifest.
1986 silly tarball no local data for ini@https://registry.npmjs.org/ini/-/ini-6.0.0.tgz. Extracting by manifest.
1987 silly tarball no local data for listr2@https://registry.npmjs.org/listr2/-/listr2-9.0.5.tgz. Extracting by manifest.
1988 silly tarball no local data for @inquirer/prompts@https://registry.npmjs.org/@inquirer/prompts/-/prompts-7.10.1.tgz. Extracting by manifest.
1989 silly tarball no local data for @listr2/prompt-adapter-inquirer@https://registry.npmjs.org/@listr2/prompt-adapter-inquirer/-/prompt-adapter-inquirer-3.0.5.tgz. Extracting by manifest.
1990 silly tarball no local data for @angular-devkit/schematics@https://registry.npmjs.org/@angular-devkit/schematics/-/schematics-21.2.22.tgz. Extracting by manifest.
1991 silly tarball no local data for @angular-devkit/architect@https://registry.npmjs.org/@angular-devkit/architect/-/architect-0.2102.22.tgz. Extracting by manifest.
1992 silly tarball no local data for @angular/cli@https://registry.npmjs.org/@angular/cli/-/cli-21.2.22.tgz. Extracting by manifest.
1993 silly tarball no local data for minipass@https://registry.npmjs.org/minipass/-/minipass-3.3.6.tgz. Extracting by manifest.
1994 silly tarball no local data for yallist@https://registry.npmjs.org/yallist/-/yallist-4.0.0.tgz. Extracting by manifest.
1995 silly tarball no local data for @angular-devkit/core@https://registry.npmjs.org/@angular-devkit/core/-/core-21.2.22.tgz. Extracting by manifest.
1996 silly tarball no local data for minipass@https://registry.npmjs.org/minipass/-/minipass-3.3.6.tgz. Extracting by manifest.
1997 silly tarball no local data for yallist@https://registry.npmjs.org/yallist/-/yallist-4.0.0.tgz. Extracting by manifest.
1998 silly tarball no local data for isexe@https://registry.npmjs.org/isexe/-/isexe-4.0.0.tgz. Extracting by manifest.
1999 silly tarball no local data for which@https://registry.npmjs.org/which/-/which-6.0.1.tgz. Extracting by manifest.
2000 silly tarball no local data for isexe@https://registry.npmjs.org/isexe/-/isexe-4.0.0.tgz. Extracting by manifest.
2001 silly tarball no local data for which@https://registry.npmjs.org/which/-/which-6.0.1.tgz. Extracting by manifest.
2002 silly tarball no local data for which@https://registry.npmjs.org/which/-/which-6.0.1.tgz. Extracting by manifest.
2003 silly tarball no local data for isexe@https://registry.npmjs.org/isexe/-/isexe-4.0.0.tgz. Extracting by manifest.
2004 silly tarball no local data for slice-ansi@https://registry.npmjs.org/slice-ansi/-/slice-ansi-7.1.2.tgz. Extracting by manifest.
2005 silly tarball no local data for ansi-regex@https://registry.npmjs.org/ansi-regex/-/ansi-regex-5.0.1.tgz. Extracting by manifest.
2006 silly tarball no local data for is-fullwidth-code-point@https://registry.npmjs.org/is-fullwidth-code-point/-/is-fullwidth-code-point-3.0.0.tgz. Extracting by manifest.
2007 silly tarball no local data for strip-ansi@https://registry.npmjs.org/strip-ansi/-/strip-ansi-6.0.1.tgz. Extracting by manifest.
2008 silly tarball no local data for emoji-regex@https://registry.npmjs.org/emoji-regex/-/emoji-regex-8.0.0.tgz. Extracting by manifest.
2009 silly tarball no local data for ansi-styles@https://registry.npmjs.org/ansi-styles/-/ansi-styles-4.3.0.tgz. Extracting by manifest.
2010 silly tarball no local data for string-width@https://registry.npmjs.org/string-width/-/string-width-4.2.3.tgz. Extracting by manifest.
2011 http fetch POST 200 https://registry.npmjs.org/-/npm/v1/security/advisories/bulk 354ms
2012 silly audit report {}
2013 http fetch GET 200 https://registry.npmjs.org/fdir/-/fdir-6.5.0.tgz 377ms (cache miss)
2014 http fetch GET 200 https://registry.npmjs.org/spdx-license-ids/-/spdx-license-ids-3.0.23.tgz 391ms (cache miss)
2015 http fetch GET 200 https://registry.npmjs.org/color-name/-/color-name-1.1.4.tgz 395ms (cache miss)
2016 http fetch GET 200 https://registry.npmjs.org/chownr/-/chownr-3.0.0.tgz 393ms (cache miss)
2017 http fetch GET 200 https://registry.npmjs.org/spdx-exceptions/-/spdx-exceptions-2.5.0.tgz 393ms (cache miss)
2018 http fetch GET 200 https://registry.npmjs.org/@tufjs/canonical-json/-/canonical-json-2.0.0.tgz 425ms (cache miss)
2019 http fetch GET 200 https://registry.npmjs.org/http-proxy-agent/-/http-proxy-agent-7.0.2.tgz 452ms (cache miss)
2020 http fetch GET 200 https://registry.npmjs.org/socks-proxy-agent/-/socks-proxy-agent-8.0.5.tgz 454ms (cache miss)
2021 http fetch GET 200 https://registry.npmjs.org/color-convert/-/color-convert-2.0.1.tgz 466ms (cache miss)
2022 http fetch GET 200 https://registry.npmjs.org/http-cache-semantics/-/http-cache-semantics-4.2.0.tgz 459ms (cache miss)
2023 http fetch GET 200 https://registry.npmjs.org/minipass-sized/-/minipass-sized-2.0.0.tgz 465ms (cache miss)
2024 http fetch GET 200 https://registry.npmjs.org/https-proxy-agent/-/https-proxy-agent-7.0.6.tgz 478ms (cache miss)
2025 http fetch GET 200 https://registry.npmjs.org/jsonparse/-/jsonparse-1.3.1.tgz 529ms (cache miss)
2026 http fetch GET 200 https://registry.npmjs.org/npm-install-checks/-/npm-install-checks-8.0.0.tgz 533ms (cache miss)
2027 http fetch GET 200 https://registry.npmjs.org/ignore-walk/-/ignore-walk-8.0.0.tgz 534ms (cache miss)
2028 http fetch GET 200 https://registry.npmjs.org/abbrev/-/abbrev-4.0.0.tgz 543ms (cache miss)
2029 http fetch GET 200 https://registry.npmjs.org/tinyglobby/-/tinyglobby-0.2.17.tgz 569ms (cache miss)
2030 http fetch GET 200 https://registry.npmjs.org/nopt/-/nopt-9.0.0.tgz 586ms (cache miss)
2031 http fetch GET 200 https://registry.npmjs.org/exponential-backoff/-/exponential-backoff-3.1.3.tgz 586ms (cache miss)
2032 http fetch GET 200 https://registry.npmjs.org/env-paths/-/env-paths-2.2.1.tgz 587ms (cache miss)
2033 http fetch GET 200 https://registry.npmjs.org/balanced-match/-/balanced-match-4.0.4.tgz 591ms (cache miss)
2034 http fetch GET 200 https://registry.npmjs.org/graceful-fs/-/graceful-fs-4.2.11.tgz 595ms (cache miss)
2035 http fetch GET 200 https://registry.npmjs.org/yallist/-/yallist-5.0.0.tgz 629ms (cache miss)
2036 http fetch GET 200 https://registry.npmjs.org/minipass-fetch/-/minipass-fetch-5.0.2.tgz 629ms (cache miss)
2037 http fetch GET 200 https://registry.npmjs.org/minipass-flush/-/minipass-flush-1.0.7.tgz 626ms (cache miss)
2038 http fetch GET 200 https://registry.npmjs.org/@isaacs/fs-minipass/-/fs-minipass-4.0.1.tgz 638ms (cache miss)
2039 http fetch GET 200 https://registry.npmjs.org/p-map/-/p-map-7.0.7.tgz 635ms (cache miss)
2040 http fetch GET 200 https://registry.npmjs.org/agent-base/-/agent-base-7.1.4.tgz 641ms (cache miss)
2041 http fetch GET 200 https://registry.npmjs.org/smart-buffer/-/smart-buffer-4.2.0.tgz 646ms (cache miss)
2042 http fetch GET 200 https://registry.npmjs.org/minipass-pipeline/-/minipass-pipeline-1.2.4.tgz 637ms (cache miss)
2043 http fetch GET 200 https://registry.npmjs.org/minipass-collect/-/minipass-collect-2.0.1.tgz 639ms (cache miss)
2044 http fetch GET 200 https://registry.npmjs.org/json-parse-even-better-errors/-/json-parse-even-better-errors-5.0.0.tgz 649ms (cache miss)
2045 http fetch GET 200 https://registry.npmjs.org/@npmcli/redact/-/redact-4.0.0.tgz 656ms (cache miss)
2046 http fetch GET 200 https://registry.npmjs.org/spdx-expression-parse/-/spdx-expression-parse-4.0.0.tgz 661ms (cache miss)
2047 http fetch GET 200 https://registry.npmjs.org/make-fetch-happen/-/make-fetch-happen-15.0.6.tgz 672ms (cache miss)
2048 http fetch GET 200 https://registry.npmjs.org/tuf-js/-/tuf-js-4.1.0.tgz 688ms (cache miss)
2049 http fetch GET 200 https://registry.npmjs.org/@sigstore/tuf/-/tuf-4.0.2.tgz 692ms (cache miss)
2050 http fetch GET 200 https://registry.npmjs.org/npm-normalize-package-bin/-/npm-normalize-package-bin-5.0.0.tgz 682ms (cache miss)
2051 http fetch GET 200 https://registry.npmjs.org/npm-bundled/-/npm-bundled-5.0.0.tgz 690ms (cache miss)
2052 http fetch GET 200 https://registry.npmjs.org/ssri/-/ssri-13.0.1.tgz 703ms (cache miss)
2053 http fetch GET 200 https://registry.npmjs.org/npm-pick-manifest/-/npm-pick-manifest-11.0.3.tgz 716ms (cache miss)
2054 http fetch GET 200 https://registry.npmjs.org/npm-packlist/-/npm-packlist-10.0.4.tgz 718ms (cache miss)
2055 http fetch GET 200 https://registry.npmjs.org/sigstore/-/sigstore-4.1.1.tgz 721ms (cache miss)
2056 http fetch GET 200 https://registry.npmjs.org/@npmcli/agent/-/agent-4.0.2.tgz 735ms (cache miss)
2057 http fetch GET 200 https://registry.npmjs.org/brace-expansion/-/brace-expansion-5.0.9.tgz 734ms (cache miss)
2058 http fetch GET 200 https://registry.npmjs.org/fs-minipass/-/fs-minipass-3.0.3.tgz 738ms (cache miss)
2059 http fetch GET 200 https://registry.npmjs.org/@sigstore/bundle/-/bundle-4.0.0.tgz 755ms (cache miss)
2060 http fetch GET 200 https://registry.npmjs.org/minizlib/-/minizlib-3.1.0.tgz 773ms (cache miss)
2061 http fetch GET 200 https://registry.npmjs.org/npm-registry-fetch/-/npm-registry-fetch-19.1.1.tgz 776ms (cache miss)
2062 http fetch GET 200 https://registry.npmjs.org/@npmcli/git/-/git-7.0.2.tgz 788ms (cache miss)
2063 http fetch GET 200 https://registry.npmjs.org/validate-npm-package-name/-/validate-npm-package-name-7.0.2.tgz 797ms (cache miss)
2064 http fetch GET 200 https://registry.npmjs.org/proc-log/-/proc-log-6.1.0.tgz 809ms (cache miss)
2065 http fetch GET 200 https://registry.npmjs.org/hosted-git-info/-/hosted-git-info-9.0.3.tgz 809ms (cache miss)
2066 http fetch GET 200 https://registry.npmjs.org/path-scurry/-/path-scurry-2.0.2.tgz 823ms (cache miss)
2067 http fetch GET 200 https://registry.npmjs.org/slice-ansi/-/slice-ansi-8.0.0.tgz 816ms (cache miss)
2068 http fetch GET 200 https://registry.npmjs.org/rfdc/-/rfdc-1.4.1.tgz 826ms (cache miss)
2069 http fetch GET 200 https://registry.npmjs.org/log-update/-/log-update-6.1.0.tgz 838ms (cache miss)
2070 http fetch GET 200 https://registry.npmjs.org/@npmcli/fs/-/fs-5.0.0.tgz 858ms (cache miss)
2071 http fetch GET 200 https://registry.npmjs.org/socks/-/socks-2.8.9.tgz 868ms (cache miss)
2072 http fetch GET 200 https://registry.npmjs.org/cacache/-/cacache-20.0.4.tgz 866ms (cache miss)
2073 http fetch GET 200 https://registry.npmjs.org/@tufjs/models/-/models-4.1.0.tgz 892ms (cache miss)
2074 http fetch GET 200 https://registry.npmjs.org/colorette/-/colorette-2.0.20.tgz 875ms (cache miss)
2075 http fetch GET 200 https://registry.npmjs.org/cli-truncate/-/cli-truncate-5.2.0.tgz 880ms (cache miss)
2076 http fetch GET 200 https://registry.npmjs.org/minipass/-/minipass-7.1.3.tgz 891ms (cache miss)
2077 http fetch GET 200 https://registry.npmjs.org/eventemitter3/-/eventemitter3-5.0.4.tgz 899ms (cache miss)
2078 http fetch GET 200 https://registry.npmjs.org/@npmcli/promise-spawn/-/promise-spawn-9.0.1.tgz 924ms (cache miss)
2079 http fetch GET 200 https://registry.npmjs.org/@npmcli/installed-package-contents/-/installed-package-contents-4.0.0.tgz 928ms (cache miss)
2080 http fetch GET 200 https://registry.npmjs.org/@npmcli/package-json/-/package-json-7.0.5.tgz 932ms (cache miss)
2081 http fetch GET 200 https://registry.npmjs.org/@sigstore/core/-/core-3.2.1.tgz 948ms (cache miss)
2082 http fetch GET 200 https://registry.npmjs.org/@sigstore/protobuf-specs/-/protobuf-specs-0.5.2.tgz 954ms (cache miss)
2083 http fetch GET 200 https://registry.npmjs.org/@npmcli/node-gyp/-/node-gyp-5.0.0.tgz 970ms (cache miss)
2084 http fetch GET 200 https://registry.npmjs.org/@sigstore/verify/-/verify-3.1.1.tgz 999ms (cache miss)
2085 http fetch GET 200 https://registry.npmjs.org/minimatch/-/minimatch-10.2.6.tgz 1001ms (cache miss)
2086 http fetch GET 200 https://registry.npmjs.org/@sigstore/sign/-/sign-4.1.1.tgz 1031ms (cache miss)
2087 http fetch GET 200 https://registry.npmjs.org/@npmcli/run-script/-/run-script-10.0.4.tgz 1031ms (cache miss)
2088 http fetch GET 200 https://registry.npmjs.org/@algolia/requester-node-http/-/requester-node-http-5.48.1.tgz 1051ms (cache miss)
2089 http fetch GET 200 https://registry.npmjs.org/@algolia/requester-browser-xhr/-/requester-browser-xhr-5.48.1.tgz 1050ms (cache miss)
2090 http fetch GET 200 https://registry.npmjs.org/entities/-/entities-6.0.1.tgz 1082ms (cache miss)
2091 http fetch GET 200 https://registry.npmjs.org/@algolia/requester-fetch/-/requester-fetch-5.48.1.tgz 1081ms (cache miss)
2092 http fetch GET 200 https://registry.npmjs.org/glob/-/glob-13.0.6.tgz 1119ms (cache miss)
2093 http fetch GET 200 https://registry.npmjs.org/wrap-ansi/-/wrap-ansi-6.2.0.tgz 1129ms (cache miss)
2094 http fetch GET 200 https://registry.npmjs.org/@inquirer/external-editor/-/external-editor-1.0.3.tgz 1138ms (cache miss)
2095 http fetch GET 200 https://registry.npmjs.org/mute-stream/-/mute-stream-2.0.0.tgz 1161ms (cache miss)
2096 http fetch GET 200 https://registry.npmjs.org/@inquirer/type/-/type-3.0.10.tgz 1192ms (cache miss)
2097 http fetch GET 200 https://registry.npmjs.org/yoctocolors-cjs/-/yoctocolors-cjs-2.1.3.tgz 1208ms (cache miss)
2098 http fetch GET 200 https://registry.npmjs.org/@inquirer/ansi/-/ansi-1.0.2.tgz 1246ms (cache miss)
2099 http fetch GET 200 https://registry.npmjs.org/@gar/promise-retry/-/promise-retry-1.0.3.tgz 1265ms (cache miss)
2100 http fetch GET 200 https://registry.npmjs.org/@algolia/client-insights/-/client-insights-5.48.1.tgz 1279ms (cache miss)
2101 http fetch GET 200 https://registry.npmjs.org/@inquirer/select/-/select-4.4.2.tgz 1275ms (cache miss)
2102 http fetch GET 200 https://registry.npmjs.org/node-gyp/-/node-gyp-12.4.0.tgz 1296ms (cache miss)
2103 http fetch GET 200 https://registry.npmjs.org/@inquirer/figures/-/figures-1.0.15.tgz 1294ms (cache miss)
2104 http fetch GET 200 https://registry.npmjs.org/@inquirer/input/-/input-4.3.1.tgz 1320ms (cache miss)
2105 http fetch GET 200 https://registry.npmjs.org/@algolia/ingestion/-/ingestion-1.48.1.tgz 1326ms (cache miss)
2106 http fetch GET 200 https://registry.npmjs.org/@inquirer/expand/-/expand-4.0.23.tgz 1326ms (cache miss)
2107 http fetch GET 200 https://registry.npmjs.org/ora/-/ora-9.3.0.tgz 1376ms (cache miss)
2108 http fetch GET 200 https://registry.npmjs.org/@algolia/client-common/-/client-common-5.48.1.tgz 1390ms (cache miss)
2109 http fetch GET 200 https://registry.npmjs.org/@inquirer/checkbox/-/checkbox-4.3.2.tgz 1402ms (cache miss)
2110 http fetch GET 200 https://registry.npmjs.org/@algolia/client-analytics/-/client-analytics-5.48.1.tgz 1416ms (cache miss)
2111 http fetch GET 200 https://registry.npmjs.org/@inquirer/rawlist/-/rawlist-4.1.11.tgz 1434ms (cache miss)
2112 http fetch GET 200 https://registry.npmjs.org/parse5-html-rewriting-stream/-/parse5-html-rewriting-stream-8.0.0.tgz 1435ms (cache miss)
2113 http fetch GET 200 https://registry.npmjs.org/@algolia/client-personalization/-/client-personalization-5.48.1.tgz 1446ms (cache miss)
2114 http fetch GET 200 https://registry.npmjs.org/@inquirer/number/-/number-3.0.23.tgz 1442ms (cache miss)
2115 http fetch GET 200 https://registry.npmjs.org/@inquirer/password/-/password-4.0.23.tgz 1448ms (cache miss)
2116 http fetch GET 200 https://registry.npmjs.org/@algolia/client-search/-/client-search-5.48.1.tgz 1459ms (cache miss)
2117 http fetch GET 200 https://registry.npmjs.org/picomatch/-/picomatch-4.0.4.tgz 1452ms (cache miss)
2118 http fetch GET 200 https://registry.npmjs.org/@algolia/abtesting/-/abtesting-1.14.1.tgz 1460ms (cache miss)
2119 http fetch GET 200 https://registry.npmjs.org/@algolia/recommend/-/recommend-5.48.1.tgz 1481ms (cache miss)
2120 http fetch GET 200 https://registry.npmjs.org/@algolia/monitoring/-/monitoring-1.48.1.tgz 1499ms (cache miss)
2121 http fetch GET 200 https://registry.npmjs.org/magic-string/-/magic-string-0.30.21.tgz 1491ms (cache miss)
2122 http fetch GET 200 https://registry.npmjs.org/ini/-/ini-6.0.0.tgz 1490ms (cache miss)
2123 http fetch GET 200 https://registry.npmjs.org/@inquirer/confirm/-/confirm-5.1.21.tgz 1495ms (cache miss)
2124 http fetch GET 200 https://registry.npmjs.org/npm-package-arg/-/npm-package-arg-13.0.2.tgz 1497ms (cache miss)
2125 http fetch GET 200 https://registry.npmjs.org/@algolia/client-query-suggestions/-/client-query-suggestions-5.48.1.tgz 1512ms (cache miss)
2126 http fetch GET 200 https://registry.npmjs.org/@inquirer/search/-/search-3.2.2.tgz 1506ms (cache miss)
2127 http fetch GET 200 https://registry.npmjs.org/pacote/-/pacote-21.5.1.tgz 1528ms (cache miss)
2128 http fetch GET 200 https://registry.npmjs.org/@inquirer/prompts/-/prompts-7.10.1.tgz 1529ms (cache miss)
2129 http fetch GET 200 https://registry.npmjs.org/listr2/-/listr2-9.0.5.tgz 1544ms (cache miss)
2130 http fetch GET 200 https://registry.npmjs.org/minipass/-/minipass-3.3.6.tgz 1557ms (cache miss)
2131 http fetch GET 200 https://registry.npmjs.org/yallist/-/yallist-4.0.0.tgz 1560ms (cache miss)
2132 http fetch GET 200 https://registry.npmjs.org/@algolia/client-abtesting/-/client-abtesting-5.48.1.tgz 1583ms (cache miss)
2133 http fetch GET 200 https://registry.npmjs.org/minipass/-/minipass-3.3.6.tgz 1575ms (cache miss)
2134 http fetch GET 200 https://registry.npmjs.org/yallist/-/yallist-4.0.0.tgz 1576ms (cache miss)
2135 http fetch GET 200 https://registry.npmjs.org/undici/-/undici-6.28.0.tgz 1621ms (cache miss)
2136 http fetch GET 200 https://registry.npmjs.org/isexe/-/isexe-4.0.0.tgz 1590ms (cache miss)
2137 http fetch GET 200 https://registry.npmjs.org/which/-/which-6.0.1.tgz 1609ms (cache miss)
2138 http fetch GET 200 https://registry.npmjs.org/@inquirer/editor/-/editor-4.2.23.tgz 1626ms (cache miss)
2139 http fetch GET 200 https://registry.npmjs.org/isexe/-/isexe-4.0.0.tgz 1618ms (cache miss)
2140 http fetch GET 200 https://registry.npmjs.org/@inquirer/core/-/core-10.3.2.tgz 1631ms (cache miss)
2141 http fetch GET 200 https://registry.npmjs.org/semver/-/semver-7.7.4.tgz 1628ms (cache miss)
2142 http fetch GET 200 https://registry.npmjs.org/which/-/which-6.0.1.tgz 1623ms (cache miss)
2143 http fetch GET 200 https://registry.npmjs.org/which/-/which-6.0.1.tgz 1624ms (cache miss)
2144 http fetch GET 200 https://registry.npmjs.org/slice-ansi/-/slice-ansi-7.1.2.tgz 1648ms (cache miss)
2145 http fetch GET 200 https://registry.npmjs.org/ansi-regex/-/ansi-regex-5.0.1.tgz 1648ms (cache miss)
2146 http fetch GET 200 https://registry.npmjs.org/yargs/-/yargs-18.0.0.tgz 1669ms (cache miss)
2147 http fetch GET 200 https://registry.npmjs.org/is-fullwidth-code-point/-/is-fullwidth-code-point-3.0.0.tgz 1670ms (cache miss)
2148 http fetch GET 200 https://registry.npmjs.org/strip-ansi/-/strip-ansi-6.0.1.tgz 1681ms (cache miss)
2149 http fetch GET 200 https://registry.npmjs.org/@yarnpkg/lockfile/-/lockfile-1.1.0.tgz 1699ms (cache miss)
2150 http fetch GET 200 https://registry.npmjs.org/ansi-styles/-/ansi-styles-4.3.0.tgz 1696ms (cache miss)
2151 http fetch GET 200 https://registry.npmjs.org/string-width/-/string-width-4.2.3.tgz 1696ms (cache miss)
2152 http fetch GET 200 https://registry.npmjs.org/@listr2/prompt-adapter-inquirer/-/prompt-adapter-inquirer-3.0.5.tgz 1710ms (cache miss)
2153 http fetch GET 200 https://registry.npmjs.org/emoji-regex/-/emoji-regex-8.0.0.tgz 1707ms (cache miss)
2154 http fetch GET 200 https://registry.npmjs.org/algoliasearch/-/algoliasearch-5.48.1.tgz 1755ms (cache miss)
2155 http fetch GET 200 https://registry.npmjs.org/isexe/-/isexe-4.0.0.tgz 1783ms (cache miss)
2156 http fetch GET 200 https://registry.npmjs.org/tar/-/tar-7.5.22.tgz 1882ms (cache miss)
2157 http fetch GET 200 https://registry.npmjs.org/@angular-devkit/architect/-/architect-0.2102.22.tgz 1955ms (cache miss)
2158 http fetch GET 200 https://registry.npmjs.org/@angular-devkit/core/-/core-21.2.22.tgz 2023ms (cache miss)
2159 http fetch GET 200 https://registry.npmjs.org/@angular-devkit/schematics/-/schematics-21.2.22.tgz 2150ms (cache miss)
2160 http fetch GET 200 https://registry.npmjs.org/@angular/cli/-/cli-21.2.22.tgz 2383ms (cache miss)
2161 http fetch GET 200 https://registry.npmjs.org/ajv/-/ajv-8.18.0.tgz 2442ms (cache miss)
2162 http fetch GET 200 https://registry.npmjs.org/@schematics/angular/-/angular-21.2.22.tgz 2591ms (cache miss)
2163 http fetch GET 200 https://registry.npmjs.org/zod/-/zod-4.3.6.tgz 2741ms (cache miss)
2164 verbose cwd F:\Repositorios 2-2026\Capricho-Store
2165 verbose os Windows_NT 10.0.26200
2166 verbose node v22.19.0
2167 verbose npm  v10.9.3
2168 verbose exit 0
2169 info ok
