0 verbose cli C:\Program Files\nodejs\node.exe C:\Program Files\nodejs\node_modules\npm\bin\npm-cli.js
1 info using npm@10.9.3
2 info using node@v22.19.0
3 silly config load:file:C:\Program Files\nodejs\node_modules\npm\npmrc
4 silly config load:file:F:\Repositorios 2-2026\Capricho-Store\.npmrc
5 silly config load:file:C:\Users\Josep\.npmrc
6 silly config load:file:C:\Users\Josep\AppData\Roaming\npm\etc\npmrc
7 verbose title npm exec @angular/cli@22.1.6 new frontend-web --routing --style=scss --standalone --strict --skip-git --skip-install --package-manager=npm --defaults
8 verbose argv "exec" "--yes" "--cache" ".npm-cache" "--" "@angular/cli@22.1.6" "new" "frontend-web" "--routing" "--style=scss" "--standalone" "--strict" "--skip-git" "--skip-install" "--package-manager=npm" "--defaults"
9 verbose logfile logs-max:10 dir:F:\Repositorios 2-2026\Capricho-Store\.npm-cache\_logs\2026-08-31T01_21_34_208Z-
10 verbose logfile F:\Repositorios 2-2026\Capricho-Store\.npm-cache\_logs\2026-08-31T01_21_34_208Z-debug-0.log
11 silly logfile done cleaning log files
12 silly packumentCache heap:4345298944 maxSize:1086324736 maxEntrySize:543162368
13 http fetch GET 200 https://registry.npmjs.org/@angular%2fcli 616ms (cache miss)
14 silly packumentCache heap:4345298944 maxSize:1086324736 maxEntrySize:543162368
15 silly packumentCache heap:4345298944 maxSize:1086324736 maxEntrySize:543162368
16 silly idealTree buildDeps
17 silly fetch manifest @angular/cli@22.1.6
18 silly packumentCache full:https://registry.npmjs.org/@angular%2fcli cache-miss
19 http cache https://registry.npmjs.org/@angular%2fcli 11ms (cache hit)
20 silly packumentCache full:https://registry.npmjs.org/@angular%2fcli set size:3270194 disposed:false
21 silly placeDep ROOT @angular/cli@22.1.6 OK for:  want: 22.1.6
22 silly fetch manifest zod@4.4.3
23 silly packumentCache full:https://registry.npmjs.org/zod cache-miss
24 silly fetch manifest yargs@18.1.0
25 silly packumentCache full:https://registry.npmjs.org/yargs cache-miss
26 silly fetch manifest listr2@11.0.0
27 silly packumentCache full:https://registry.npmjs.org/listr2 cache-miss
28 silly fetch manifest semver@7.8.5
29 silly packumentCache full:https://registry.npmjs.org/semver cache-miss
30 silly fetch manifest jsonc-parser@3.3.1
31 silly packumentCache full:https://registry.npmjs.org/jsonc-parser cache-miss
32 silly fetch manifest npm-package-arg@14.0.0
33 silly packumentCache full:https://registry.npmjs.org/npm-package-arg cache-miss
34 silly fetch manifest @inquirer/prompts@8.5.2
35 silly packumentCache full:https://registry.npmjs.org/@inquirer%2fprompts cache-miss
36 silly fetch manifest @schematics/angular@22.1.6
37 silly packumentCache full:https://registry.npmjs.org/@schematics%2fangular cache-miss
38 silly fetch manifest @angular-devkit/core@22.1.6
39 silly packumentCache full:https://registry.npmjs.org/@angular-devkit%2fcore cache-miss
40 silly fetch manifest @angular-devkit/architect@0.2201.6
41 silly packumentCache full:https://registry.npmjs.org/@angular-devkit%2farchitect cache-miss
42 silly fetch manifest @modelcontextprotocol/sdk@1.30.0
43 silly packumentCache full:https://registry.npmjs.org/@modelcontextprotocol%2fsdk cache-miss
44 silly fetch manifest @angular-devkit/schematics@22.1.6
45 silly packumentCache full:https://registry.npmjs.org/@angular-devkit%2fschematics cache-miss
46 silly fetch manifest parse5-html-rewriting-stream@8.0.1
47 silly packumentCache full:https://registry.npmjs.org/parse5-html-rewriting-stream cache-miss
48 silly fetch manifest @listr2/prompt-adapter-inquirer@4.2.5
49 silly packumentCache full:https://registry.npmjs.org/@listr2%2fprompt-adapter-inquirer cache-miss
50 http fetch GET 200 https://registry.npmjs.org/zod 188ms (cache miss)
51 silly packumentCache full:https://registry.npmjs.org/zod set size:undefined disposed:false
52 http fetch GET 200 https://registry.npmjs.org/jsonc-parser 316ms (cache miss)
53 silly packumentCache full:https://registry.npmjs.org/jsonc-parser set size:undefined disposed:false
54 http fetch GET 200 https://registry.npmjs.org/npm-package-arg 337ms (cache miss)
55 silly packumentCache full:https://registry.npmjs.org/npm-package-arg set size:undefined disposed:false
56 http fetch GET 200 https://registry.npmjs.org/semver 346ms (cache miss)
57 silly packumentCache full:https://registry.npmjs.org/semver set size:undefined disposed:false
58 http fetch GET 200 https://registry.npmjs.org/@inquirer%2fprompts 352ms (cache miss)
59 silly packumentCache full:https://registry.npmjs.org/@inquirer%2fprompts set size:undefined disposed:false
60 http fetch GET 200 https://registry.npmjs.org/@modelcontextprotocol%2fsdk 371ms (cache miss)
61 silly packumentCache full:https://registry.npmjs.org/@modelcontextprotocol%2fsdk set size:undefined disposed:false
62 http fetch GET 200 https://registry.npmjs.org/parse5-html-rewriting-stream 396ms (cache miss)
63 silly packumentCache full:https://registry.npmjs.org/parse5-html-rewriting-stream set size:undefined disposed:false
64 http fetch GET 200 https://registry.npmjs.org/listr2 455ms (cache miss)
65 silly packumentCache full:https://registry.npmjs.org/listr2 set size:undefined disposed:false
66 http fetch GET 200 https://registry.npmjs.org/yargs 469ms (cache miss)
67 silly packumentCache full:https://registry.npmjs.org/yargs set size:undefined disposed:false
68 http fetch GET 200 https://registry.npmjs.org/@angular-devkit%2farchitect 657ms (cache miss)
69 silly packumentCache full:https://registry.npmjs.org/@angular-devkit%2farchitect set size:undefined disposed:false
70 http fetch GET 200 https://registry.npmjs.org/@listr2%2fprompt-adapter-inquirer 694ms (cache miss)
71 silly packumentCache full:https://registry.npmjs.org/@listr2%2fprompt-adapter-inquirer set size:undefined disposed:false
72 http fetch GET 200 https://registry.npmjs.org/@angular-devkit%2fschematics 695ms (cache miss)
73 silly packumentCache full:https://registry.npmjs.org/@angular-devkit%2fschematics set size:undefined disposed:false
74 http fetch GET 200 https://registry.npmjs.org/@angular-devkit%2fcore 761ms (cache miss)
75 silly packumentCache full:https://registry.npmjs.org/@angular-devkit%2fcore set size:undefined disposed:false
76 http fetch GET 200 https://registry.npmjs.org/@schematics%2fangular 1057ms (cache miss)
77 silly packumentCache full:https://registry.npmjs.org/@schematics%2fangular set size:undefined disposed:false
78 silly fetch manifest @types/node@>=18
79 silly packumentCache full:https://registry.npmjs.org/@types%2fnode cache-miss
80 http fetch GET 200 https://registry.npmjs.org/@types%2fnode 274ms (cache miss)
81 silly packumentCache full:https://registry.npmjs.org/@types%2fnode set size:undefined disposed:false
82 silly fetch manifest chokidar@^5.0.0
83 silly packumentCache full:https://registry.npmjs.org/chokidar cache-miss
84 http fetch GET 200 https://registry.npmjs.org/chokidar 107ms (cache miss)
85 silly packumentCache full:https://registry.npmjs.org/chokidar set size:undefined disposed:false
86 silly fetch manifest @cfworker/json-schema@^4.1.1
87 silly packumentCache full:https://registry.npmjs.org/@cfworker%2fjson-schema cache-miss
88 http fetch GET 200 https://registry.npmjs.org/@cfworker%2fjson-schema 99ms (cache miss)
89 silly packumentCache full:https://registry.npmjs.org/@cfworker%2fjson-schema set size:undefined disposed:false
90 silly placeDep ROOT @angular-devkit/architect@0.2201.6 OK for: @angular/cli@22.1.6 want: 0.2201.6
91 silly placeDep ROOT @angular-devkit/core@22.1.6 OK for: @angular/cli@22.1.6 want: 22.1.6
92 silly placeDep ROOT @angular-devkit/schematics@22.1.6 OK for: @angular/cli@22.1.6 want: 22.1.6
93 silly placeDep ROOT @inquirer/prompts@8.5.2 OK for: @angular/cli@22.1.6 want: 8.5.2
94 silly placeDep ROOT @listr2/prompt-adapter-inquirer@4.2.5 OK for: @angular/cli@22.1.6 want: 4.2.5
95 silly placeDep ROOT listr2@11.0.0 OK for: @listr2/prompt-adapter-inquirer@4.2.5 want: 11.0.0
96 silly placeDep ROOT @modelcontextprotocol/sdk@1.30.0 OK for: @angular/cli@22.1.6 want: 1.30.0
97 silly placeDep ROOT @schematics/angular@22.1.6 OK for: @angular/cli@22.1.6 want: 22.1.6
98 silly placeDep ROOT jsonc-parser@3.3.1 OK for: @angular/cli@22.1.6 want: 3.3.1
99 silly placeDep ROOT npm-package-arg@14.0.0 OK for: @angular/cli@22.1.6 want: 14.0.0
100 silly placeDep ROOT parse5-html-rewriting-stream@8.0.1 OK for: @angular/cli@22.1.6 want: 8.0.1
101 silly placeDep ROOT semver@7.8.5 OK for: @angular/cli@22.1.6 want: 7.8.5
102 silly placeDep ROOT yargs@18.1.0 OK for: @angular/cli@22.1.6 want: 18.1.0
103 silly placeDep ROOT zod@4.4.3 OK for: @angular/cli@22.1.6 want: 4.4.3
104 silly fetch manifest rxjs@7.8.2
105 silly packumentCache full:https://registry.npmjs.org/rxjs cache-miss
106 silly fetch manifest ajv@8.20.0
107 silly packumentCache full:https://registry.npmjs.org/ajv cache-miss
108 silly fetch manifest rxjs@7.8.2
109 silly packumentCache full:https://registry.npmjs.org/rxjs cache-miss
110 silly fetch manifest picomatch@4.0.5
111 silly packumentCache full:https://registry.npmjs.org/picomatch cache-miss
112 silly fetch manifest source-map@0.7.6
113 silly packumentCache full:https://registry.npmjs.org/source-map cache-miss
114 silly fetch manifest ajv-formats@3.0.1
115 silly packumentCache full:https://registry.npmjs.org/ajv-formats cache-miss
116 silly fetch manifest ora@9.4.1
117 silly packumentCache full:https://registry.npmjs.org/ora cache-miss
118 silly fetch manifest rxjs@7.8.2
119 silly packumentCache full:https://registry.npmjs.org/rxjs cache-miss
120 silly fetch manifest magic-string@1.0.0
121 silly packumentCache full:https://registry.npmjs.org/magic-string cache-miss
122 silly fetch manifest @inquirer/input@^5.1.2
123 silly packumentCache full:https://registry.npmjs.org/@inquirer%2finput cache-miss
124 silly fetch manifest @inquirer/editor@^5.2.2
125 silly packumentCache full:https://registry.npmjs.org/@inquirer%2feditor cache-miss
126 silly fetch manifest @inquirer/expand@^5.1.1
127 silly packumentCache full:https://registry.npmjs.org/@inquirer%2fexpand cache-miss
128 silly fetch manifest @inquirer/number@^4.1.1
129 silly packumentCache full:https://registry.npmjs.org/@inquirer%2fnumber cache-miss
130 silly fetch manifest @inquirer/search@^4.2.1
131 silly packumentCache full:https://registry.npmjs.org/@inquirer%2fsearch cache-miss
132 silly fetch manifest @inquirer/select@^5.2.1
133 silly packumentCache full:https://registry.npmjs.org/@inquirer%2fselect cache-miss
134 http fetch GET 200 https://registry.npmjs.org/source-map 89ms (cache miss)
135 silly packumentCache full:https://registry.npmjs.org/source-map set size:undefined disposed:false
136 silly fetch manifest @inquirer/confirm@^6.1.1
137 silly packumentCache full:https://registry.npmjs.org/@inquirer%2fconfirm cache-miss
138 http fetch GET 200 https://registry.npmjs.org/ajv-formats 106ms (cache miss)
139 silly packumentCache full:https://registry.npmjs.org/ajv-formats set size:undefined disposed:false
140 silly fetch manifest @inquirer/rawlist@^5.3.1
141 silly packumentCache full:https://registry.npmjs.org/@inquirer%2frawlist cache-miss
142 http fetch GET 200 https://registry.npmjs.org/ora 111ms (cache miss)
143 silly packumentCache full:https://registry.npmjs.org/ora set size:undefined disposed:false
144 silly fetch manifest @inquirer/checkbox@^5.2.1
145 silly packumentCache full:https://registry.npmjs.org/@inquirer%2fcheckbox cache-miss
146 http fetch GET 200 https://registry.npmjs.org/@inquirer%2fexpand 123ms (cache miss)
147 silly packumentCache full:https://registry.npmjs.org/@inquirer%2fexpand set size:undefined disposed:false
148 silly fetch manifest @inquirer/password@^5.1.1
149 silly packumentCache full:https://registry.npmjs.org/@inquirer%2fpassword cache-miss
150 http fetch GET 200 https://registry.npmjs.org/@inquirer%2fnumber 130ms (cache miss)
151 silly packumentCache full:https://registry.npmjs.org/@inquirer%2fnumber set size:undefined disposed:false
152 silly fetch manifest @inquirer/type@^4.0.7
153 silly packumentCache full:https://registry.npmjs.org/@inquirer%2ftype cache-miss
154 http fetch GET 200 https://registry.npmjs.org/magic-string 136ms (cache miss)
155 silly packumentCache full:https://registry.npmjs.org/magic-string set size:undefined disposed:false
156 silly fetch manifest wrap-ansi@^10.0.0
157 silly packumentCache full:https://registry.npmjs.org/wrap-ansi cache-miss
158 http fetch GET 200 https://registry.npmjs.org/picomatch 142ms (cache miss)
159 silly packumentCache full:https://registry.npmjs.org/picomatch set size:undefined disposed:false
160 silly fetch manifest log-update@^8.0.0
161 silly packumentCache full:https://registry.npmjs.org/log-update cache-miss
162 http fetch GET 200 https://registry.npmjs.org/rxjs 160ms (cache miss)
163 silly packumentCache full:https://registry.npmjs.org/rxjs set size:undefined disposed:false
164 silly fetch manifest cli-truncate@^6.1.1
165 silly packumentCache full:https://registry.npmjs.org/cli-truncate cache-miss
166 http fetch GET 200 https://registry.npmjs.org/rxjs 173ms (cache miss)
167 silly packumentCache full:https://registry.npmjs.org/rxjs set size:undefined disposed:false
168 silly fetch manifest ajv@^8.17.1
169 silly packumentCache full:https://registry.npmjs.org/ajv cache-miss
170 http fetch GET 200 https://registry.npmjs.org/rxjs 176ms (cache miss)
171 silly packumentCache full:https://registry.npmjs.org/rxjs set size:undefined disposed:false
172 silly fetch manifest zod@^3.25 || ^4.0
173 silly packumentCache full:https://registry.npmjs.org/zod cache-miss
174 http cache https://registry.npmjs.org/zod 11ms (cache hit)
175 silly packumentCache full:https://registry.npmjs.org/zod set size:4147901 disposed:false
176 silly fetch manifest cors@^2.8.5
177 silly packumentCache full:https://registry.npmjs.org/cors cache-miss
178 http fetch GET 200 https://registry.npmjs.org/ajv 225ms (cache miss)
179 silly packumentCache full:https://registry.npmjs.org/ajv set size:undefined disposed:false
180 silly fetch manifest hono@^4.11.4
181 silly packumentCache full:https://registry.npmjs.org/hono cache-miss
182 http fetch GET 200 https://registry.npmjs.org/@inquirer%2frawlist 132ms (cache miss)
183 silly packumentCache full:https://registry.npmjs.org/@inquirer%2frawlist set size:undefined disposed:false
184 silly fetch manifest jose@^6.1.3
185 silly packumentCache full:https://registry.npmjs.org/jose cache-miss
186 http fetch GET 200 https://registry.npmjs.org/wrap-ansi 107ms (cache miss)
187 silly packumentCache full:https://registry.npmjs.org/wrap-ansi set size:undefined disposed:false
188 silly fetch manifest express@^5.2.1
189 silly packumentCache full:https://registry.npmjs.org/express cache-miss
190 http fetch GET 200 https://registry.npmjs.org/@inquirer%2fcheckbox 135ms (cache miss)
191 silly packumentCache full:https://registry.npmjs.org/@inquirer%2fcheckbox set size:undefined disposed:false
192 silly fetch manifest raw-body@^3.0.0
193 silly packumentCache full:https://registry.npmjs.org/raw-body cache-miss
194 http fetch GET 200 https://registry.npmjs.org/@inquirer%2finput 253ms (cache miss)
195 silly packumentCache full:https://registry.npmjs.org/@inquirer%2finput set size:undefined disposed:false
196 silly fetch manifest ajv-formats@^3.0.1
197 silly packumentCache full:https://registry.npmjs.org/ajv-formats cache-miss
198 http fetch GET 200 https://registry.npmjs.org/@inquirer%2feditor 256ms (cache miss)
199 silly packumentCache full:https://registry.npmjs.org/@inquirer%2feditor set size:undefined disposed:false
200 silly fetch manifest cross-spawn@^7.0.5
201 silly packumentCache full:https://registry.npmjs.org/cross-spawn cache-miss
202 http fetch GET 200 https://registry.npmjs.org/log-update 118ms (cache miss)
203 silly packumentCache full:https://registry.npmjs.org/log-update set size:undefined disposed:false
204 silly fetch manifest eventsource@^3.0.2
205 silly packumentCache full:https://registry.npmjs.org/eventsource cache-miss
206 http fetch GET 200 https://registry.npmjs.org/@inquirer%2fpassword 136ms (cache miss)
207 silly packumentCache full:https://registry.npmjs.org/@inquirer%2fpassword set size:undefined disposed:false
208 silly fetch manifest content-type@^1.0.5
209 silly packumentCache full:https://registry.npmjs.org/content-type cache-miss
210 http cache https://registry.npmjs.org/ajv-formats 13ms (cache hit)
211 silly packumentCache full:https://registry.npmjs.org/ajv-formats set size:141264 disposed:false
212 silly fetch manifest pkce-challenge@^5.0.0
213 silly packumentCache full:https://registry.npmjs.org/pkce-challenge cache-miss
214 http fetch GET 200 https://registry.npmjs.org/@inquirer%2fsearch 268ms (cache miss)
215 silly packumentCache full:https://registry.npmjs.org/@inquirer%2fsearch set size:undefined disposed:false
216 silly fetch manifest @hono/node-server@^1.19.9 || ^2.0.5
217 silly packumentCache full:https://registry.npmjs.org/@hono%2fnode-server cache-miss
218 http fetch GET 200 https://registry.npmjs.org/cors 96ms (cache miss)
219 silly packumentCache full:https://registry.npmjs.org/cors set size:undefined disposed:false
220 silly fetch manifest json-schema-typed@^8.0.2
221 silly packumentCache full:https://registry.npmjs.org/json-schema-typed cache-miss
222 http fetch GET 200 https://registry.npmjs.org/ajv 141ms (cache miss)
223 silly packumentCache full:https://registry.npmjs.org/ajv set size:undefined disposed:false
224 silly fetch manifest eventsource-parser@^3.0.0
225 silly packumentCache full:https://registry.npmjs.org/eventsource-parser cache-miss
226 http fetch GET 200 https://registry.npmjs.org/@inquirer%2fselect 325ms (cache miss)
227 silly packumentCache full:https://registry.npmjs.org/@inquirer%2fselect set size:undefined disposed:false
228 silly fetch manifest express-rate-limit@^8.2.1
229 silly packumentCache full:https://registry.npmjs.org/express-rate-limit cache-miss
230 http fetch GET 200 https://registry.npmjs.org/@inquirer%2fconfirm 244ms (cache miss)
231 silly packumentCache full:https://registry.npmjs.org/@inquirer%2fconfirm set size:undefined disposed:false
232 silly fetch manifest zod-to-json-schema@^3.25.1
233 silly packumentCache full:https://registry.npmjs.org/zod-to-json-schema cache-miss
234 http fetch GET 200 https://registry.npmjs.org/cross-spawn 82ms (cache miss)
235 silly packumentCache full:https://registry.npmjs.org/cross-spawn set size:undefined disposed:false
236 silly fetch manifest typescript@6.0.3
237 silly packumentCache full:https://registry.npmjs.org/typescript cache-miss
238 http fetch GET 200 https://registry.npmjs.org/raw-body 95ms (cache miss)
239 silly packumentCache full:https://registry.npmjs.org/raw-body set size:undefined disposed:false
240 silly fetch manifest semver@^7.3.5
241 silly packumentCache full:https://registry.npmjs.org/semver cache-miss
242 http cache https://registry.npmjs.org/semver 5ms (cache hit)
243 silly packumentCache full:https://registry.npmjs.org/semver set size:246069 disposed:false
244 silly fetch manifest proc-log@^7.0.0
245 silly packumentCache full:https://registry.npmjs.org/proc-log cache-miss
246 http fetch GET 200 https://registry.npmjs.org/eventsource 99ms (cache miss)
247 silly packumentCache full:https://registry.npmjs.org/eventsource set size:undefined disposed:false
248 silly fetch manifest hosted-git-info@^10.1.0
249 silly packumentCache full:https://registry.npmjs.org/hosted-git-info cache-miss
250 http fetch GET 200 https://registry.npmjs.org/pkce-challenge 102ms (cache miss)
251 silly packumentCache full:https://registry.npmjs.org/pkce-challenge set size:undefined disposed:false
252 silly fetch manifest validate-npm-package-name@^8.0.0
253 silly packumentCache full:https://registry.npmjs.org/validate-npm-package-name cache-miss
254 http fetch GET 200 https://registry.npmjs.org/@hono%2fnode-server 103ms (cache miss)
255 silly packumentCache full:https://registry.npmjs.org/@hono%2fnode-server set size:undefined disposed:false
256 silly fetch manifest entities@^8.0.0
257 silly packumentCache full:https://registry.npmjs.org/entities cache-miss
258 http fetch GET 200 https://registry.npmjs.org/express 136ms (cache miss)
259 silly packumentCache full:https://registry.npmjs.org/express set size:undefined disposed:false
260 silly fetch manifest parse5@^8.0.0
261 silly packumentCache full:https://registry.npmjs.org/parse5 cache-miss
262 http fetch GET 200 https://registry.npmjs.org/content-type 121ms (cache miss)
263 silly packumentCache full:https://registry.npmjs.org/content-type set size:undefined disposed:false
264 silly fetch manifest parse5-sax-parser@^8.0.0
265 silly packumentCache full:https://registry.npmjs.org/parse5-sax-parser cache-miss
266 http fetch GET 200 https://registry.npmjs.org/json-schema-typed 90ms (cache miss)
267 silly packumentCache full:https://registry.npmjs.org/json-schema-typed set size:undefined disposed:false
268 silly fetch manifest y18n@^5.0.5
269 silly packumentCache full:https://registry.npmjs.org/y18n cache-miss
270 http fetch GET 200 https://registry.npmjs.org/jose 160ms (cache miss)
271 silly packumentCache full:https://registry.npmjs.org/jose set size:undefined disposed:false
272 silly fetch manifest cliui@^9.0.1
273 silly packumentCache full:https://registry.npmjs.org/cliui cache-miss
274 http fetch GET 200 https://registry.npmjs.org/cli-truncate 247ms (cache miss)
275 silly packumentCache full:https://registry.npmjs.org/cli-truncate set size:undefined disposed:false
276 silly fetch manifest escalade@^3.1.1
277 silly packumentCache full:https://registry.npmjs.org/escalade cache-miss
278 http fetch GET 200 https://registry.npmjs.org/eventsource-parser 98ms (cache miss)
279 silly packumentCache full:https://registry.npmjs.org/eventsource-parser set size:undefined disposed:false
280 silly fetch manifest string-width@^8.2.1
281 silly packumentCache full:https://registry.npmjs.org/string-width cache-miss
282 http fetch GET 200 https://registry.npmjs.org/zod-to-json-schema 94ms (cache miss)
283 silly packumentCache full:https://registry.npmjs.org/zod-to-json-schema set size:undefined disposed:false
284 silly fetch manifest yargs-parser@^22.0.0
285 silly packumentCache full:https://registry.npmjs.org/yargs-parser cache-miss
286 http fetch GET 200 https://registry.npmjs.org/@inquirer%2ftype 308ms (cache miss)
287 silly packumentCache full:https://registry.npmjs.org/@inquirer%2ftype set size:undefined disposed:false
288 silly fetch manifest get-caller-file@^2.0.5
289 silly packumentCache full:https://registry.npmjs.org/get-caller-file cache-miss
290 http fetch GET 200 https://registry.npmjs.org/proc-log 91ms (cache miss)
291 silly packumentCache full:https://registry.npmjs.org/proc-log set size:undefined disposed:false
292 http fetch GET 200 https://registry.npmjs.org/hono 226ms (cache miss)
293 silly packumentCache full:https://registry.npmjs.org/hono set size:undefined disposed:false
294 http fetch GET 200 https://registry.npmjs.org/escalade 97ms (cache miss)
295 silly packumentCache full:https://registry.npmjs.org/escalade set size:undefined disposed:false
296 http fetch GET 200 https://registry.npmjs.org/string-width 90ms (cache miss)
297 silly packumentCache full:https://registry.npmjs.org/string-width set size:undefined disposed:false
298 http fetch GET 200 https://registry.npmjs.org/cliui 102ms (cache miss)
299 silly packumentCache full:https://registry.npmjs.org/cliui set size:undefined disposed:false
300 http fetch GET 200 https://registry.npmjs.org/y18n 113ms (cache miss)
301 silly packumentCache full:https://registry.npmjs.org/y18n set size:undefined disposed:false
302 http fetch GET 200 https://registry.npmjs.org/validate-npm-package-name 142ms (cache miss)
303 silly packumentCache full:https://registry.npmjs.org/validate-npm-package-name set size:undefined disposed:false
304 http fetch GET 200 https://registry.npmjs.org/parse5-sax-parser 127ms (cache miss)
305 silly packumentCache full:https://registry.npmjs.org/parse5-sax-parser set size:undefined disposed:false
306 http fetch GET 200 https://registry.npmjs.org/entities 139ms (cache miss)
307 silly packumentCache full:https://registry.npmjs.org/entities set size:undefined disposed:false
308 http fetch GET 200 https://registry.npmjs.org/yargs-parser 91ms (cache miss)
309 silly packumentCache full:https://registry.npmjs.org/yargs-parser set size:undefined disposed:false
310 http fetch GET 200 https://registry.npmjs.org/get-caller-file 92ms (cache miss)
311 silly packumentCache full:https://registry.npmjs.org/get-caller-file set size:undefined disposed:false
312 http fetch GET 200 https://registry.npmjs.org/hosted-git-info 242ms (cache miss)
313 silly packumentCache full:https://registry.npmjs.org/hosted-git-info set size:undefined disposed:false
314 http fetch GET 200 https://registry.npmjs.org/express-rate-limit 302ms (cache miss)
315 silly packumentCache full:https://registry.npmjs.org/express-rate-limit set size:undefined disposed:false
316 http fetch GET 200 https://registry.npmjs.org/parse5 249ms (cache miss)
317 silly packumentCache full:https://registry.npmjs.org/parse5 set size:undefined disposed:false
318 http fetch GET 200 https://registry.npmjs.org/typescript 352ms (cache miss)
319 silly packumentCache full:https://registry.npmjs.org/typescript set size:undefined disposed:false
320 silly placeDep ROOT rxjs@7.8.2 OK for: @angular-devkit/architect@0.2201.6 want: 7.8.2
321 silly fetch manifest tslib@^2.1.0
322 silly packumentCache full:https://registry.npmjs.org/tslib cache-miss
323 http fetch GET 200 https://registry.npmjs.org/tslib 101ms (cache miss)
324 silly packumentCache full:https://registry.npmjs.org/tslib set size:undefined disposed:false
325 silly placeDep ROOT ajv@8.20.0 OK for: @angular-devkit/core@22.1.6 want: 8.20.0
326 silly placeDep ROOT ajv-formats@3.0.1 OK for: @angular-devkit/core@22.1.6 want: 3.0.1
327 silly placeDep ROOT picomatch@4.0.5 OK for: @angular-devkit/core@22.1.6 want: 4.0.5
328 silly placeDep ROOT source-map@0.7.6 OK for: @angular-devkit/core@22.1.6 want: 0.7.6
329 silly fetch manifest fast-deep-equal@^3.1.3
330 silly packumentCache full:https://registry.npmjs.org/fast-deep-equal cache-miss
331 silly fetch manifest fast-uri@^3.0.1
332 silly packumentCache full:https://registry.npmjs.org/fast-uri cache-miss
333 silly fetch manifest json-schema-traverse@^1.0.0
334 silly packumentCache full:https://registry.npmjs.org/json-schema-traverse cache-miss
335 silly fetch manifest require-from-string@^2.0.2
336 silly packumentCache full:https://registry.npmjs.org/require-from-string cache-miss
337 http fetch GET 200 https://registry.npmjs.org/require-from-string 81ms (cache miss)
338 silly packumentCache full:https://registry.npmjs.org/require-from-string set size:undefined disposed:false
339 http fetch GET 200 https://registry.npmjs.org/fast-deep-equal 83ms (cache miss)
340 silly packumentCache full:https://registry.npmjs.org/fast-deep-equal set size:undefined disposed:false
341 http fetch GET 200 https://registry.npmjs.org/json-schema-traverse 95ms (cache miss)
342 silly packumentCache full:https://registry.npmjs.org/json-schema-traverse set size:undefined disposed:false
343 http fetch GET 200 https://registry.npmjs.org/fast-uri 104ms (cache miss)
344 silly packumentCache full:https://registry.npmjs.org/fast-uri set size:undefined disposed:false
345 silly placeDep ROOT magic-string@1.0.0 OK for: @angular-devkit/schematics@22.1.6 want: 1.0.0
346 silly placeDep ROOT ora@9.4.1 OK for: @angular-devkit/schematics@22.1.6 want: 9.4.1
347 silly fetch manifest @jridgewell/sourcemap-codec@^1.5.5
348 silly packumentCache full:https://registry.npmjs.org/@jridgewell%2fsourcemap-codec cache-miss
349 silly fetch manifest chalk@^5.6.2
350 silly packumentCache full:https://registry.npmjs.org/chalk cache-miss
351 silly fetch manifest cli-cursor@^5.0.0
352 silly packumentCache full:https://registry.npmjs.org/cli-cursor cache-miss
353 silly fetch manifest cli-spinners@^3.2.0
354 silly packumentCache full:https://registry.npmjs.org/cli-spinners cache-miss
355 silly fetch manifest is-interactive@^2.0.0
356 silly packumentCache full:https://registry.npmjs.org/is-interactive cache-miss
357 silly fetch manifest is-unicode-supported@^2.1.0
358 silly packumentCache full:https://registry.npmjs.org/is-unicode-supported cache-miss
359 silly fetch manifest log-symbols@^7.0.1
360 silly packumentCache full:https://registry.npmjs.org/log-symbols cache-miss
361 silly fetch manifest stdin-discarder@^0.3.2
362 silly packumentCache full:https://registry.npmjs.org/stdin-discarder cache-miss
363 silly fetch manifest string-width@^8.1.0
364 silly packumentCache full:https://registry.npmjs.org/string-width cache-miss
365 http cache https://registry.npmjs.org/string-width 7ms (cache hit)
366 silly packumentCache full:https://registry.npmjs.org/string-width set size:72458 disposed:false
367 http fetch GET 200 https://registry.npmjs.org/is-interactive 81ms (cache miss)
368 silly packumentCache full:https://registry.npmjs.org/is-interactive set size:undefined disposed:false
369 http fetch GET 200 https://registry.npmjs.org/cli-spinners 86ms (cache miss)
370 silly packumentCache full:https://registry.npmjs.org/cli-spinners set size:undefined disposed:false
371 http fetch GET 200 https://registry.npmjs.org/stdin-discarder 87ms (cache miss)
372 silly packumentCache full:https://registry.npmjs.org/stdin-discarder set size:undefined disposed:false
373 http fetch GET 200 https://registry.npmjs.org/log-symbols 89ms (cache miss)
374 silly packumentCache full:https://registry.npmjs.org/log-symbols set size:undefined disposed:false
375 http fetch GET 200 https://registry.npmjs.org/cli-cursor 91ms (cache miss)
376 silly packumentCache full:https://registry.npmjs.org/cli-cursor set size:undefined disposed:false
377 http fetch GET 200 https://registry.npmjs.org/chalk 97ms (cache miss)
378 silly packumentCache full:https://registry.npmjs.org/chalk set size:undefined disposed:false
379 http fetch GET 200 https://registry.npmjs.org/@jridgewell%2fsourcemap-codec 111ms (cache miss)
380 silly packumentCache full:https://registry.npmjs.org/@jridgewell%2fsourcemap-codec set size:undefined disposed:false
381 http fetch GET 200 https://registry.npmjs.org/is-unicode-supported 264ms (cache miss)
382 silly packumentCache full:https://registry.npmjs.org/is-unicode-supported set size:undefined disposed:false
383 silly placeDep ROOT @inquirer/checkbox@5.2.3 OK for: @inquirer/prompts@8.5.2 want: ^5.2.1
384 silly placeDep ROOT @inquirer/confirm@6.3.0 OK for: @inquirer/prompts@8.5.2 want: ^6.1.1
385 silly placeDep ROOT @inquirer/editor@5.3.1 OK for: @inquirer/prompts@8.5.2 want: ^5.2.2
386 silly placeDep ROOT @inquirer/expand@5.1.3 OK for: @inquirer/prompts@8.5.2 want: ^5.1.1
387 silly placeDep ROOT @inquirer/input@5.1.4 OK for: @inquirer/prompts@8.5.2 want: ^5.1.2
388 silly placeDep ROOT @inquirer/number@4.2.1 OK for: @inquirer/prompts@8.5.2 want: ^4.1.1
389 silly placeDep ROOT @inquirer/password@5.2.0 OK for: @inquirer/prompts@8.5.2 want: ^5.1.1
390 silly placeDep ROOT @inquirer/rawlist@5.3.3 OK for: @inquirer/prompts@8.5.2 want: ^5.3.1
391 silly placeDep ROOT @inquirer/search@4.3.1 OK for: @inquirer/prompts@8.5.2 want: ^4.2.1
392 silly placeDep ROOT @inquirer/select@5.2.3 OK for: @inquirer/prompts@8.5.2 want: ^5.2.1
393 silly fetch manifest @inquirer/ansi@^2.0.7
394 silly packumentCache full:https://registry.npmjs.org/@inquirer%2fansi cache-miss
395 silly fetch manifest @inquirer/core@^12.0.1
396 silly packumentCache full:https://registry.npmjs.org/@inquirer%2fcore cache-miss
397 silly fetch manifest @inquirer/type@^4.1.0
398 silly packumentCache full:https://registry.npmjs.org/@inquirer%2ftype cache-miss
399 silly fetch manifest @inquirer/figures@^2.0.8
400 silly packumentCache full:https://registry.npmjs.org/@inquirer%2ffigures cache-miss
401 silly fetch manifest @inquirer/core@^12.0.1
402 silly packumentCache full:https://registry.npmjs.org/@inquirer%2fcore cache-miss
403 silly fetch manifest @inquirer/type@^4.1.0
404 silly packumentCache full:https://registry.npmjs.org/@inquirer%2ftype cache-miss
405 silly fetch manifest @inquirer/core@^12.0.1
406 silly packumentCache full:https://registry.npmjs.org/@inquirer%2fcore cache-miss
407 silly fetch manifest @inquirer/type@^4.1.0
408 silly packumentCache full:https://registry.npmjs.org/@inquirer%2ftype cache-miss
409 silly fetch manifest @inquirer/external-editor@^3.0.4
410 silly packumentCache full:https://registry.npmjs.org/@inquirer%2fexternal-editor cache-miss
411 silly fetch manifest @inquirer/core@^12.0.1
412 silly packumentCache full:https://registry.npmjs.org/@inquirer%2fcore cache-miss
413 silly fetch manifest @inquirer/type@^4.1.0
414 silly packumentCache full:https://registry.npmjs.org/@inquirer%2ftype cache-miss
415 silly fetch manifest @inquirer/core@^12.0.1
416 silly packumentCache full:https://registry.npmjs.org/@inquirer%2fcore cache-miss
417 silly fetch manifest @inquirer/type@^4.1.0
418 silly packumentCache full:https://registry.npmjs.org/@inquirer%2ftype cache-miss
419 silly fetch manifest @inquirer/core@^12.0.1
420 silly packumentCache full:https://registry.npmjs.org/@inquirer%2fcore cache-miss
421 silly fetch manifest @inquirer/type@^4.1.0
422 silly packumentCache full:https://registry.npmjs.org/@inquirer%2ftype cache-miss
423 http cache https://registry.npmjs.org/@inquirer%2ftype 40ms (cache hit)
424 silly packumentCache full:https://registry.npmjs.org/@inquirer%2ftype set size:122497 disposed:false
425 silly fetch manifest @inquirer/ansi@^2.0.7
426 silly packumentCache full:https://registry.npmjs.org/@inquirer%2fansi cache-miss
427 http cache https://registry.npmjs.org/@inquirer%2ftype 42ms (cache hit)
428 silly packumentCache full:https://registry.npmjs.org/@inquirer%2ftype set size:122497 disposed:false
429 silly packumentCache full:https://registry.npmjs.org/@inquirer%2ftype dispose
430 silly fetch manifest @inquirer/core@^12.0.1
431 silly packumentCache full:https://registry.npmjs.org/@inquirer%2fcore cache-miss
432 http cache https://registry.npmjs.org/@inquirer%2ftype 44ms (cache hit)
433 silly packumentCache full:https://registry.npmjs.org/@inquirer%2ftype set size:122497 disposed:true
434 silly packumentCache full:https://registry.npmjs.org/@inquirer%2ftype dispose
435 silly fetch manifest @inquirer/core@^12.0.1
436 silly packumentCache full:https://registry.npmjs.org/@inquirer%2fcore cache-miss
437 http fetch GET 200 https://registry.npmjs.org/@inquirer%2fexternal-editor 128ms (cache miss)
438 silly packumentCache full:https://registry.npmjs.org/@inquirer%2fexternal-editor set size:undefined disposed:false
439 silly fetch manifest @inquirer/core@^12.0.1
440 silly packumentCache full:https://registry.npmjs.org/@inquirer%2fcore cache-miss
441 http fetch GET 200 https://registry.npmjs.org/@inquirer%2fcore 133ms (cache miss)
442 silly packumentCache full:https://registry.npmjs.org/@inquirer%2fcore set size:undefined disposed:false
443 silly fetch manifest @inquirer/figures@^2.0.8
444 silly packumentCache full:https://registry.npmjs.org/@inquirer%2ffigures cache-miss
445 http fetch GET 200 https://registry.npmjs.org/@inquirer%2ftype 144ms (cache miss)
446 silly packumentCache full:https://registry.npmjs.org/@inquirer%2ftype set size:undefined disposed:true
447 silly packumentCache full:https://registry.npmjs.org/@inquirer%2ftype dispose
448 silly fetch manifest @inquirer/ansi@^2.0.7
449 silly packumentCache full:https://registry.npmjs.org/@inquirer%2fansi cache-miss
450 http fetch GET 200 https://registry.npmjs.org/@inquirer%2ffigures 146ms (cache miss)
451 silly packumentCache full:https://registry.npmjs.org/@inquirer%2ffigures set size:undefined disposed:false
452 http fetch GET 200 https://registry.npmjs.org/@inquirer%2fcore 146ms (cache miss)
453 silly packumentCache full:https://registry.npmjs.org/@inquirer%2fcore set size:undefined disposed:false
454 http fetch GET 200 https://registry.npmjs.org/@inquirer%2fcore 122ms (cache miss)
455 silly packumentCache full:https://registry.npmjs.org/@inquirer%2fcore set size:undefined disposed:false
456 http fetch GET 200 https://registry.npmjs.org/@inquirer%2fcore 126ms (cache miss)
457 silly packumentCache full:https://registry.npmjs.org/@inquirer%2fcore set size:undefined disposed:false
458 http fetch GET 200 https://registry.npmjs.org/@inquirer%2ffigures 99ms (cache miss)
459 silly packumentCache full:https://registry.npmjs.org/@inquirer%2ffigures set size:undefined disposed:false
460 http fetch GET 200 https://registry.npmjs.org/@inquirer%2fcore 238ms (cache miss)
461 silly packumentCache full:https://registry.npmjs.org/@inquirer%2fcore set size:undefined disposed:false
462 http fetch GET 200 https://registry.npmjs.org/@inquirer%2fcore 109ms (cache miss)
463 silly packumentCache full:https://registry.npmjs.org/@inquirer%2fcore set size:undefined disposed:false
464 http fetch GET 200 https://registry.npmjs.org/@inquirer%2fcore 240ms (cache miss)
465 silly packumentCache full:https://registry.npmjs.org/@inquirer%2fcore set size:undefined disposed:false
466 http fetch GET 200 https://registry.npmjs.org/@inquirer%2fansi 120ms (cache miss)
467 silly packumentCache full:https://registry.npmjs.org/@inquirer%2fansi set size:undefined disposed:false
468 http fetch GET 200 https://registry.npmjs.org/@inquirer%2fcore 264ms (cache miss)
469 silly packumentCache full:https://registry.npmjs.org/@inquirer%2fcore set size:undefined disposed:false
470 http fetch GET 200 https://registry.npmjs.org/@inquirer%2fcore 268ms (cache miss)
471 silly packumentCache full:https://registry.npmjs.org/@inquirer%2fcore set size:undefined disposed:false
472 http fetch GET 200 https://registry.npmjs.org/@inquirer%2fansi 344ms (cache miss)
473 silly packumentCache full:https://registry.npmjs.org/@inquirer%2fansi set size:undefined disposed:false
474 http fetch GET 200 https://registry.npmjs.org/@inquirer%2fansi 389ms (cache miss)
475 silly packumentCache full:https://registry.npmjs.org/@inquirer%2fansi set size:undefined disposed:false
476 http fetch GET 200 https://registry.npmjs.org/@inquirer%2ftype 421ms (cache miss)
477 silly packumentCache full:https://registry.npmjs.org/@inquirer%2ftype set size:undefined disposed:true
478 http fetch GET 200 https://registry.npmjs.org/@inquirer%2ftype 422ms (cache miss)
479 silly packumentCache full:https://registry.npmjs.org/@inquirer%2ftype set size:undefined disposed:false
480 silly placeDep ROOT @inquirer/ansi@2.0.7 OK for: @inquirer/checkbox@5.2.3 want: ^2.0.7
481 silly placeDep ROOT @inquirer/core@12.0.1 OK for: @inquirer/checkbox@5.2.3 want: ^12.0.1
482 silly placeDep ROOT @inquirer/figures@2.0.8 OK for: @inquirer/checkbox@5.2.3 want: ^2.0.8
483 silly placeDep ROOT @inquirer/type@4.1.0 OK for: @inquirer/checkbox@5.2.3 want: ^4.1.0
484 silly fetch manifest cli-width@^4.1.0
485 silly packumentCache full:https://registry.npmjs.org/cli-width cache-miss
486 silly fetch manifest mute-stream@^3.0.0
487 silly packumentCache full:https://registry.npmjs.org/mute-stream cache-miss
488 silly fetch manifest signal-exit@^4.1.0
489 silly packumentCache full:https://registry.npmjs.org/signal-exit cache-miss
490 silly fetch manifest fast-wrap-ansi@^0.2.0
491 silly packumentCache full:https://registry.npmjs.org/fast-wrap-ansi cache-miss
492 http fetch GET 200 https://registry.npmjs.org/signal-exit 87ms (cache miss)
493 silly packumentCache full:https://registry.npmjs.org/signal-exit set size:undefined disposed:false
494 http fetch GET 200 https://registry.npmjs.org/fast-wrap-ansi 97ms (cache miss)
495 silly packumentCache full:https://registry.npmjs.org/fast-wrap-ansi set size:undefined disposed:false
496 http fetch GET 200 https://registry.npmjs.org/cli-width 98ms (cache miss)
497 silly packumentCache full:https://registry.npmjs.org/cli-width set size:undefined disposed:false
498 http fetch GET 200 https://registry.npmjs.org/mute-stream 120ms (cache miss)
499 silly packumentCache full:https://registry.npmjs.org/mute-stream set size:undefined disposed:false
500 silly placeDep ROOT cli-width@4.1.0 OK for: @inquirer/core@12.0.1 want: ^4.1.0
501 silly placeDep ROOT fast-wrap-ansi@0.2.2 OK for: @inquirer/core@12.0.1 want: ^0.2.0
502 silly placeDep ROOT mute-stream@3.0.0 OK for: @inquirer/core@12.0.1 want: ^3.0.0
503 silly placeDep ROOT signal-exit@4.1.0 OK for: @inquirer/core@12.0.1 want: ^4.1.0
504 silly fetch manifest fast-string-width@^3.0.2
505 silly packumentCache full:https://registry.npmjs.org/fast-string-width cache-miss
506 http fetch GET 200 https://registry.npmjs.org/fast-string-width 74ms (cache miss)
507 silly packumentCache full:https://registry.npmjs.org/fast-string-width set size:undefined disposed:false
508 silly placeDep ROOT @inquirer/external-editor@3.0.4 OK for: @inquirer/editor@5.3.1 want: ^3.0.4
509 silly fetch manifest chardet@^2.1.1
510 silly packumentCache full:https://registry.npmjs.org/chardet cache-miss
511 silly fetch manifest iconv-lite@^0.7.2
512 silly packumentCache full:https://registry.npmjs.org/iconv-lite cache-miss
513 http fetch GET 200 https://registry.npmjs.org/iconv-lite 99ms (cache miss)
514 silly packumentCache full:https://registry.npmjs.org/iconv-lite set size:undefined disposed:false
515 http fetch GET 200 https://registry.npmjs.org/chardet 101ms (cache miss)
516 silly packumentCache full:https://registry.npmjs.org/chardet set size:undefined disposed:false
517 silly placeDep ROOT chardet@2.2.0 OK for: @inquirer/external-editor@3.0.4 want: ^2.1.1
518 silly placeDep ROOT iconv-lite@0.7.3 OK for: @inquirer/external-editor@3.0.4 want: ^0.7.2
519 silly fetch manifest safer-buffer@>= 2.1.2 < 3.0.0
520 silly packumentCache full:https://registry.npmjs.org/safer-buffer cache-miss
521 http fetch GET 200 https://registry.npmjs.org/safer-buffer 76ms (cache miss)
522 silly packumentCache full:https://registry.npmjs.org/safer-buffer set size:undefined disposed:false
523 silly placeDep ROOT @hono/node-server@2.1.1 OK for: @modelcontextprotocol/sdk@1.30.0 want: ^1.19.9 || ^2.0.5
524 silly placeDep ROOT hono@4.13.5 OK for: @hono/node-server@2.1.1 want: ^4
525 silly placeDep ROOT content-type@1.0.5 OK for: @modelcontextprotocol/sdk@1.30.0 want: ^1.0.5
526 silly placeDep ROOT cors@2.8.6 OK for: @modelcontextprotocol/sdk@1.30.0 want: ^2.8.5
527 silly placeDep ROOT cross-spawn@7.0.6 OK for: @modelcontextprotocol/sdk@1.30.0 want: ^7.0.5
528 silly placeDep ROOT eventsource@3.0.7 OK for: @modelcontextprotocol/sdk@1.30.0 want: ^3.0.2
529 silly placeDep ROOT eventsource-parser@3.1.1 OK for: @modelcontextprotocol/sdk@1.30.0 want: ^3.0.0
530 silly placeDep ROOT express@5.2.1 OK for: @modelcontextprotocol/sdk@1.30.0 want: ^5.2.1
531 silly placeDep ROOT express-rate-limit@8.7.0 OK for: @modelcontextprotocol/sdk@1.30.0 want: ^8.2.1
532 silly placeDep ROOT jose@6.2.10 OK for: @modelcontextprotocol/sdk@1.30.0 want: ^6.1.3
533 silly placeDep ROOT json-schema-typed@8.0.2 OK for: @modelcontextprotocol/sdk@1.30.0 want: ^8.0.2
534 silly placeDep ROOT pkce-challenge@5.0.1 OK for: @modelcontextprotocol/sdk@1.30.0 want: ^5.0.0
535 silly placeDep ROOT raw-body@3.0.2 OK for: @modelcontextprotocol/sdk@1.30.0 want: ^3.0.0
536 silly placeDep ROOT zod-to-json-schema@3.25.2 OK for: @modelcontextprotocol/sdk@1.30.0 want: ^3.25.1
537 silly fetch manifest object-assign@^4
538 silly packumentCache full:https://registry.npmjs.org/object-assign cache-miss
539 silly fetch manifest vary@^1
540 silly packumentCache full:https://registry.npmjs.org/vary cache-miss
541 silly fetch manifest which@^2.0.1
542 silly packumentCache full:https://registry.npmjs.org/which cache-miss
543 silly fetch manifest path-key@^3.1.0
544 silly packumentCache full:https://registry.npmjs.org/path-key cache-miss
545 silly fetch manifest shebang-command@^2.0.0
546 silly packumentCache full:https://registry.npmjs.org/shebang-command cache-miss
547 silly fetch manifest eventsource-parser@^3.0.1
548 silly packumentCache full:https://registry.npmjs.org/eventsource-parser cache-miss
549 silly fetch manifest qs@^6.14.0
550 silly packumentCache full:https://registry.npmjs.org/qs cache-miss
551 silly fetch manifest depd@^2.0.0
552 silly packumentCache full:https://registry.npmjs.org/depd cache-miss
553 silly fetch manifest etag@^1.8.1
554 silly packumentCache full:https://registry.npmjs.org/etag cache-miss
555 silly fetch manifest once@^1.4.0
556 silly packumentCache full:https://registry.npmjs.org/once cache-miss
557 silly fetch manifest send@^1.1.0
558 silly packumentCache full:https://registry.npmjs.org/send cache-miss
559 silly fetch manifest vary@^1.1.2
560 silly packumentCache full:https://registry.npmjs.org/vary cache-miss
561 silly fetch manifest debug@^4.4.0
562 silly packumentCache full:https://registry.npmjs.org/debug cache-miss
563 silly fetch manifest fresh@^2.0.0
564 silly packumentCache full:https://registry.npmjs.org/fresh cache-miss
565 silly fetch manifest cookie@^0.7.1
566 silly packumentCache full:https://registry.npmjs.org/cookie cache-miss
567 http cache https://registry.npmjs.org/eventsource-parser 27ms (cache hit)
568 silly packumentCache full:https://registry.npmjs.org/eventsource-parser set size:89571 disposed:false
569 silly fetch manifest router@^2.2.0
570 silly packumentCache full:https://registry.npmjs.org/router cache-miss
571 http fetch GET 200 https://registry.npmjs.org/object-assign 87ms (cache miss)
572 silly packumentCache full:https://registry.npmjs.org/object-assign set size:undefined disposed:false
573 silly fetch manifest accepts@^2.0.0
574 silly packumentCache full:https://registry.npmjs.org/accepts cache-miss
575 http fetch GET 200 https://registry.npmjs.org/path-key 90ms (cache miss)
576 silly packumentCache full:https://registry.npmjs.org/path-key set size:undefined disposed:false
577 silly fetch manifest type-is@^2.0.1
578 silly packumentCache full:https://registry.npmjs.org/type-is cache-miss
579 http fetch GET 200 https://registry.npmjs.org/depd 91ms (cache miss)
580 silly packumentCache full:https://registry.npmjs.org/depd set size:undefined disposed:false
581 silly fetch manifest parseurl@^1.3.3
582 silly packumentCache full:https://registry.npmjs.org/parseurl cache-miss
583 http fetch GET 200 https://registry.npmjs.org/shebang-command 93ms (cache miss)
584 silly packumentCache full:https://registry.npmjs.org/shebang-command set size:undefined disposed:false
585 silly fetch manifest statuses@^2.0.1
586 silly packumentCache full:https://registry.npmjs.org/statuses cache-miss
587 http fetch GET 200 https://registry.npmjs.org/vary 99ms (cache miss)
588 silly packumentCache full:https://registry.npmjs.org/vary set size:undefined disposed:false
589 silly fetch manifest encodeurl@^2.0.0
590 silly packumentCache full:https://registry.npmjs.org/encodeurl cache-miss
591 http fetch GET 200 https://registry.npmjs.org/which 104ms (cache miss)
592 silly packumentCache full:https://registry.npmjs.org/which set size:undefined disposed:false
593 silly fetch manifest mime-types@^3.0.0
594 silly packumentCache full:https://registry.npmjs.org/mime-types cache-miss
595 http fetch GET 200 https://registry.npmjs.org/vary 106ms (cache miss)
596 silly packumentCache full:https://registry.npmjs.org/vary set size:undefined disposed:false
597 silly fetch manifest proxy-addr@^2.0.7
598 silly packumentCache full:https://registry.npmjs.org/proxy-addr cache-miss
599 http fetch GET 200 https://registry.npmjs.org/etag 107ms (cache miss)
600 silly packumentCache full:https://registry.npmjs.org/etag set size:undefined disposed:false
601 silly fetch manifest body-parser@^2.2.1
602 silly packumentCache full:https://registry.npmjs.org/body-parser cache-miss
603 http fetch GET 200 https://registry.npmjs.org/cookie 109ms (cache miss)
604 silly packumentCache full:https://registry.npmjs.org/cookie set size:undefined disposed:false
605 silly fetch manifest escape-html@^1.0.3
606 silly packumentCache full:https://registry.npmjs.org/escape-html cache-miss
607 http fetch GET 200 https://registry.npmjs.org/debug 111ms (cache miss)
608 silly packumentCache full:https://registry.npmjs.org/debug set size:undefined disposed:false
609 silly fetch manifest http-errors@^2.0.0
610 silly packumentCache full:https://registry.npmjs.org/http-errors cache-miss
611 http fetch GET 200 https://registry.npmjs.org/fresh 115ms (cache miss)
612 silly packumentCache full:https://registry.npmjs.org/fresh set size:undefined disposed:false
613 silly fetch manifest on-finished@^2.4.1
614 silly packumentCache full:https://registry.npmjs.org/on-finished cache-miss
615 http fetch GET 200 https://registry.npmjs.org/once 118ms (cache miss)
616 silly packumentCache full:https://registry.npmjs.org/once set size:undefined disposed:false
617 silly fetch manifest finalhandler@^2.1.0
618 silly packumentCache full:https://registry.npmjs.org/finalhandler cache-miss
619 http fetch GET 200 https://registry.npmjs.org/send 120ms (cache miss)
620 silly packumentCache full:https://registry.npmjs.org/send set size:undefined disposed:false
621 silly fetch manifest range-parser@^1.2.1
622 silly packumentCache full:https://registry.npmjs.org/range-parser cache-miss
623 http fetch GET 200 https://registry.npmjs.org/qs 122ms (cache miss)
624 silly packumentCache full:https://registry.npmjs.org/qs set size:undefined disposed:false
625 silly fetch manifest serve-static@^2.2.0
626 silly packumentCache full:https://registry.npmjs.org/serve-static cache-miss
627 http fetch GET 200 https://registry.npmjs.org/parseurl 76ms (cache miss)
628 silly packumentCache full:https://registry.npmjs.org/parseurl set size:undefined disposed:false
629 silly fetch manifest cookie-signature@^1.2.1
630 silly packumentCache full:https://registry.npmjs.org/cookie-signature cache-miss
631 http fetch GET 200 https://registry.npmjs.org/statuses 80ms (cache miss)
632 silly packumentCache full:https://registry.npmjs.org/statuses set size:undefined disposed:false
633 silly fetch manifest merge-descriptors@^2.0.0
634 silly packumentCache full:https://registry.npmjs.org/merge-descriptors cache-miss
635 http fetch GET 200 https://registry.npmjs.org/encodeurl 79ms (cache miss)
636 silly packumentCache full:https://registry.npmjs.org/encodeurl set size:undefined disposed:false
637 silly fetch manifest content-disposition@^1.0.0
638 silly packumentCache full:https://registry.npmjs.org/content-disposition cache-miss
639 http fetch GET 200 https://registry.npmjs.org/escape-html 83ms (cache miss)
640 silly packumentCache full:https://registry.npmjs.org/escape-html set size:undefined disposed:false
641 silly fetch manifest debug@^4.4.3
642 silly packumentCache full:https://registry.npmjs.org/debug cache-miss
643 http cache https://registry.npmjs.org/debug 5ms (cache hit)
644 silly packumentCache full:https://registry.npmjs.org/debug set size:195840 disposed:false
645 silly fetch manifest ip-address@^10.2.0
646 silly packumentCache full:https://registry.npmjs.org/ip-address cache-miss
647 http fetch GET 200 https://registry.npmjs.org/body-parser 96ms (cache miss)
648 silly packumentCache full:https://registry.npmjs.org/body-parser set size:undefined disposed:false
649 silly fetch manifest bytes@~3.1.2
650 silly packumentCache full:https://registry.npmjs.org/bytes cache-miss
651 http fetch GET 200 https://registry.npmjs.org/mime-types 104ms (cache miss)
652 silly packumentCache full:https://registry.npmjs.org/mime-types set size:undefined disposed:false
653 silly fetch manifest unpipe@~1.0.0
654 silly packumentCache full:https://registry.npmjs.org/unpipe cache-miss
655 http fetch GET 200 https://registry.npmjs.org/http-errors 98ms (cache miss)
656 silly packumentCache full:https://registry.npmjs.org/http-errors set size:undefined disposed:false
657 silly fetch manifest http-errors@~2.0.1
658 silly packumentCache full:https://registry.npmjs.org/http-errors cache-miss
659 http fetch GET 200 https://registry.npmjs.org/on-finished 99ms (cache miss)
660 silly packumentCache full:https://registry.npmjs.org/on-finished set size:undefined disposed:false
661 http fetch GET 200 https://registry.npmjs.org/finalhandler 99ms (cache miss)
662 silly packumentCache full:https://registry.npmjs.org/finalhandler set size:undefined disposed:false
663 http cache https://registry.npmjs.org/http-errors 6ms (cache hit)
664 silly packumentCache full:https://registry.npmjs.org/http-errors set size:71987 disposed:false
665 http fetch GET 200 https://registry.npmjs.org/serve-static 97ms (cache miss)
666 silly packumentCache full:https://registry.npmjs.org/serve-static set size:undefined disposed:false
667 http fetch GET 200 https://registry.npmjs.org/range-parser 104ms (cache miss)
668 silly packumentCache full:https://registry.npmjs.org/range-parser set size:undefined disposed:false
669 http fetch GET 200 https://registry.npmjs.org/cookie-signature 77ms (cache miss)
670 silly packumentCache full:https://registry.npmjs.org/cookie-signature set size:undefined disposed:false
671 http fetch GET 200 https://registry.npmjs.org/content-disposition 79ms (cache miss)
672 silly packumentCache full:https://registry.npmjs.org/content-disposition set size:undefined disposed:false
673 http fetch GET 200 https://registry.npmjs.org/router 239ms (cache miss)
674 silly packumentCache full:https://registry.npmjs.org/router set size:undefined disposed:false
675 http fetch GET 200 https://registry.npmjs.org/ip-address 85ms (cache miss)
676 silly packumentCache full:https://registry.npmjs.org/ip-address set size:undefined disposed:false
677 http fetch GET 200 https://registry.npmjs.org/bytes 86ms (cache miss)
678 silly packumentCache full:https://registry.npmjs.org/bytes set size:undefined disposed:false
679 http fetch GET 200 https://registry.npmjs.org/unpipe 86ms (cache miss)
680 silly packumentCache full:https://registry.npmjs.org/unpipe set size:undefined disposed:false
681 http fetch GET 200 https://registry.npmjs.org/accepts 237ms (cache miss)
682 silly packumentCache full:https://registry.npmjs.org/accepts set size:undefined disposed:false
683 http fetch GET 200 https://registry.npmjs.org/type-is 237ms (cache miss)
684 silly packumentCache full:https://registry.npmjs.org/type-is set size:undefined disposed:false
685 http fetch GET 200 https://registry.npmjs.org/proxy-addr 240ms (cache miss)
686 silly packumentCache full:https://registry.npmjs.org/proxy-addr set size:undefined disposed:false
687 http fetch GET 200 https://registry.npmjs.org/merge-descriptors 231ms (cache miss)
688 silly packumentCache full:https://registry.npmjs.org/merge-descriptors set size:undefined disposed:false
689 silly placeDep ROOT typescript@6.0.3 OK for: @schematics/angular@22.1.6 want: 6.0.3
690 silly placeDep ROOT fast-deep-equal@3.1.3 OK for: ajv@8.20.0 want: ^3.1.3
691 silly placeDep ROOT fast-uri@3.1.6 OK for: ajv@8.20.0 want: ^3.0.1
692 silly placeDep ROOT json-schema-traverse@1.0.0 OK for: ajv@8.20.0 want: ^1.0.0
693 silly placeDep ROOT require-from-string@2.0.2 OK for: ajv@8.20.0 want: ^2.0.2
694 silly placeDep ROOT object-assign@4.1.1 OK for: cors@2.8.6 want: ^4
695 silly placeDep ROOT vary@1.1.2 OK for: cors@2.8.6 want: ^1
696 silly placeDep ROOT path-key@3.1.1 OK for: cross-spawn@7.0.6 want: ^3.1.0
697 silly placeDep ROOT shebang-command@2.0.0 OK for: cross-spawn@7.0.6 want: ^2.0.0
698 silly placeDep ROOT which@2.0.2 OK for: cross-spawn@7.0.6 want: ^2.0.1
699 silly fetch manifest shebang-regex@^3.0.0
700 silly packumentCache full:https://registry.npmjs.org/shebang-regex cache-miss
701 silly fetch manifest isexe@^2.0.0
702 silly packumentCache full:https://registry.npmjs.org/isexe cache-miss
703 http fetch GET 200 https://registry.npmjs.org/shebang-regex 76ms (cache miss)
704 silly packumentCache full:https://registry.npmjs.org/shebang-regex set size:undefined disposed:false
705 http fetch GET 200 https://registry.npmjs.org/isexe 93ms (cache miss)
706 silly packumentCache full:https://registry.npmjs.org/isexe set size:undefined disposed:false
707 silly placeDep ROOT accepts@2.0.0 OK for: express@5.2.1 want: ^2.0.0
708 silly placeDep ROOT body-parser@2.3.0 OK for: express@5.2.1 want: ^2.2.1
709 silly placeDep ROOT content-disposition@1.1.0 OK for: express@5.2.1 want: ^1.0.0
710 silly placeDep ROOT cookie@0.7.2 OK for: express@5.2.1 want: ^0.7.1
711 silly placeDep ROOT cookie-signature@1.2.2 OK for: express@5.2.1 want: ^1.2.1
712 silly placeDep ROOT debug@4.4.3 OK for: express@5.2.1 want: ^4.4.0
713 silly placeDep ROOT depd@2.0.0 OK for: express@5.2.1 want: ^2.0.0
714 silly placeDep ROOT encodeurl@2.0.0 OK for: express@5.2.1 want: ^2.0.0
715 silly placeDep ROOT escape-html@1.0.3 OK for: express@5.2.1 want: ^1.0.3
716 silly placeDep ROOT etag@1.8.1 OK for: express@5.2.1 want: ^1.8.1
717 silly placeDep ROOT finalhandler@2.1.1 OK for: express@5.2.1 want: ^2.1.0
718 silly placeDep ROOT fresh@2.0.0 OK for: express@5.2.1 want: ^2.0.0
719 silly placeDep ROOT http-errors@2.0.1 OK for: express@5.2.1 want: ^2.0.0
720 silly placeDep ROOT merge-descriptors@2.0.0 OK for: express@5.2.1 want: ^2.0.0
721 silly placeDep ROOT mime-types@3.0.2 OK for: express@5.2.1 want: ^3.0.0
722 silly placeDep ROOT on-finished@2.4.1 OK for: express@5.2.1 want: ^2.4.1
723 silly placeDep ROOT once@1.4.0 OK for: express@5.2.1 want: ^1.4.0
724 silly placeDep ROOT parseurl@1.3.3 OK for: express@5.2.1 want: ^1.3.3
725 silly placeDep ROOT proxy-addr@2.0.7 OK for: express@5.2.1 want: ^2.0.7
726 silly placeDep ROOT qs@6.16.0 OK for: express@5.2.1 want: ^6.14.0
727 silly placeDep ROOT range-parser@1.3.0 OK for: express@5.2.1 want: ^1.2.1
728 silly placeDep ROOT router@2.2.0 OK for: express@5.2.1 want: ^2.2.0
729 silly placeDep ROOT send@1.2.1 OK for: express@5.2.1 want: ^1.1.0
730 silly placeDep ROOT serve-static@2.2.1 OK for: express@5.2.1 want: ^2.2.0
731 silly placeDep ROOT statuses@2.0.2 OK for: express@5.2.1 want: ^2.0.1
732 silly placeDep ROOT type-is@2.1.0 OK for: express@5.2.1 want: ^2.0.1
733 silly fetch manifest negotiator@^1.0.0
734 silly packumentCache full:https://registry.npmjs.org/negotiator cache-miss
735 silly fetch manifest qs@^6.15.2
736 silly packumentCache full:https://registry.npmjs.org/qs cache-miss
737 silly fetch manifest bytes@^3.1.2
738 silly packumentCache full:https://registry.npmjs.org/bytes cache-miss
739 silly fetch manifest type-is@^2.1.0
740 silly packumentCache full:https://registry.npmjs.org/type-is cache-miss
741 silly fetch manifest http-errors@^2.0.1
742 silly packumentCache full:https://registry.npmjs.org/http-errors cache-hit
743 silly fetch manifest content-type@^2.0.0
744 silly packumentCache full:https://registry.npmjs.org/content-type cache-miss
745 silly fetch manifest ms@^2.1.3
746 silly packumentCache full:https://registry.npmjs.org/ms cache-miss
747 silly fetch manifest inherits@~2.0.4
748 silly packumentCache full:https://registry.npmjs.org/inherits cache-miss
749 silly fetch manifest setprototypeof@~1.2.0
750 silly packumentCache full:https://registry.npmjs.org/setprototypeof cache-miss
751 silly fetch manifest statuses@~2.0.2
752 silly packumentCache full:https://registry.npmjs.org/statuses cache-miss
753 silly fetch manifest toidentifier@~1.0.1
754 silly packumentCache full:https://registry.npmjs.org/toidentifier cache-miss
755 silly fetch manifest mime-db@^1.54.0
756 silly packumentCache full:https://registry.npmjs.org/mime-db cache-miss
757 silly fetch manifest ee-first@1.1.1
758 silly packumentCache full:https://registry.npmjs.org/ee-first cache-miss
759 silly fetch manifest wrappy@1
760 silly packumentCache full:https://registry.npmjs.org/wrappy cache-miss
761 silly fetch manifest forwarded@0.2.0
762 silly packumentCache full:https://registry.npmjs.org/forwarded cache-miss
763 silly fetch manifest ipaddr.js@1.9.1
764 silly packumentCache full:https://registry.npmjs.org/ipaddr.js cache-miss
765 http cache https://registry.npmjs.org/bytes 14ms (cache hit)
766 silly packumentCache full:https://registry.npmjs.org/bytes set size:37018 disposed:false
767 silly fetch manifest side-channel@^1.1.1
768 silly packumentCache full:https://registry.npmjs.org/side-channel cache-miss
769 http cache https://registry.npmjs.org/qs 16ms (cache hit)
770 silly packumentCache full:https://registry.npmjs.org/qs set size:365613 disposed:false
771 silly fetch manifest es-define-property@^1.0.1
772 silly packumentCache full:https://registry.npmjs.org/es-define-property cache-miss
773 http cache https://registry.npmjs.org/statuses 17ms (cache hit)
774 silly packumentCache full:https://registry.npmjs.org/statuses set size:37117 disposed:false
775 silly fetch manifest is-promise@^4.0.0
776 silly packumentCache full:https://registry.npmjs.org/is-promise cache-miss
777 http cache https://registry.npmjs.org/content-type 20ms (cache hit)
778 silly packumentCache full:https://registry.npmjs.org/content-type set size:23936 disposed:false
779 silly fetch manifest path-to-regexp@^8.0.0
780 silly packumentCache full:https://registry.npmjs.org/path-to-regexp cache-miss
781 http cache https://registry.npmjs.org/type-is 21ms (cache hit)
782 silly packumentCache full:https://registry.npmjs.org/type-is set size:88614 disposed:false
783 silly fetch manifest ms@^2.1.3
784 silly packumentCache full:https://registry.npmjs.org/ms cache-miss
785 http fetch GET 200 https://registry.npmjs.org/setprototypeof 88ms (cache miss)
786 silly packumentCache full:https://registry.npmjs.org/setprototypeof set size:undefined disposed:false
787 silly fetch manifest statuses@^2.0.2
788 silly packumentCache full:https://registry.npmjs.org/statuses cache-hit
789 silly fetch manifest media-typer@^1.1.0
790 silly packumentCache full:https://registry.npmjs.org/media-typer cache-miss
791 http fetch GET 200 https://registry.npmjs.org/toidentifier 94ms (cache miss)
792 silly packumentCache full:https://registry.npmjs.org/toidentifier set size:undefined disposed:false
793 http fetch GET 200 https://registry.npmjs.org/ipaddr.js 93ms (cache miss)
794 silly packumentCache full:https://registry.npmjs.org/ipaddr.js set size:undefined disposed:false
795 http fetch GET 200 https://registry.npmjs.org/wrappy 97ms (cache miss)
796 silly packumentCache full:https://registry.npmjs.org/wrappy set size:undefined disposed:false
797 http fetch GET 200 https://registry.npmjs.org/forwarded 99ms (cache miss)
798 silly packumentCache full:https://registry.npmjs.org/forwarded set size:undefined disposed:false
799 http fetch GET 200 https://registry.npmjs.org/ms 103ms (cache miss)
800 silly packumentCache full:https://registry.npmjs.org/ms set size:undefined disposed:false
801 http fetch GET 200 https://registry.npmjs.org/es-define-property 88ms (cache miss)
802 silly packumentCache full:https://registry.npmjs.org/es-define-property set size:undefined disposed:false
803 http fetch GET 200 https://registry.npmjs.org/side-channel 92ms (cache miss)
804 silly packumentCache full:https://registry.npmjs.org/side-channel set size:undefined disposed:false
805 http fetch GET 200 https://registry.npmjs.org/mime-db 107ms (cache miss)
806 silly packumentCache full:https://registry.npmjs.org/mime-db set size:undefined disposed:false
807 http fetch GET 200 https://registry.npmjs.org/inherits 110ms (cache miss)
808 silly packumentCache full:https://registry.npmjs.org/inherits set size:undefined disposed:false
809 http fetch GET 200 https://registry.npmjs.org/is-promise 92ms (cache miss)
810 silly packumentCache full:https://registry.npmjs.org/is-promise set size:undefined disposed:false
811 http fetch GET 200 https://registry.npmjs.org/ms 91ms (cache miss)
812 silly packumentCache full:https://registry.npmjs.org/ms set size:undefined disposed:false
813 http fetch GET 200 https://registry.npmjs.org/path-to-regexp 96ms (cache miss)
814 silly packumentCache full:https://registry.npmjs.org/path-to-regexp set size:undefined disposed:false
815 http fetch GET 200 https://registry.npmjs.org/negotiator 140ms (cache miss)
816 silly packumentCache full:https://registry.npmjs.org/negotiator set size:undefined disposed:false
817 http fetch GET 200 https://registry.npmjs.org/ee-first 234ms (cache miss)
818 silly packumentCache full:https://registry.npmjs.org/ee-first set size:undefined disposed:false
819 http fetch GET 200 https://registry.npmjs.org/media-typer 235ms (cache miss)
820 silly packumentCache full:https://registry.npmjs.org/media-typer set size:undefined disposed:false
821 silly placeDep ROOT negotiator@1.1.0 OK for: accepts@2.0.0 want: ^1.0.0
822 silly fetch manifest content-type@^2.1.0
823 silly packumentCache full:https://registry.npmjs.org/content-type cache-hit
824 silly placeDep ROOT bytes@3.1.2 OK for: body-parser@2.3.0 want: ^3.1.2
825 silly placeDep node_modules/body-parser content-type@2.1.0 OK for: body-parser@2.3.0 want: ^2.0.0
826 silly placeDep ROOT ms@2.1.3 OK for: debug@4.4.3 want: ^2.1.3
827 silly placeDep ROOT ip-address@10.7.0 OK for: express-rate-limit@8.7.0 want: ^10.2.0
828 silly placeDep ROOT fast-string-width@3.0.2 OK for: fast-wrap-ansi@0.2.2 want: ^3.0.2
829 silly fetch manifest fast-string-truncated-width@^3.0.2
830 silly packumentCache full:https://registry.npmjs.org/fast-string-truncated-width cache-miss
831 http fetch GET 200 https://registry.npmjs.org/fast-string-truncated-width 92ms (cache miss)
832 silly packumentCache full:https://registry.npmjs.org/fast-string-truncated-width set size:undefined disposed:false
833 silly placeDep ROOT fast-string-truncated-width@3.0.3 OK for: fast-string-width@3.0.2 want: ^3.0.2
834 silly placeDep ROOT inherits@2.0.4 OK for: http-errors@2.0.1 want: ~2.0.4
835 silly placeDep ROOT setprototypeof@1.2.0 OK for: http-errors@2.0.1 want: ~1.2.0
836 silly placeDep ROOT toidentifier@1.0.1 OK for: http-errors@2.0.1 want: ~1.0.1
837 silly placeDep ROOT safer-buffer@2.1.2 OK for: iconv-lite@0.7.3 want: >= 2.1.2 < 3.0.0
838 silly placeDep ROOT cli-truncate@6.1.1 OK for: listr2@11.0.0 want: ^6.1.1
839 silly placeDep ROOT log-update@8.0.0 OK for: listr2@11.0.0 want: ^8.0.0
840 silly placeDep ROOT wrap-ansi@10.0.1 OK for: listr2@11.0.0 want: ^10.0.0
841 silly fetch manifest slice-ansi@^9.0.0
842 silly packumentCache full:https://registry.npmjs.org/slice-ansi cache-miss
843 silly fetch manifest string-width@^8.2.0
844 silly packumentCache full:https://registry.npmjs.org/string-width cache-hit
845 silly fetch manifest ansi-escapes@^7.3.0
846 silly packumentCache full:https://registry.npmjs.org/ansi-escapes cache-miss
847 silly fetch manifest slice-ansi@^9.0.0
848 silly packumentCache full:https://registry.npmjs.org/slice-ansi cache-miss
849 silly fetch manifest string-width@^8.2.0
850 silly packumentCache full:https://registry.npmjs.org/string-width cache-hit
851 silly fetch manifest strip-ansi@^7.2.0
852 silly packumentCache full:https://registry.npmjs.org/strip-ansi cache-miss
853 silly fetch manifest ansi-styles@^6.2.3
854 silly packumentCache full:https://registry.npmjs.org/ansi-styles cache-miss
855 silly fetch manifest string-width@^8.2.0
856 silly packumentCache full:https://registry.npmjs.org/string-width cache-hit
857 http fetch GET 200 https://registry.npmjs.org/ansi-styles 83ms (cache miss)
858 silly packumentCache full:https://registry.npmjs.org/ansi-styles set size:undefined disposed:false
859 http fetch GET 200 https://registry.npmjs.org/slice-ansi 89ms (cache miss)
860 silly packumentCache full:https://registry.npmjs.org/slice-ansi set size:undefined disposed:false
861 http fetch GET 200 https://registry.npmjs.org/strip-ansi 89ms (cache miss)
862 silly packumentCache full:https://registry.npmjs.org/strip-ansi set size:undefined disposed:false
863 http fetch GET 200 https://registry.npmjs.org/ansi-escapes 94ms (cache miss)
864 silly packumentCache full:https://registry.npmjs.org/ansi-escapes set size:undefined disposed:false
865 http fetch GET 200 https://registry.npmjs.org/slice-ansi 260ms (cache miss)
866 silly packumentCache full:https://registry.npmjs.org/slice-ansi set size:undefined disposed:false
867 silly placeDep ROOT slice-ansi@9.0.0 OK for: cli-truncate@6.1.1 want: ^9.0.0
868 silly placeDep ROOT string-width@8.2.2 OK for: cli-truncate@6.1.1 want: ^8.2.0
869 silly fetch manifest is-fullwidth-code-point@^5.1.0
870 silly packumentCache full:https://registry.npmjs.org/is-fullwidth-code-point cache-miss
871 silly fetch manifest get-east-asian-width@^1.5.0
872 silly packumentCache full:https://registry.npmjs.org/get-east-asian-width cache-miss
873 silly fetch manifest strip-ansi@^7.1.2
874 silly packumentCache full:https://registry.npmjs.org/strip-ansi cache-miss
875 http cache https://registry.npmjs.org/strip-ansi 5ms (cache hit)
876 silly packumentCache full:https://registry.npmjs.org/strip-ansi set size:44998 disposed:false
877 http fetch GET 200 https://registry.npmjs.org/is-fullwidth-code-point 79ms (cache miss)
878 silly packumentCache full:https://registry.npmjs.org/is-fullwidth-code-point set size:undefined disposed:false
879 http fetch GET 200 https://registry.npmjs.org/get-east-asian-width 80ms (cache miss)
880 silly packumentCache full:https://registry.npmjs.org/get-east-asian-width set size:undefined disposed:false
881 silly placeDep ROOT ansi-escapes@7.3.0 OK for: log-update@8.0.0 want: ^7.3.0
882 silly placeDep ROOT cli-cursor@5.0.0 OK for: log-update@8.0.0 want: ^5.0.0
883 silly placeDep ROOT strip-ansi@7.2.0 OK for: log-update@8.0.0 want: ^7.2.0
884 silly fetch manifest environment@^1.0.0
885 silly packumentCache full:https://registry.npmjs.org/environment cache-miss
886 silly fetch manifest restore-cursor@^5.0.0
887 silly packumentCache full:https://registry.npmjs.org/restore-cursor cache-miss
888 silly fetch manifest ansi-regex@^6.2.2
889 silly packumentCache full:https://registry.npmjs.org/ansi-regex cache-miss
890 http fetch GET 200 https://registry.npmjs.org/restore-cursor 77ms (cache miss)
891 silly packumentCache full:https://registry.npmjs.org/restore-cursor set size:undefined disposed:false
892 http fetch GET 200 https://registry.npmjs.org/ansi-regex 89ms (cache miss)
893 silly packumentCache full:https://registry.npmjs.org/ansi-regex set size:undefined disposed:false
894 http fetch GET 200 https://registry.npmjs.org/environment 93ms (cache miss)
895 silly packumentCache full:https://registry.npmjs.org/environment set size:undefined disposed:false
896 silly placeDep ROOT environment@1.1.0 OK for: ansi-escapes@7.3.0 want: ^1.0.0
897 silly placeDep ROOT restore-cursor@5.1.0 OK for: cli-cursor@5.0.0 want: ^5.0.0
898 silly fetch manifest onetime@^7.0.0
899 silly packumentCache full:https://registry.npmjs.org/onetime cache-miss
900 http fetch GET 200 https://registry.npmjs.org/onetime 82ms (cache miss)
901 silly packumentCache full:https://registry.npmjs.org/onetime set size:undefined disposed:false
902 silly placeDep ROOT @jridgewell/sourcemap-codec@1.6.0 OK for: magic-string@1.0.0 want: ^1.5.5
903 silly placeDep ROOT mime-db@1.54.0 OK for: mime-types@3.0.2 want: ^1.54.0
904 silly placeDep node_modules/negotiator content-type@2.1.0 OK for: negotiator@1.1.0 want: ^2.1.0
905 silly placeDep ROOT hosted-git-info@10.1.1 OK for: npm-package-arg@14.0.0 want: ^10.1.0
906 silly placeDep ROOT proc-log@7.0.0 OK for: npm-package-arg@14.0.0 want: ^7.0.0
907 silly placeDep ROOT validate-npm-package-name@8.0.0 OK for: npm-package-arg@14.0.0 want: ^8.0.0
908 silly fetch manifest lru-cache@^11.1.0
909 silly packumentCache full:https://registry.npmjs.org/lru-cache cache-miss
910 http fetch GET 200 https://registry.npmjs.org/lru-cache 131ms (cache miss)
911 silly packumentCache full:https://registry.npmjs.org/lru-cache set size:undefined disposed:false
912 silly placeDep ROOT lru-cache@11.5.2 OK for: hosted-git-info@10.1.1 want: ^11.1.0
913 silly placeDep ROOT ee-first@1.1.1 OK for: on-finished@2.4.1 want: 1.1.1
914 silly placeDep ROOT wrappy@1.0.2 OK for: once@1.4.0 want: 1
915 silly placeDep ROOT chalk@5.6.2 OK for: ora@9.4.1 want: ^5.6.2
916 silly placeDep ROOT cli-spinners@3.4.0 OK for: ora@9.4.1 want: ^3.2.0
917 silly placeDep ROOT is-interactive@2.0.0 OK for: ora@9.4.1 want: ^2.0.0
918 silly placeDep ROOT is-unicode-supported@2.1.0 OK for: ora@9.4.1 want: ^2.1.0
919 silly placeDep ROOT log-symbols@7.0.1 OK for: ora@9.4.1 want: ^7.0.1
920 silly placeDep ROOT stdin-discarder@0.3.2 OK for: ora@9.4.1 want: ^0.3.2
921 silly fetch manifest yoctocolors@^2.1.1
922 silly packumentCache full:https://registry.npmjs.org/yoctocolors cache-miss
923 http fetch GET 200 https://registry.npmjs.org/yoctocolors 76ms (cache miss)
924 silly packumentCache full:https://registry.npmjs.org/yoctocolors set size:undefined disposed:false
925 silly placeDep ROOT yoctocolors@2.2.0 OK for: log-symbols@7.0.1 want: ^2.1.1
926 silly placeDep ROOT entities@8.0.0 OK for: parse5-html-rewriting-stream@8.0.1 want: ^8.0.0
927 silly placeDep ROOT parse5@8.0.1 OK for: parse5-html-rewriting-stream@8.0.1 want: ^8.0.0
928 silly placeDep ROOT parse5-sax-parser@8.0.0 OK for: parse5-html-rewriting-stream@8.0.1 want: ^8.0.0
929 silly placeDep ROOT forwarded@0.2.0 OK for: proxy-addr@2.0.7 want: 0.2.0
930 silly placeDep ROOT ipaddr.js@1.9.1 OK for: proxy-addr@2.0.7 want: 1.9.1
931 silly placeDep ROOT es-define-property@1.0.1 OK for: qs@6.16.0 want: ^1.0.1
932 silly placeDep ROOT side-channel@1.1.1 OK for: qs@6.16.0 want: ^1.1.1
933 silly fetch manifest es-errors@^1.3.0
934 silly packumentCache full:https://registry.npmjs.org/es-errors cache-miss
935 silly fetch manifest object-inspect@^1.13.4
936 silly packumentCache full:https://registry.npmjs.org/object-inspect cache-miss
937 silly fetch manifest side-channel-list@^1.0.1
938 silly packumentCache full:https://registry.npmjs.org/side-channel-list cache-miss
939 silly fetch manifest side-channel-map@^1.0.1
940 silly packumentCache full:https://registry.npmjs.org/side-channel-map cache-miss
941 silly fetch manifest side-channel-weakmap@^1.0.2
942 silly packumentCache full:https://registry.npmjs.org/side-channel-weakmap cache-miss
943 http fetch GET 200 https://registry.npmjs.org/side-channel-map 78ms (cache miss)
944 silly packumentCache full:https://registry.npmjs.org/side-channel-map set size:undefined disposed:false
945 http fetch GET 200 https://registry.npmjs.org/es-errors 81ms (cache miss)
946 silly packumentCache full:https://registry.npmjs.org/es-errors set size:undefined disposed:false
947 http fetch GET 200 https://registry.npmjs.org/side-channel-list 86ms (cache miss)
948 silly packumentCache full:https://registry.npmjs.org/side-channel-list set size:undefined disposed:false
949 http fetch GET 200 https://registry.npmjs.org/side-channel-weakmap 126ms (cache miss)
950 silly packumentCache full:https://registry.npmjs.org/side-channel-weakmap set size:undefined disposed:false
951 http fetch GET 200 https://registry.npmjs.org/object-inspect 247ms (cache miss)
952 silly packumentCache full:https://registry.npmjs.org/object-inspect set size:undefined disposed:false
953 silly placeDep ROOT unpipe@1.0.0 OK for: raw-body@3.0.2 want: ~1.0.0
954 silly placeDep ROOT onetime@7.0.0 OK for: restore-cursor@5.1.0 want: ^7.0.0
955 silly fetch manifest mimic-function@^5.0.0
956 silly packumentCache full:https://registry.npmjs.org/mimic-function cache-miss
957 http fetch GET 200 https://registry.npmjs.org/mimic-function 89ms (cache miss)
958 silly packumentCache full:https://registry.npmjs.org/mimic-function set size:undefined disposed:false
959 silly placeDep ROOT mimic-function@5.0.1 OK for: onetime@7.0.0 want: ^5.0.0
960 silly placeDep ROOT is-promise@4.0.0 OK for: router@2.2.0 want: ^4.0.0
961 silly placeDep ROOT path-to-regexp@8.4.2 OK for: router@2.2.0 want: ^8.0.0
962 silly placeDep ROOT tslib@2.8.1 OK for: rxjs@7.8.2 want: ^2.1.0
963 silly placeDep ROOT shebang-regex@3.0.0 OK for: shebang-command@2.0.0 want: ^3.0.0
964 silly placeDep ROOT es-errors@1.3.0 OK for: side-channel@1.1.1 want: ^1.3.0
965 silly placeDep ROOT object-inspect@1.13.4 OK for: side-channel@1.1.1 want: ^1.13.4
966 silly placeDep ROOT side-channel-list@1.0.1 OK for: side-channel@1.1.1 want: ^1.0.1
967 silly placeDep ROOT side-channel-map@1.0.1 OK for: side-channel@1.1.1 want: ^1.0.1
968 silly placeDep ROOT side-channel-weakmap@1.0.2 OK for: side-channel@1.1.1 want: ^1.0.2
969 silly fetch manifest call-bound@^1.0.2
970 silly packumentCache full:https://registry.npmjs.org/call-bound cache-miss
971 silly fetch manifest get-intrinsic@^1.2.5
972 silly packumentCache full:https://registry.npmjs.org/get-intrinsic cache-miss
973 silly fetch manifest call-bound@^1.0.2
974 silly packumentCache full:https://registry.npmjs.org/call-bound cache-miss
975 silly fetch manifest get-intrinsic@^1.2.5
976 silly packumentCache full:https://registry.npmjs.org/get-intrinsic cache-miss
977 http fetch GET 200 https://registry.npmjs.org/call-bound 80ms (cache miss)
978 silly packumentCache full:https://registry.npmjs.org/call-bound set size:undefined disposed:false
979 http fetch GET 200 https://registry.npmjs.org/get-intrinsic 81ms (cache miss)
980 silly packumentCache full:https://registry.npmjs.org/get-intrinsic set size:undefined disposed:false
981 http fetch GET 200 https://registry.npmjs.org/get-intrinsic 82ms (cache miss)
982 silly packumentCache full:https://registry.npmjs.org/get-intrinsic set size:undefined disposed:false
983 http fetch GET 200 https://registry.npmjs.org/call-bound 83ms (cache miss)
984 silly packumentCache full:https://registry.npmjs.org/call-bound set size:undefined disposed:false
985 silly placeDep ROOT call-bound@1.0.4 OK for: side-channel-map@1.0.1 want: ^1.0.2
986 silly placeDep ROOT get-intrinsic@1.3.0 OK for: side-channel-map@1.0.1 want: ^1.2.5
987 silly fetch manifest call-bind-apply-helpers@^1.0.2
988 silly packumentCache full:https://registry.npmjs.org/call-bind-apply-helpers cache-miss
989 silly fetch manifest get-intrinsic@^1.3.0
990 silly packumentCache full:https://registry.npmjs.org/get-intrinsic cache-miss
991 silly fetch manifest gopd@^1.2.0
992 silly packumentCache full:https://registry.npmjs.org/gopd cache-miss
993 silly fetch manifest hasown@^2.0.2
994 silly packumentCache full:https://registry.npmjs.org/hasown cache-miss
995 silly fetch manifest get-proto@^1.0.1
996 silly packumentCache full:https://registry.npmjs.org/get-proto cache-miss
997 silly fetch manifest has-symbols@^1.1.0
998 silly packumentCache full:https://registry.npmjs.org/has-symbols cache-miss
999 silly fetch manifest function-bind@^1.1.2
1000 silly packumentCache full:https://registry.npmjs.org/function-bind cache-miss
1001 silly fetch manifest es-object-atoms@^1.1.1
1002 silly packumentCache full:https://registry.npmjs.org/es-object-atoms cache-miss
1003 silly fetch manifest math-intrinsics@^1.1.0
1004 silly packumentCache full:https://registry.npmjs.org/math-intrinsics cache-miss
1005 silly fetch manifest call-bind-apply-helpers@^1.0.2
1006 silly packumentCache full:https://registry.npmjs.org/call-bind-apply-helpers cache-miss
1007 http cache https://registry.npmjs.org/get-intrinsic 9ms (cache hit)
1008 silly packumentCache full:https://registry.npmjs.org/get-intrinsic set size:60985 disposed:false
1009 http fetch GET 200 https://registry.npmjs.org/function-bind 79ms (cache miss)
1010 silly packumentCache full:https://registry.npmjs.org/function-bind set size:undefined disposed:false
1011 http fetch GET 200 https://registry.npmjs.org/math-intrinsics 81ms (cache miss)
1012 silly packumentCache full:https://registry.npmjs.org/math-intrinsics set size:undefined disposed:false
1013 http fetch GET 200 https://registry.npmjs.org/es-object-atoms 81ms (cache miss)
1014 silly packumentCache full:https://registry.npmjs.org/es-object-atoms set size:undefined disposed:false
1015 http fetch GET 200 https://registry.npmjs.org/has-symbols 82ms (cache miss)
1016 silly packumentCache full:https://registry.npmjs.org/has-symbols set size:undefined disposed:false
1017 http fetch GET 200 https://registry.npmjs.org/call-bind-apply-helpers 88ms (cache miss)
1018 silly packumentCache full:https://registry.npmjs.org/call-bind-apply-helpers set size:undefined disposed:false
1019 http fetch GET 200 https://registry.npmjs.org/hasown 93ms (cache miss)
1020 silly packumentCache full:https://registry.npmjs.org/hasown set size:undefined disposed:false
1021 http fetch GET 200 https://registry.npmjs.org/gopd 95ms (cache miss)
1022 silly packumentCache full:https://registry.npmjs.org/gopd set size:undefined disposed:false
1023 http fetch GET 200 https://registry.npmjs.org/get-proto 95ms (cache miss)
1024 silly packumentCache full:https://registry.npmjs.org/get-proto set size:undefined disposed:false
1025 http fetch GET 200 https://registry.npmjs.org/call-bind-apply-helpers 124ms (cache miss)
1026 silly packumentCache full:https://registry.npmjs.org/call-bind-apply-helpers set size:undefined disposed:false
1027 silly placeDep ROOT call-bind-apply-helpers@1.0.2 OK for: call-bound@1.0.4 want: ^1.0.2
1028 silly placeDep ROOT function-bind@1.1.2 OK for: call-bind-apply-helpers@1.0.2 want: ^1.1.2
1029 silly placeDep ROOT es-object-atoms@1.1.2 OK for: get-intrinsic@1.3.0 want: ^1.1.1
1030 silly placeDep ROOT get-proto@1.0.1 OK for: get-intrinsic@1.3.0 want: ^1.0.1
1031 silly placeDep ROOT gopd@1.2.0 OK for: get-intrinsic@1.3.0 want: ^1.2.0
1032 silly placeDep ROOT has-symbols@1.1.0 OK for: get-intrinsic@1.3.0 want: ^1.1.0
1033 silly placeDep ROOT hasown@2.0.4 OK for: get-intrinsic@1.3.0 want: ^2.0.2
1034 silly placeDep ROOT math-intrinsics@1.1.0 OK for: get-intrinsic@1.3.0 want: ^1.1.0
1035 silly fetch manifest dunder-proto@^1.0.1
1036 silly packumentCache full:https://registry.npmjs.org/dunder-proto cache-miss
1037 http fetch GET 200 https://registry.npmjs.org/dunder-proto 77ms (cache miss)
1038 silly packumentCache full:https://registry.npmjs.org/dunder-proto set size:undefined disposed:false
1039 silly placeDep ROOT dunder-proto@1.0.1 OK for: get-proto@1.0.1 want: ^1.0.1
1040 silly placeDep ROOT ansi-styles@6.2.3 OK for: slice-ansi@9.0.0 want: ^6.2.3
1041 silly placeDep ROOT is-fullwidth-code-point@5.1.0 OK for: slice-ansi@9.0.0 want: ^5.1.0
1042 silly fetch manifest get-east-asian-width@^1.3.1
1043 silly packumentCache full:https://registry.npmjs.org/get-east-asian-width cache-miss
1044 http cache https://registry.npmjs.org/get-east-asian-width 3ms (cache hit)
1045 silly packumentCache full:https://registry.npmjs.org/get-east-asian-width set size:20538 disposed:false
1046 silly placeDep ROOT get-east-asian-width@1.6.0 OK for: is-fullwidth-code-point@5.1.0 want: ^1.3.1
1047 silly placeDep ROOT ansi-regex@6.3.0 OK for: strip-ansi@7.2.0 want: ^6.2.2
1048 silly placeDep node_modules/type-is content-type@2.1.0 OK for: type-is@2.1.0 want: ^2.0.0
1049 silly placeDep ROOT media-typer@1.1.1 OK for: type-is@2.1.0 want: ^1.1.0
1050 silly placeDep ROOT isexe@2.0.0 OK for: which@2.0.2 want: ^2.0.0
1051 silly placeDep ROOT cliui@9.0.1 OK for: yargs@18.1.0 want: ^9.0.1
1052 silly placeDep ROOT escalade@3.2.0 OK for: yargs@18.1.0 want: ^3.1.1
1053 silly placeDep ROOT get-caller-file@2.0.5 OK for: yargs@18.1.0 want: ^2.0.5
1054 silly placeDep ROOT y18n@5.0.8 OK for: yargs@18.1.0 want: ^5.0.5
1055 silly placeDep ROOT yargs-parser@22.0.0 OK for: yargs@18.1.0 want: ^22.0.0
1056 silly fetch manifest string-width@^7.2.0
1057 silly packumentCache full:https://registry.npmjs.org/string-width cache-hit
1058 silly fetch manifest wrap-ansi@^9.0.0
1059 silly packumentCache full:https://registry.npmjs.org/wrap-ansi cache-miss
1060 http cache https://registry.npmjs.org/wrap-ansi 4ms (cache hit)
1061 silly packumentCache full:https://registry.npmjs.org/wrap-ansi set size:57461 disposed:false
1062 silly placeDep node_modules/cliui string-width@7.2.0 OK for: cliui@9.0.1 want: ^7.2.0
1063 silly placeDep node_modules/cliui wrap-ansi@9.0.2 OK for: cliui@9.0.1 want: ^9.0.0
1064 silly fetch manifest emoji-regex@^10.3.0
1065 silly packumentCache full:https://registry.npmjs.org/emoji-regex cache-miss
1066 http fetch GET 200 https://registry.npmjs.org/emoji-regex 87ms (cache miss)
1067 silly packumentCache full:https://registry.npmjs.org/emoji-regex set size:undefined disposed:false
1068 silly placeDep ROOT emoji-regex@10.6.0 OK for: string-width@7.2.0 want: ^10.3.0
1069 warn EBADENGINE Unsupported engine {
1069 warn EBADENGINE   package: '@angular/cli@22.1.6',
1069 warn EBADENGINE   required: {
1069 warn EBADENGINE     npm: '^6.11.0 || ^7.5.6 || >=8.0.0',
1069 warn EBADENGINE     node: '^22.22.3 || ^24.15.0 || >=26.0.0',
1069 warn EBADENGINE     yarn: '>= 1.13.0'
1069 warn EBADENGINE   },
1069 warn EBADENGINE   current: { node: 'v22.19.0', npm: '10.9.3' }
1069 warn EBADENGINE }
1070 warn EBADENGINE Unsupported engine {
1070 warn EBADENGINE   package: '@angular-devkit/architect@0.2201.6',
1070 warn EBADENGINE   required: {
1070 warn EBADENGINE     npm: '^6.11.0 || ^7.5.6 || >=8.0.0',
1070 warn EBADENGINE     node: '^22.22.3 || ^24.15.0 || >=26.0.0',
1070 warn EBADENGINE     yarn: '>= 1.13.0'
1070 warn EBADENGINE   },
1070 warn EBADENGINE   current: { node: 'v22.19.0', npm: '10.9.3' }
1070 warn EBADENGINE }
1071 warn EBADENGINE Unsupported engine {
1071 warn EBADENGINE   package: '@angular-devkit/core@22.1.6',
1071 warn EBADENGINE   required: {
1071 warn EBADENGINE     npm: '^6.11.0 || ^7.5.6 || >=8.0.0',
1071 warn EBADENGINE     node: '^22.22.3 || ^24.15.0 || >=26.0.0',
1071 warn EBADENGINE     yarn: '>= 1.13.0'
1071 warn EBADENGINE   },
1071 warn EBADENGINE   current: { node: 'v22.19.0', npm: '10.9.3' }
1071 warn EBADENGINE }
1072 warn EBADENGINE Unsupported engine {
1072 warn EBADENGINE   package: '@angular-devkit/schematics@22.1.6',
1072 warn EBADENGINE   required: {
1072 warn EBADENGINE     npm: '^6.11.0 || ^7.5.6 || >=8.0.0',
1072 warn EBADENGINE     node: '^22.22.3 || ^24.15.0 || >=26.0.0',
1072 warn EBADENGINE     yarn: '>= 1.13.0'
1072 warn EBADENGINE   },
1072 warn EBADENGINE   current: { node: 'v22.19.0', npm: '10.9.3' }
1072 warn EBADENGINE }
1073 warn EBADENGINE Unsupported engine {
1073 warn EBADENGINE   package: '@schematics/angular@22.1.6',
1073 warn EBADENGINE   required: {
1073 warn EBADENGINE     npm: '^6.11.0 || ^7.5.6 || >=8.0.0',
1073 warn EBADENGINE     node: '^22.22.3 || ^24.15.0 || >=26.0.0',
1073 warn EBADENGINE     yarn: '>= 1.13.0'
1073 warn EBADENGINE   },
1073 warn EBADENGINE   current: { node: 'v22.19.0', npm: '10.9.3' }
1073 warn EBADENGINE }
1074 warn EBADENGINE Unsupported engine {
1074 warn EBADENGINE   package: 'npm-package-arg@14.0.0',
1074 warn EBADENGINE   required: { node: '^22.22.2 || ^24.15.0 || >=26.0.0' },
1074 warn EBADENGINE   current: { node: 'v22.19.0', npm: '10.9.3' }
1074 warn EBADENGINE }
1075 warn EBADENGINE Unsupported engine {
1075 warn EBADENGINE   package: 'hosted-git-info@10.1.1',
1075 warn EBADENGINE   required: { node: '^22.22.2 || ^24.15.0 || >=26.0.0' },
1075 warn EBADENGINE   current: { node: 'v22.19.0', npm: '10.9.3' }
1075 warn EBADENGINE }
1076 warn EBADENGINE Unsupported engine {
1076 warn EBADENGINE   package: 'proc-log@7.0.0',
1076 warn EBADENGINE   required: { node: '^22.22.2 || ^24.15.0 || >=26.0.0' },
1076 warn EBADENGINE   current: { node: 'v22.19.0', npm: '10.9.3' }
1076 warn EBADENGINE }
1077 warn EBADENGINE Unsupported engine {
1077 warn EBADENGINE   package: 'validate-npm-package-name@8.0.0',
1077 warn EBADENGINE   required: { node: '^22.22.2 || ^24.15.0 || >=26.0.0' },
1077 warn EBADENGINE   current: { node: 'v22.19.0', npm: '10.9.3' }
1077 warn EBADENGINE }
1078 silly reify moves {}
1079 silly audit bulk request {
1079 silly audit   '@angular/cli': [ '22.1.6' ],
1079 silly audit   '@angular-devkit/architect': [ '0.2201.6' ],
1079 silly audit   '@angular-devkit/core': [ '22.1.6' ],
1079 silly audit   '@angular-devkit/schematics': [ '22.1.6' ],
1079 silly audit   '@inquirer/prompts': [ '8.5.2' ],
1079 silly audit   '@listr2/prompt-adapter-inquirer': [ '4.2.5' ],
1079 silly audit   listr2: [ '11.0.0' ],
1079 silly audit   '@modelcontextprotocol/sdk': [ '1.30.0' ],
1079 silly audit   '@schematics/angular': [ '22.1.6' ],
1079 silly audit   'jsonc-parser': [ '3.3.1' ],
1079 silly audit   'npm-package-arg': [ '14.0.0' ],
1079 silly audit   'parse5-html-rewriting-stream': [ '8.0.1' ],
1079 silly audit   semver: [ '7.8.5' ],
1079 silly audit   yargs: [ '18.1.0' ],
1079 silly audit   zod: [ '4.4.3' ],
1079 silly audit   rxjs: [ '7.8.2' ],
1079 silly audit   ajv: [ '8.20.0' ],
1079 silly audit   'ajv-formats': [ '3.0.1' ],
1079 silly audit   picomatch: [ '4.0.5' ],
1079 silly audit   'source-map': [ '0.7.6' ],
1079 silly audit   'magic-string': [ '1.0.0' ],
1079 silly audit   ora: [ '9.4.1' ],
1079 silly audit   '@inquirer/checkbox': [ '5.2.3' ],
1079 silly audit   '@inquirer/confirm': [ '6.3.0' ],
1079 silly audit   '@inquirer/editor': [ '5.3.1' ],
1079 silly audit   '@inquirer/expand': [ '5.1.3' ],
1079 silly audit   '@inquirer/input': [ '5.1.4' ],
1079 silly audit   '@inquirer/number': [ '4.2.1' ],
1079 silly audit   '@inquirer/password': [ '5.2.0' ],
1079 silly audit   '@inquirer/rawlist': [ '5.3.3' ],
1079 silly audit   '@inquirer/search': [ '4.3.1' ],
1079 silly audit   '@inquirer/select': [ '5.2.3' ],
1079 silly audit   '@inquirer/ansi': [ '2.0.7' ],
1079 silly audit   '@inquirer/core': [ '12.0.1' ],
1079 silly audit   '@inquirer/figures': [ '2.0.8' ],
1079 silly audit   '@inquirer/type': [ '4.1.0' ],
1079 silly audit   'cli-width': [ '4.1.0' ],
1079 silly audit   'fast-wrap-ansi': [ '0.2.2' ],
1079 silly audit   'mute-stream': [ '3.0.0' ],
1079 silly audit   'signal-exit': [ '4.1.0' ],
1079 silly audit   '@inquirer/external-editor': [ '3.0.4' ],
1079 silly audit   chardet: [ '2.2.0' ],
1079 silly audit   'iconv-lite': [ '0.7.3' ],
1079 silly audit   '@hono/node-server': [ '2.1.1' ],
1079 silly audit   hono: [ '4.13.5' ],
1079 silly audit   'content-type': [ '1.0.5', '2.1.0' ],
1079 silly audit   cors: [ '2.8.6' ],
1079 silly audit   'cross-spawn': [ '7.0.6' ],
1079 silly audit   eventsource: [ '3.0.7' ],
1079 silly audit   'eventsource-parser': [ '3.1.1' ],
1079 silly audit   express: [ '5.2.1' ],
1079 silly audit   'express-rate-limit': [ '8.7.0' ],
1079 silly audit   jose: [ '6.2.10' ],
1079 silly audit   'json-schema-typed': [ '8.0.2' ],
1079 silly audit   'pkce-challenge': [ '5.0.1' ],
1079 silly audit   'raw-body': [ '3.0.2' ],
1079 silly audit   'zod-to-json-schema': [ '3.25.2' ],
1079 silly audit   typescript: [ '6.0.3' ],
1079 silly audit   'fast-deep-equal': [ '3.1.3' ],
1079 silly audit   'fast-uri': [ '3.1.6' ],
1079 silly audit   'json-schema-traverse': [ '1.0.0' ],
1079 silly audit   'require-from-string': [ '2.0.2' ],
1079 silly audit   'object-assign': [ '4.1.1' ],
1079 silly audit   vary: [ '1.1.2' ],
1079 silly audit   'path-key': [ '3.1.1' ],
1079 silly audit   'shebang-command': [ '2.0.0' ],
1079 silly audit   which: [ '2.0.2' ],
1079 silly audit   accepts: [ '2.0.0' ],
1079 silly audit   'body-parser': [ '2.3.0' ],
1079 silly audit   'content-disposition': [ '1.1.0' ],
1079 silly audit   cookie: [ '0.7.2' ],
1079 silly audit   'cookie-signature': [ '1.2.2' ],
1079 silly audit   debug: [ '4.4.3' ],
1079 silly audit   depd: [ '2.0.0' ],
1079 silly audit   encodeurl: [ '2.0.0' ],
1079 silly audit   'escape-html': [ '1.0.3' ],
1079 silly audit   etag: [ '1.8.1' ],
1079 silly audit   finalhandler: [ '2.1.1' ],
1079 silly audit   fresh: [ '2.0.0' ],
1079 silly audit   'http-errors': [ '2.0.1' ],
1079 silly audit   'merge-descriptors': [ '2.0.0' ],
1079 silly audit   'mime-types': [ '3.0.2' ],
1079 silly audit   'on-finished': [ '2.4.1' ],
1079 silly audit   once: [ '1.4.0' ],
1079 silly audit   parseurl: [ '1.3.3' ],
1079 silly audit   'proxy-addr': [ '2.0.7' ],
1079 silly audit   qs: [ '6.16.0' ],
1079 silly audit   'range-parser': [ '1.3.0' ],
1079 silly audit   router: [ '2.2.0' ],
1079 silly audit   send: [ '1.2.1' ],
1079 silly audit   'serve-static': [ '2.2.1' ],
1079 silly audit   statuses: [ '2.0.2' ],
1079 silly audit   'type-is': [ '2.1.0' ],
1079 silly audit   negotiator: [ '1.1.0' ],
1079 silly audit   bytes: [ '3.1.2' ],
1079 silly audit   ms: [ '2.1.3' ],
1079 silly audit   'ip-address': [ '10.7.0' ],
1079 silly audit   'fast-string-width': [ '3.0.2' ],
1079 silly audit   'fast-string-truncated-width': [ '3.0.3' ],
1079 silly audit   inherits: [ '2.0.4' ],
1079 silly audit   setprototypeof: [ '1.2.0' ],
1079 silly audit   toidentifier: [ '1.0.1' ],
1079 silly audit   'safer-buffer': [ '2.1.2' ],
1079 silly audit   'cli-truncate': [ '6.1.1' ],
1079 silly audit   'log-update': [ '8.0.0' ],
1079 silly audit   'wrap-ansi': [ '10.0.1', '9.0.2' ],
1079 silly audit   'slice-ansi': [ '9.0.0' ],
1079 silly audit   'string-width': [ '8.2.2', '7.2.0' ],
1079 silly audit   'ansi-escapes': [ '7.3.0' ],
1079 silly audit   'cli-cursor': [ '5.0.0' ],
1079 silly audit   'strip-ansi': [ '7.2.0' ],
1079 silly audit   environment: [ '1.1.0' ],
1079 silly audit   'restore-cursor': [ '5.1.0' ],
1079 silly audit   '@jridgewell/sourcemap-codec': [ '1.6.0' ],
1079 silly audit   'mime-db': [ '1.54.0' ],
1079 silly audit   'hosted-git-info': [ '10.1.1' ],
1079 silly audit   'proc-log': [ '7.0.0' ],
1079 silly audit   'validate-npm-package-name': [ '8.0.0' ],
1079 silly audit   'lru-cache': [ '11.5.2' ],
1079 silly audit   'ee-first': [ '1.1.1' ],
1079 silly audit   wrappy: [ '1.0.2' ],
1079 silly audit   chalk: [ '5.6.2' ],
1079 silly audit   'cli-spinners': [ '3.4.0' ],
1079 silly audit   'is-interactive': [ '2.0.0' ],
1079 silly audit   'is-unicode-supported': [ '2.1.0' ],
1079 silly audit   'log-symbols': [ '7.0.1' ],
1079 silly audit   'stdin-discarder': [ '0.3.2' ],
1079 silly audit   yoctocolors: [ '2.2.0' ],
1079 silly audit   entities: [ '8.0.0' ],
1079 silly audit   parse5: [ '8.0.1' ],
1079 silly audit   'parse5-sax-parser': [ '8.0.0' ],
1079 silly audit   forwarded: [ '0.2.0' ],
1079 silly audit   'ipaddr.js': [ '1.9.1' ],
1079 silly audit   'es-define-property': [ '1.0.1' ],
1079 silly audit   'side-channel': [ '1.1.1' ],
1079 silly audit   unpipe: [ '1.0.0' ],
1079 silly audit   onetime: [ '7.0.0' ],
1079 silly audit   'mimic-function': [ '5.0.1' ],
1079 silly audit   'is-promise': [ '4.0.0' ],
1079 silly audit   'path-to-regexp': [ '8.4.2' ],
1079 silly audit   tslib: [ '2.8.1' ],
1079 silly audit   'shebang-regex': [ '3.0.0' ],
1079 silly audit   'es-errors': [ '1.3.0' ],
1079 silly audit   'object-inspect': [ '1.13.4' ],
1079 silly audit   'side-channel-list': [ '1.0.1' ],
1079 silly audit   'side-channel-map': [ '1.0.1' ],
1079 silly audit   'side-channel-weakmap': [ '1.0.2' ],
1079 silly audit   'call-bound': [ '1.0.4' ],
1079 silly audit   'get-intrinsic': [ '1.3.0' ],
1079 silly audit   'call-bind-apply-helpers': [ '1.0.2' ],
1079 silly audit   'function-bind': [ '1.1.2' ],
1079 silly audit   'es-object-atoms': [ '1.1.2' ],
1079 silly audit   'get-proto': [ '1.0.1' ],
1079 silly audit   gopd: [ '1.2.0' ],
1079 silly audit   'has-symbols': [ '1.1.0' ],
1079 silly audit   hasown: [ '2.0.4' ],
1079 silly audit   'math-intrinsics': [ '1.1.0' ],
1079 silly audit   'dunder-proto': [ '1.0.1' ],
1079 silly audit   'ansi-styles': [ '6.2.3' ],
1079 silly audit   'is-fullwidth-code-point': [ '5.1.0' ],
1079 silly audit   'get-east-asian-width': [ '1.6.0' ],
1079 silly audit   'ansi-regex': [ '6.3.0' ],
1079 silly audit   'media-typer': [ '1.1.1' ],
1079 silly audit   isexe: [ '2.0.0' ],
1079 silly audit   cliui: [ '9.0.1' ],
1079 silly audit   escalade: [ '3.2.0' ],
1079 silly audit   'get-caller-file': [ '2.0.5' ],
1079 silly audit   y18n: [ '5.0.8' ],
1079 silly audit   'yargs-parser': [ '22.0.0' ],
1079 silly audit   'emoji-regex': [ '10.6.0' ]
1079 silly audit }
1080 http cache emoji-regex@https://registry.npmjs.org/emoji-regex/-/emoji-regex-10.6.0.tgz 0ms (cache hit)
1081 http cache yargs-parser@https://registry.npmjs.org/yargs-parser/-/yargs-parser-22.0.0.tgz 0ms (cache hit)
1082 http cache get-caller-file@https://registry.npmjs.org/get-caller-file/-/get-caller-file-2.0.5.tgz 0ms (cache hit)
1083 http cache y18n@https://registry.npmjs.org/y18n/-/y18n-5.0.8.tgz 0ms (cache hit)
1084 http cache cliui@https://registry.npmjs.org/cliui/-/cliui-9.0.1.tgz 0ms (cache hit)
1085 http cache escalade@https://registry.npmjs.org/escalade/-/escalade-3.2.0.tgz 0ms (cache hit)
1086 http cache isexe@https://registry.npmjs.org/isexe/-/isexe-2.0.0.tgz 0ms (cache hit)
1087 http cache media-typer@https://registry.npmjs.org/media-typer/-/media-typer-1.1.1.tgz 0ms (cache hit)
1088 http cache ansi-regex@https://registry.npmjs.org/ansi-regex/-/ansi-regex-6.3.0.tgz 0ms (cache hit)
1089 http cache get-east-asian-width@https://registry.npmjs.org/get-east-asian-width/-/get-east-asian-width-1.6.0.tgz 0ms (cache hit)
1090 http cache is-fullwidth-code-point@https://registry.npmjs.org/is-fullwidth-code-point/-/is-fullwidth-code-point-5.1.0.tgz 0ms (cache hit)
1091 http cache ansi-styles@https://registry.npmjs.org/ansi-styles/-/ansi-styles-6.2.3.tgz 0ms (cache hit)
1092 http cache dunder-proto@https://registry.npmjs.org/dunder-proto/-/dunder-proto-1.0.1.tgz 0ms (cache hit)
1093 http cache math-intrinsics@https://registry.npmjs.org/math-intrinsics/-/math-intrinsics-1.1.0.tgz 0ms (cache hit)
1094 http cache hasown@https://registry.npmjs.org/hasown/-/hasown-2.0.4.tgz 0ms (cache hit)
1095 http cache has-symbols@https://registry.npmjs.org/has-symbols/-/has-symbols-1.1.0.tgz 0ms (cache hit)
1096 http cache gopd@https://registry.npmjs.org/gopd/-/gopd-1.2.0.tgz 0ms (cache hit)
1097 http cache es-object-atoms@https://registry.npmjs.org/es-object-atoms/-/es-object-atoms-1.1.2.tgz 0ms (cache hit)
1098 http cache get-proto@https://registry.npmjs.org/get-proto/-/get-proto-1.0.1.tgz 0ms (cache hit)
1099 http cache function-bind@https://registry.npmjs.org/function-bind/-/function-bind-1.1.2.tgz 0ms (cache hit)
1100 http cache call-bind-apply-helpers@https://registry.npmjs.org/call-bind-apply-helpers/-/call-bind-apply-helpers-1.0.2.tgz 0ms (cache hit)
1101 http cache get-intrinsic@https://registry.npmjs.org/get-intrinsic/-/get-intrinsic-1.3.0.tgz 0ms (cache hit)
1102 http cache call-bound@https://registry.npmjs.org/call-bound/-/call-bound-1.0.4.tgz 0ms (cache hit)
1103 http cache side-channel-weakmap@https://registry.npmjs.org/side-channel-weakmap/-/side-channel-weakmap-1.0.2.tgz 0ms (cache hit)
1104 http cache side-channel-map@https://registry.npmjs.org/side-channel-map/-/side-channel-map-1.0.1.tgz 0ms (cache hit)
1105 http cache side-channel-list@https://registry.npmjs.org/side-channel-list/-/side-channel-list-1.0.1.tgz 0ms (cache hit)
1106 http cache es-errors@https://registry.npmjs.org/es-errors/-/es-errors-1.3.0.tgz 0ms (cache hit)
1107 http cache object-inspect@https://registry.npmjs.org/object-inspect/-/object-inspect-1.13.4.tgz 0ms (cache hit)
1108 http cache shebang-regex@https://registry.npmjs.org/shebang-regex/-/shebang-regex-3.0.0.tgz 0ms (cache hit)
1109 http cache tslib@https://registry.npmjs.org/tslib/-/tslib-2.8.1.tgz 1ms (cache hit)
1110 http cache path-to-regexp@https://registry.npmjs.org/path-to-regexp/-/path-to-regexp-8.4.2.tgz 0ms (cache hit)
1111 http cache is-promise@https://registry.npmjs.org/is-promise/-/is-promise-4.0.0.tgz 0ms (cache hit)
1112 http cache unpipe@https://registry.npmjs.org/unpipe/-/unpipe-1.0.0.tgz 0ms (cache hit)
1113 http cache onetime@https://registry.npmjs.org/onetime/-/onetime-7.0.0.tgz 0ms (cache hit)
1114 http cache side-channel@https://registry.npmjs.org/side-channel/-/side-channel-1.1.1.tgz 0ms (cache hit)
1115 http cache mimic-function@https://registry.npmjs.org/mimic-function/-/mimic-function-5.0.1.tgz 0ms (cache hit)
1116 http cache es-define-property@https://registry.npmjs.org/es-define-property/-/es-define-property-1.0.1.tgz 0ms (cache hit)
1117 http cache ipaddr.js@https://registry.npmjs.org/ipaddr.js/-/ipaddr.js-1.9.1.tgz 0ms (cache hit)
1118 http cache forwarded@https://registry.npmjs.org/forwarded/-/forwarded-0.2.0.tgz 0ms (cache hit)
1119 http cache parse5-sax-parser@https://registry.npmjs.org/parse5-sax-parser/-/parse5-sax-parser-8.0.0.tgz 0ms (cache hit)
1120 http cache entities@https://registry.npmjs.org/entities/-/entities-8.0.0.tgz 0ms (cache hit)
1121 http cache yoctocolors@https://registry.npmjs.org/yoctocolors/-/yoctocolors-2.2.0.tgz 0ms (cache hit)
1122 http cache parse5@https://registry.npmjs.org/parse5/-/parse5-8.0.1.tgz 0ms (cache hit)
1123 http cache log-symbols@https://registry.npmjs.org/log-symbols/-/log-symbols-7.0.1.tgz 0ms (cache hit)
1124 http cache stdin-discarder@https://registry.npmjs.org/stdin-discarder/-/stdin-discarder-0.3.2.tgz 0ms (cache hit)
1125 http cache is-unicode-supported@https://registry.npmjs.org/is-unicode-supported/-/is-unicode-supported-2.1.0.tgz 0ms (cache hit)
1126 http cache is-interactive@https://registry.npmjs.org/is-interactive/-/is-interactive-2.0.0.tgz 0ms (cache hit)
1127 http cache wrappy@https://registry.npmjs.org/wrappy/-/wrappy-1.0.2.tgz 0ms (cache hit)
1128 http cache ee-first@https://registry.npmjs.org/ee-first/-/ee-first-1.1.1.tgz 0ms (cache hit)
1129 http cache chalk@https://registry.npmjs.org/chalk/-/chalk-5.6.2.tgz 0ms (cache hit)
1130 http cache cli-spinners@https://registry.npmjs.org/cli-spinners/-/cli-spinners-3.4.0.tgz 1ms (cache hit)
1131 http cache validate-npm-package-name@https://registry.npmjs.org/validate-npm-package-name/-/validate-npm-package-name-8.0.0.tgz 0ms (cache hit)
1132 http cache proc-log@https://registry.npmjs.org/proc-log/-/proc-log-7.0.0.tgz 0ms (cache hit)
1133 http cache lru-cache@https://registry.npmjs.org/lru-cache/-/lru-cache-11.5.2.tgz 0ms (cache hit)
1134 http cache hosted-git-info@https://registry.npmjs.org/hosted-git-info/-/hosted-git-info-10.1.1.tgz 0ms (cache hit)
1135 http cache @jridgewell/sourcemap-codec@https://registry.npmjs.org/@jridgewell/sourcemap-codec/-/sourcemap-codec-1.6.0.tgz 0ms (cache hit)
1136 http cache mime-db@https://registry.npmjs.org/mime-db/-/mime-db-1.54.0.tgz 0ms (cache hit)
1137 http cache environment@https://registry.npmjs.org/environment/-/environment-1.1.0.tgz 0ms (cache hit)
1138 http cache restore-cursor@https://registry.npmjs.org/restore-cursor/-/restore-cursor-5.1.0.tgz 0ms (cache hit)
1139 http cache strip-ansi@https://registry.npmjs.org/strip-ansi/-/strip-ansi-7.2.0.tgz 0ms (cache hit)
1140 http cache slice-ansi@https://registry.npmjs.org/slice-ansi/-/slice-ansi-9.0.0.tgz 0ms (cache hit)
1141 http cache cli-cursor@https://registry.npmjs.org/cli-cursor/-/cli-cursor-5.0.0.tgz 0ms (cache hit)
1142 http cache ansi-escapes@https://registry.npmjs.org/ansi-escapes/-/ansi-escapes-7.3.0.tgz 0ms (cache hit)
1143 http cache string-width@https://registry.npmjs.org/string-width/-/string-width-8.2.2.tgz 0ms (cache hit)
1144 http cache wrap-ansi@https://registry.npmjs.org/wrap-ansi/-/wrap-ansi-10.0.1.tgz 0ms (cache hit)
1145 http cache cli-truncate@https://registry.npmjs.org/cli-truncate/-/cli-truncate-6.1.1.tgz 0ms (cache hit)
1146 http cache log-update@https://registry.npmjs.org/log-update/-/log-update-8.0.0.tgz 0ms (cache hit)
1147 http cache safer-buffer@https://registry.npmjs.org/safer-buffer/-/safer-buffer-2.1.2.tgz 0ms (cache hit)
1148 http cache toidentifier@https://registry.npmjs.org/toidentifier/-/toidentifier-1.0.1.tgz 0ms (cache hit)
1149 http cache inherits@https://registry.npmjs.org/inherits/-/inherits-2.0.4.tgz 0ms (cache hit)
1150 http cache fast-string-truncated-width@https://registry.npmjs.org/fast-string-truncated-width/-/fast-string-truncated-width-3.0.3.tgz 0ms (cache hit)
1151 http cache setprototypeof@https://registry.npmjs.org/setprototypeof/-/setprototypeof-1.2.0.tgz 0ms (cache hit)
1152 http cache fast-string-width@https://registry.npmjs.org/fast-string-width/-/fast-string-width-3.0.2.tgz 0ms (cache hit)
1153 http cache ms@https://registry.npmjs.org/ms/-/ms-2.1.3.tgz 0ms (cache hit)
1154 http cache ip-address@https://registry.npmjs.org/ip-address/-/ip-address-10.7.0.tgz 0ms (cache hit)
1155 http cache bytes@https://registry.npmjs.org/bytes/-/bytes-3.1.2.tgz 0ms (cache hit)
1156 http cache negotiator@https://registry.npmjs.org/negotiator/-/negotiator-1.1.0.tgz 0ms (cache hit)
1157 http cache type-is@https://registry.npmjs.org/type-is/-/type-is-2.1.0.tgz 0ms (cache hit)
1158 http cache statuses@https://registry.npmjs.org/statuses/-/statuses-2.0.2.tgz 0ms (cache hit)
1159 http cache send@https://registry.npmjs.org/send/-/send-1.2.1.tgz 0ms (cache hit)
1160 http cache serve-static@https://registry.npmjs.org/serve-static/-/serve-static-2.2.1.tgz 0ms (cache hit)
1161 http cache proxy-addr@https://registry.npmjs.org/proxy-addr/-/proxy-addr-2.0.7.tgz 0ms (cache hit)
1162 http cache router@https://registry.npmjs.org/router/-/router-2.2.0.tgz 0ms (cache hit)
1163 http cache range-parser@https://registry.npmjs.org/range-parser/-/range-parser-1.3.0.tgz 0ms (cache hit)
1164 http cache qs@https://registry.npmjs.org/qs/-/qs-6.16.0.tgz 0ms (cache hit)
1165 http cache parseurl@https://registry.npmjs.org/parseurl/-/parseurl-1.3.3.tgz 0ms (cache hit)
1166 http cache once@https://registry.npmjs.org/once/-/once-1.4.0.tgz 0ms (cache hit)
1167 http cache on-finished@https://registry.npmjs.org/on-finished/-/on-finished-2.4.1.tgz 0ms (cache hit)
1168 http cache mime-types@https://registry.npmjs.org/mime-types/-/mime-types-3.0.2.tgz 0ms (cache hit)
1169 http cache merge-descriptors@https://registry.npmjs.org/merge-descriptors/-/merge-descriptors-2.0.0.tgz 0ms (cache hit)
1170 http cache fresh@https://registry.npmjs.org/fresh/-/fresh-2.0.0.tgz 0ms (cache hit)
1171 http cache finalhandler@https://registry.npmjs.org/finalhandler/-/finalhandler-2.1.1.tgz 0ms (cache hit)
1172 http cache etag@https://registry.npmjs.org/etag/-/etag-1.8.1.tgz 0ms (cache hit)
1173 http cache http-errors@https://registry.npmjs.org/http-errors/-/http-errors-2.0.1.tgz 0ms (cache hit)
1174 http cache depd@https://registry.npmjs.org/depd/-/depd-2.0.0.tgz 0ms (cache hit)
1175 http cache escape-html@https://registry.npmjs.org/escape-html/-/escape-html-1.0.3.tgz 0ms (cache hit)
1176 http cache encodeurl@https://registry.npmjs.org/encodeurl/-/encodeurl-2.0.0.tgz 0ms (cache hit)
1177 http cache cookie-signature@https://registry.npmjs.org/cookie-signature/-/cookie-signature-1.2.2.tgz 0ms (cache hit)
1178 http cache debug@https://registry.npmjs.org/debug/-/debug-4.4.3.tgz 0ms (cache hit)
1179 http cache cookie@https://registry.npmjs.org/cookie/-/cookie-0.7.2.tgz 0ms (cache hit)
1180 http cache content-disposition@https://registry.npmjs.org/content-disposition/-/content-disposition-1.1.0.tgz 0ms (cache hit)
1181 http cache accepts@https://registry.npmjs.org/accepts/-/accepts-2.0.0.tgz 0ms (cache hit)
1182 http cache body-parser@https://registry.npmjs.org/body-parser/-/body-parser-2.3.0.tgz 0ms (cache hit)
1183 http cache path-key@https://registry.npmjs.org/path-key/-/path-key-3.1.1.tgz 0ms (cache hit)
1184 http cache which@https://registry.npmjs.org/which/-/which-2.0.2.tgz 0ms (cache hit)
1185 http cache shebang-command@https://registry.npmjs.org/shebang-command/-/shebang-command-2.0.0.tgz 0ms (cache hit)
1186 http cache vary@https://registry.npmjs.org/vary/-/vary-1.1.2.tgz 0ms (cache hit)
1187 http cache object-assign@https://registry.npmjs.org/object-assign/-/object-assign-4.1.1.tgz 0ms (cache hit)
1188 http cache require-from-string@https://registry.npmjs.org/require-from-string/-/require-from-string-2.0.2.tgz 0ms (cache hit)
1189 http cache fast-uri@https://registry.npmjs.org/fast-uri/-/fast-uri-3.1.6.tgz 0ms (cache hit)
1190 http cache fast-deep-equal@https://registry.npmjs.org/fast-deep-equal/-/fast-deep-equal-3.1.3.tgz 1ms (cache hit)
1191 http cache json-schema-traverse@https://registry.npmjs.org/json-schema-traverse/-/json-schema-traverse-1.0.0.tgz 0ms (cache hit)
1192 http cache raw-body@https://registry.npmjs.org/raw-body/-/raw-body-3.0.2.tgz 0ms (cache hit)
1193 http cache zod-to-json-schema@https://registry.npmjs.org/zod-to-json-schema/-/zod-to-json-schema-3.25.2.tgz 0ms (cache hit)
1194 http cache typescript@https://registry.npmjs.org/typescript/-/typescript-6.0.3.tgz 0ms (cache hit)
1195 http cache json-schema-typed@https://registry.npmjs.org/json-schema-typed/-/json-schema-typed-8.0.2.tgz 0ms (cache hit)
1196 http cache pkce-challenge@https://registry.npmjs.org/pkce-challenge/-/pkce-challenge-5.0.1.tgz 0ms (cache hit)
1197 http cache express-rate-limit@https://registry.npmjs.org/express-rate-limit/-/express-rate-limit-8.7.0.tgz 0ms (cache hit)
1198 http cache jose@https://registry.npmjs.org/jose/-/jose-6.2.10.tgz 0ms (cache hit)
1199 http cache express@https://registry.npmjs.org/express/-/express-5.2.1.tgz 0ms (cache hit)
1200 http cache cors@https://registry.npmjs.org/cors/-/cors-2.8.6.tgz 0ms (cache hit)
1201 http cache eventsource-parser@https://registry.npmjs.org/eventsource-parser/-/eventsource-parser-3.1.1.tgz 0ms (cache hit)
1202 http cache cross-spawn@https://registry.npmjs.org/cross-spawn/-/cross-spawn-7.0.6.tgz 0ms (cache hit)
1203 http cache eventsource@https://registry.npmjs.org/eventsource/-/eventsource-3.0.7.tgz 0ms (cache hit)
1204 http cache content-type@https://registry.npmjs.org/content-type/-/content-type-1.0.5.tgz 0ms (cache hit)
1205 http cache hono@https://registry.npmjs.org/hono/-/hono-4.13.5.tgz 0ms (cache hit)
1206 http cache @inquirer/external-editor@https://registry.npmjs.org/@inquirer/external-editor/-/external-editor-3.0.4.tgz 0ms (cache hit)
1207 http cache @hono/node-server@https://registry.npmjs.org/@hono/node-server/-/node-server-2.1.1.tgz 0ms (cache hit)
1208 http cache iconv-lite@https://registry.npmjs.org/iconv-lite/-/iconv-lite-0.7.3.tgz 0ms (cache hit)
1209 http cache @inquirer/type@https://registry.npmjs.org/@inquirer/type/-/type-4.1.0.tgz 0ms (cache hit)
1210 http cache mute-stream@https://registry.npmjs.org/mute-stream/-/mute-stream-3.0.0.tgz 0ms (cache hit)
1211 http cache signal-exit@https://registry.npmjs.org/signal-exit/-/signal-exit-4.1.0.tgz 0ms (cache hit)
1212 http cache chardet@https://registry.npmjs.org/chardet/-/chardet-2.2.0.tgz 0ms (cache hit)
1213 http cache fast-wrap-ansi@https://registry.npmjs.org/fast-wrap-ansi/-/fast-wrap-ansi-0.2.2.tgz 0ms (cache hit)
1214 http cache cli-width@https://registry.npmjs.org/cli-width/-/cli-width-4.1.0.tgz 0ms (cache hit)
1215 http cache @inquirer/figures@https://registry.npmjs.org/@inquirer/figures/-/figures-2.0.8.tgz 0ms (cache hit)
1216 http cache @inquirer/select@https://registry.npmjs.org/@inquirer/select/-/select-5.2.3.tgz 0ms (cache hit)
1217 http cache @inquirer/core@https://registry.npmjs.org/@inquirer/core/-/core-12.0.1.tgz 0ms (cache hit)
1218 http cache @inquirer/search@https://registry.npmjs.org/@inquirer/search/-/search-4.3.1.tgz 0ms (cache hit)
1219 http cache @inquirer/ansi@https://registry.npmjs.org/@inquirer/ansi/-/ansi-2.0.7.tgz 0ms (cache hit)
1220 http cache @inquirer/rawlist@https://registry.npmjs.org/@inquirer/rawlist/-/rawlist-5.3.3.tgz 0ms (cache hit)
1221 http cache @inquirer/password@https://registry.npmjs.org/@inquirer/password/-/password-5.2.0.tgz 0ms (cache hit)
1222 http cache @inquirer/input@https://registry.npmjs.org/@inquirer/input/-/input-5.1.4.tgz 0ms (cache hit)
1223 http cache @inquirer/number@https://registry.npmjs.org/@inquirer/number/-/number-4.2.1.tgz 0ms (cache hit)
1224 http cache @inquirer/expand@https://registry.npmjs.org/@inquirer/expand/-/expand-5.1.3.tgz 0ms (cache hit)
1225 http cache @inquirer/editor@https://registry.npmjs.org/@inquirer/editor/-/editor-5.3.1.tgz 0ms (cache hit)
1226 http cache @inquirer/confirm@https://registry.npmjs.org/@inquirer/confirm/-/confirm-6.3.0.tgz 0ms (cache hit)
1227 http cache magic-string@https://registry.npmjs.org/magic-string/-/magic-string-1.0.0.tgz 0ms (cache hit)
1228 http cache @inquirer/checkbox@https://registry.npmjs.org/@inquirer/checkbox/-/checkbox-5.2.3.tgz 0ms (cache hit)
1229 http cache ora@https://registry.npmjs.org/ora/-/ora-9.4.1.tgz 0ms (cache hit)
1230 http cache source-map@https://registry.npmjs.org/source-map/-/source-map-0.7.6.tgz 0ms (cache hit)
1231 http cache picomatch@https://registry.npmjs.org/picomatch/-/picomatch-4.0.5.tgz 0ms (cache hit)
1232 http cache ajv@https://registry.npmjs.org/ajv/-/ajv-8.20.0.tgz 0ms (cache hit)
1233 http cache zod@https://registry.npmjs.org/zod/-/zod-4.4.3.tgz 0ms (cache hit)
1234 http cache rxjs@https://registry.npmjs.org/rxjs/-/rxjs-7.8.2.tgz 0ms (cache hit)
1235 http cache ajv-formats@https://registry.npmjs.org/ajv-formats/-/ajv-formats-3.0.1.tgz 0ms (cache hit)
1236 http cache semver@https://registry.npmjs.org/semver/-/semver-7.8.5.tgz 0ms (cache hit)
1237 http cache yargs@https://registry.npmjs.org/yargs/-/yargs-18.1.0.tgz 0ms (cache hit)
1238 http cache parse5-html-rewriting-stream@https://registry.npmjs.org/parse5-html-rewriting-stream/-/parse5-html-rewriting-stream-8.0.1.tgz 0ms (cache hit)
1239 http cache jsonc-parser@https://registry.npmjs.org/jsonc-parser/-/jsonc-parser-3.3.1.tgz 0ms (cache hit)
1240 http cache npm-package-arg@https://registry.npmjs.org/npm-package-arg/-/npm-package-arg-14.0.0.tgz 0ms (cache hit)
1241 http cache @schematics/angular@https://registry.npmjs.org/@schematics/angular/-/angular-22.1.6.tgz 0ms (cache hit)
1242 http cache listr2@https://registry.npmjs.org/listr2/-/listr2-11.0.0.tgz 0ms (cache hit)
1243 http cache @modelcontextprotocol/sdk@https://registry.npmjs.org/@modelcontextprotocol/sdk/-/sdk-1.30.0.tgz 0ms (cache hit)
1244 http cache @listr2/prompt-adapter-inquirer@https://registry.npmjs.org/@listr2/prompt-adapter-inquirer/-/prompt-adapter-inquirer-4.2.5.tgz 0ms (cache hit)
1245 http cache @angular/cli@https://registry.npmjs.org/@angular/cli/-/cli-22.1.6.tgz 0ms (cache hit)
1246 http cache @inquirer/prompts@https://registry.npmjs.org/@inquirer/prompts/-/prompts-8.5.2.tgz 0ms (cache hit)
1247 http cache @angular-devkit/schematics@https://registry.npmjs.org/@angular-devkit/schematics/-/schematics-22.1.6.tgz 0ms (cache hit)
1248 http cache @angular-devkit/architect@https://registry.npmjs.org/@angular-devkit/architect/-/architect-0.2201.6.tgz 0ms (cache hit)
1249 http cache wrap-ansi@https://registry.npmjs.org/wrap-ansi/-/wrap-ansi-9.0.2.tgz 0ms (cache hit)
1250 http cache string-width@https://registry.npmjs.org/string-width/-/string-width-7.2.0.tgz 0ms (cache hit)
1251 http cache @angular-devkit/core@https://registry.npmjs.org/@angular-devkit/core/-/core-22.1.6.tgz 0ms (cache hit)
1252 http cache content-type@https://registry.npmjs.org/content-type/-/content-type-2.1.0.tgz 0ms (cache hit)
1253 silly tarball no local data for emoji-regex@https://registry.npmjs.org/emoji-regex/-/emoji-regex-10.6.0.tgz. Extracting by manifest.
1254 http cache content-type@https://registry.npmjs.org/content-type/-/content-type-2.1.0.tgz 0ms (cache hit)
1255 silly tarball no local data for yargs-parser@https://registry.npmjs.org/yargs-parser/-/yargs-parser-22.0.0.tgz. Extracting by manifest.
1256 silly tarball no local data for get-caller-file@https://registry.npmjs.org/get-caller-file/-/get-caller-file-2.0.5.tgz. Extracting by manifest.
1257 silly tarball no local data for y18n@https://registry.npmjs.org/y18n/-/y18n-5.0.8.tgz. Extracting by manifest.
1258 silly tarball no local data for cliui@https://registry.npmjs.org/cliui/-/cliui-9.0.1.tgz. Extracting by manifest.
1259 silly tarball no local data for escalade@https://registry.npmjs.org/escalade/-/escalade-3.2.0.tgz. Extracting by manifest.
1260 silly tarball no local data for isexe@https://registry.npmjs.org/isexe/-/isexe-2.0.0.tgz. Extracting by manifest.
1261 silly tarball no local data for media-typer@https://registry.npmjs.org/media-typer/-/media-typer-1.1.1.tgz. Extracting by manifest.
1262 silly tarball no local data for ansi-regex@https://registry.npmjs.org/ansi-regex/-/ansi-regex-6.3.0.tgz. Extracting by manifest.
1263 silly tarball no local data for get-east-asian-width@https://registry.npmjs.org/get-east-asian-width/-/get-east-asian-width-1.6.0.tgz. Extracting by manifest.
1264 silly tarball no local data for is-fullwidth-code-point@https://registry.npmjs.org/is-fullwidth-code-point/-/is-fullwidth-code-point-5.1.0.tgz. Extracting by manifest.
1265 silly tarball no local data for ansi-styles@https://registry.npmjs.org/ansi-styles/-/ansi-styles-6.2.3.tgz. Extracting by manifest.
1266 silly tarball no local data for dunder-proto@https://registry.npmjs.org/dunder-proto/-/dunder-proto-1.0.1.tgz. Extracting by manifest.
1267 silly tarball no local data for math-intrinsics@https://registry.npmjs.org/math-intrinsics/-/math-intrinsics-1.1.0.tgz. Extracting by manifest.
1268 silly tarball no local data for hasown@https://registry.npmjs.org/hasown/-/hasown-2.0.4.tgz. Extracting by manifest.
1269 silly tarball no local data for has-symbols@https://registry.npmjs.org/has-symbols/-/has-symbols-1.1.0.tgz. Extracting by manifest.
1270 silly tarball no local data for gopd@https://registry.npmjs.org/gopd/-/gopd-1.2.0.tgz. Extracting by manifest.
1271 http cache content-type@https://registry.npmjs.org/content-type/-/content-type-2.1.0.tgz 0ms (cache hit)
1272 silly tarball no local data for es-object-atoms@https://registry.npmjs.org/es-object-atoms/-/es-object-atoms-1.1.2.tgz. Extracting by manifest.
1273 silly tarball no local data for get-proto@https://registry.npmjs.org/get-proto/-/get-proto-1.0.1.tgz. Extracting by manifest.
1274 silly tarball no local data for function-bind@https://registry.npmjs.org/function-bind/-/function-bind-1.1.2.tgz. Extracting by manifest.
1275 silly tarball no local data for call-bind-apply-helpers@https://registry.npmjs.org/call-bind-apply-helpers/-/call-bind-apply-helpers-1.0.2.tgz. Extracting by manifest.
1276 silly tarball no local data for get-intrinsic@https://registry.npmjs.org/get-intrinsic/-/get-intrinsic-1.3.0.tgz. Extracting by manifest.
1277 silly tarball no local data for call-bound@https://registry.npmjs.org/call-bound/-/call-bound-1.0.4.tgz. Extracting by manifest.
1278 silly tarball no local data for side-channel-weakmap@https://registry.npmjs.org/side-channel-weakmap/-/side-channel-weakmap-1.0.2.tgz. Extracting by manifest.
1279 silly tarball no local data for side-channel-map@https://registry.npmjs.org/side-channel-map/-/side-channel-map-1.0.1.tgz. Extracting by manifest.
1280 silly tarball no local data for side-channel-list@https://registry.npmjs.org/side-channel-list/-/side-channel-list-1.0.1.tgz. Extracting by manifest.
1281 silly tarball no local data for es-errors@https://registry.npmjs.org/es-errors/-/es-errors-1.3.0.tgz. Extracting by manifest.
1282 silly tarball no local data for object-inspect@https://registry.npmjs.org/object-inspect/-/object-inspect-1.13.4.tgz. Extracting by manifest.
1283 silly tarball no local data for shebang-regex@https://registry.npmjs.org/shebang-regex/-/shebang-regex-3.0.0.tgz. Extracting by manifest.
1284 silly tarball no local data for tslib@https://registry.npmjs.org/tslib/-/tslib-2.8.1.tgz. Extracting by manifest.
1285 silly tarball no local data for path-to-regexp@https://registry.npmjs.org/path-to-regexp/-/path-to-regexp-8.4.2.tgz. Extracting by manifest.
1286 silly tarball no local data for is-promise@https://registry.npmjs.org/is-promise/-/is-promise-4.0.0.tgz. Extracting by manifest.
1287 silly tarball no local data for unpipe@https://registry.npmjs.org/unpipe/-/unpipe-1.0.0.tgz. Extracting by manifest.
1288 silly tarball no local data for onetime@https://registry.npmjs.org/onetime/-/onetime-7.0.0.tgz. Extracting by manifest.
1289 silly tarball no local data for side-channel@https://registry.npmjs.org/side-channel/-/side-channel-1.1.1.tgz. Extracting by manifest.
1290 silly tarball no local data for mimic-function@https://registry.npmjs.org/mimic-function/-/mimic-function-5.0.1.tgz. Extracting by manifest.
1291 silly tarball no local data for es-define-property@https://registry.npmjs.org/es-define-property/-/es-define-property-1.0.1.tgz. Extracting by manifest.
1292 silly tarball no local data for ipaddr.js@https://registry.npmjs.org/ipaddr.js/-/ipaddr.js-1.9.1.tgz. Extracting by manifest.
1293 silly tarball no local data for forwarded@https://registry.npmjs.org/forwarded/-/forwarded-0.2.0.tgz. Extracting by manifest.
1294 silly tarball no local data for parse5-sax-parser@https://registry.npmjs.org/parse5-sax-parser/-/parse5-sax-parser-8.0.0.tgz. Extracting by manifest.
1295 silly tarball no local data for entities@https://registry.npmjs.org/entities/-/entities-8.0.0.tgz. Extracting by manifest.
1296 silly tarball no local data for yoctocolors@https://registry.npmjs.org/yoctocolors/-/yoctocolors-2.2.0.tgz. Extracting by manifest.
1297 silly tarball no local data for parse5@https://registry.npmjs.org/parse5/-/parse5-8.0.1.tgz. Extracting by manifest.
1298 silly tarball no local data for log-symbols@https://registry.npmjs.org/log-symbols/-/log-symbols-7.0.1.tgz. Extracting by manifest.
1299 silly tarball no local data for stdin-discarder@https://registry.npmjs.org/stdin-discarder/-/stdin-discarder-0.3.2.tgz. Extracting by manifest.
1300 silly tarball no local data for is-unicode-supported@https://registry.npmjs.org/is-unicode-supported/-/is-unicode-supported-2.1.0.tgz. Extracting by manifest.
1301 silly tarball no local data for is-interactive@https://registry.npmjs.org/is-interactive/-/is-interactive-2.0.0.tgz. Extracting by manifest.
1302 silly tarball no local data for wrappy@https://registry.npmjs.org/wrappy/-/wrappy-1.0.2.tgz. Extracting by manifest.
1303 silly tarball no local data for ee-first@https://registry.npmjs.org/ee-first/-/ee-first-1.1.1.tgz. Extracting by manifest.
1304 silly tarball no local data for chalk@https://registry.npmjs.org/chalk/-/chalk-5.6.2.tgz. Extracting by manifest.
1305 silly tarball no local data for cli-spinners@https://registry.npmjs.org/cli-spinners/-/cli-spinners-3.4.0.tgz. Extracting by manifest.
1306 silly tarball no local data for validate-npm-package-name@https://registry.npmjs.org/validate-npm-package-name/-/validate-npm-package-name-8.0.0.tgz. Extracting by manifest.
1307 silly tarball no local data for proc-log@https://registry.npmjs.org/proc-log/-/proc-log-7.0.0.tgz. Extracting by manifest.
1308 silly tarball no local data for lru-cache@https://registry.npmjs.org/lru-cache/-/lru-cache-11.5.2.tgz. Extracting by manifest.
1309 silly tarball no local data for hosted-git-info@https://registry.npmjs.org/hosted-git-info/-/hosted-git-info-10.1.1.tgz. Extracting by manifest.
1310 silly tarball no local data for @jridgewell/sourcemap-codec@https://registry.npmjs.org/@jridgewell/sourcemap-codec/-/sourcemap-codec-1.6.0.tgz. Extracting by manifest.
1311 silly tarball no local data for mime-db@https://registry.npmjs.org/mime-db/-/mime-db-1.54.0.tgz. Extracting by manifest.
1312 silly tarball no local data for environment@https://registry.npmjs.org/environment/-/environment-1.1.0.tgz. Extracting by manifest.
1313 silly tarball no local data for restore-cursor@https://registry.npmjs.org/restore-cursor/-/restore-cursor-5.1.0.tgz. Extracting by manifest.
1314 silly tarball no local data for strip-ansi@https://registry.npmjs.org/strip-ansi/-/strip-ansi-7.2.0.tgz. Extracting by manifest.
1315 silly tarball no local data for slice-ansi@https://registry.npmjs.org/slice-ansi/-/slice-ansi-9.0.0.tgz. Extracting by manifest.
1316 silly tarball no local data for cli-cursor@https://registry.npmjs.org/cli-cursor/-/cli-cursor-5.0.0.tgz. Extracting by manifest.
1317 silly tarball no local data for ansi-escapes@https://registry.npmjs.org/ansi-escapes/-/ansi-escapes-7.3.0.tgz. Extracting by manifest.
1318 silly tarball no local data for string-width@https://registry.npmjs.org/string-width/-/string-width-8.2.2.tgz. Extracting by manifest.
1319 silly tarball no local data for wrap-ansi@https://registry.npmjs.org/wrap-ansi/-/wrap-ansi-10.0.1.tgz. Extracting by manifest.
1320 silly tarball no local data for cli-truncate@https://registry.npmjs.org/cli-truncate/-/cli-truncate-6.1.1.tgz. Extracting by manifest.
1321 silly tarball no local data for log-update@https://registry.npmjs.org/log-update/-/log-update-8.0.0.tgz. Extracting by manifest.
1322 silly tarball no local data for safer-buffer@https://registry.npmjs.org/safer-buffer/-/safer-buffer-2.1.2.tgz. Extracting by manifest.
1323 silly tarball no local data for toidentifier@https://registry.npmjs.org/toidentifier/-/toidentifier-1.0.1.tgz. Extracting by manifest.
1324 silly tarball no local data for inherits@https://registry.npmjs.org/inherits/-/inherits-2.0.4.tgz. Extracting by manifest.
1325 silly tarball no local data for fast-string-truncated-width@https://registry.npmjs.org/fast-string-truncated-width/-/fast-string-truncated-width-3.0.3.tgz. Extracting by manifest.
1326 silly tarball no local data for setprototypeof@https://registry.npmjs.org/setprototypeof/-/setprototypeof-1.2.0.tgz. Extracting by manifest.
1327 silly tarball no local data for fast-string-width@https://registry.npmjs.org/fast-string-width/-/fast-string-width-3.0.2.tgz. Extracting by manifest.
1328 silly tarball no local data for ms@https://registry.npmjs.org/ms/-/ms-2.1.3.tgz. Extracting by manifest.
1329 silly tarball no local data for ip-address@https://registry.npmjs.org/ip-address/-/ip-address-10.7.0.tgz. Extracting by manifest.
1330 silly tarball no local data for bytes@https://registry.npmjs.org/bytes/-/bytes-3.1.2.tgz. Extracting by manifest.
1331 silly tarball no local data for negotiator@https://registry.npmjs.org/negotiator/-/negotiator-1.1.0.tgz. Extracting by manifest.
1332 silly tarball no local data for type-is@https://registry.npmjs.org/type-is/-/type-is-2.1.0.tgz. Extracting by manifest.
1333 silly tarball no local data for statuses@https://registry.npmjs.org/statuses/-/statuses-2.0.2.tgz. Extracting by manifest.
1334 silly tarball no local data for send@https://registry.npmjs.org/send/-/send-1.2.1.tgz. Extracting by manifest.
1335 silly tarball no local data for serve-static@https://registry.npmjs.org/serve-static/-/serve-static-2.2.1.tgz. Extracting by manifest.
1336 silly tarball no local data for proxy-addr@https://registry.npmjs.org/proxy-addr/-/proxy-addr-2.0.7.tgz. Extracting by manifest.
1337 silly tarball no local data for router@https://registry.npmjs.org/router/-/router-2.2.0.tgz. Extracting by manifest.
1338 silly tarball no local data for range-parser@https://registry.npmjs.org/range-parser/-/range-parser-1.3.0.tgz. Extracting by manifest.
1339 silly tarball no local data for qs@https://registry.npmjs.org/qs/-/qs-6.16.0.tgz. Extracting by manifest.
1340 silly tarball no local data for parseurl@https://registry.npmjs.org/parseurl/-/parseurl-1.3.3.tgz. Extracting by manifest.
1341 silly tarball no local data for once@https://registry.npmjs.org/once/-/once-1.4.0.tgz. Extracting by manifest.
1342 silly tarball no local data for on-finished@https://registry.npmjs.org/on-finished/-/on-finished-2.4.1.tgz. Extracting by manifest.
1343 silly tarball no local data for mime-types@https://registry.npmjs.org/mime-types/-/mime-types-3.0.2.tgz. Extracting by manifest.
1344 silly tarball no local data for merge-descriptors@https://registry.npmjs.org/merge-descriptors/-/merge-descriptors-2.0.0.tgz. Extracting by manifest.
1345 silly tarball no local data for fresh@https://registry.npmjs.org/fresh/-/fresh-2.0.0.tgz. Extracting by manifest.
1346 silly tarball no local data for finalhandler@https://registry.npmjs.org/finalhandler/-/finalhandler-2.1.1.tgz. Extracting by manifest.
1347 silly tarball no local data for etag@https://registry.npmjs.org/etag/-/etag-1.8.1.tgz. Extracting by manifest.
1348 silly tarball no local data for http-errors@https://registry.npmjs.org/http-errors/-/http-errors-2.0.1.tgz. Extracting by manifest.
1349 silly tarball no local data for depd@https://registry.npmjs.org/depd/-/depd-2.0.0.tgz. Extracting by manifest.
1350 silly tarball no local data for escape-html@https://registry.npmjs.org/escape-html/-/escape-html-1.0.3.tgz. Extracting by manifest.
1351 silly tarball no local data for encodeurl@https://registry.npmjs.org/encodeurl/-/encodeurl-2.0.0.tgz. Extracting by manifest.
1352 silly tarball no local data for cookie-signature@https://registry.npmjs.org/cookie-signature/-/cookie-signature-1.2.2.tgz. Extracting by manifest.
1353 silly tarball no local data for debug@https://registry.npmjs.org/debug/-/debug-4.4.3.tgz. Extracting by manifest.
1354 silly tarball no local data for cookie@https://registry.npmjs.org/cookie/-/cookie-0.7.2.tgz. Extracting by manifest.
1355 silly tarball no local data for content-disposition@https://registry.npmjs.org/content-disposition/-/content-disposition-1.1.0.tgz. Extracting by manifest.
1356 silly tarball no local data for accepts@https://registry.npmjs.org/accepts/-/accepts-2.0.0.tgz. Extracting by manifest.
1357 silly tarball no local data for body-parser@https://registry.npmjs.org/body-parser/-/body-parser-2.3.0.tgz. Extracting by manifest.
1358 silly tarball no local data for path-key@https://registry.npmjs.org/path-key/-/path-key-3.1.1.tgz. Extracting by manifest.
1359 silly tarball no local data for which@https://registry.npmjs.org/which/-/which-2.0.2.tgz. Extracting by manifest.
1360 silly tarball no local data for shebang-command@https://registry.npmjs.org/shebang-command/-/shebang-command-2.0.0.tgz. Extracting by manifest.
1361 silly tarball no local data for vary@https://registry.npmjs.org/vary/-/vary-1.1.2.tgz. Extracting by manifest.
1362 silly tarball no local data for object-assign@https://registry.npmjs.org/object-assign/-/object-assign-4.1.1.tgz. Extracting by manifest.
1363 silly tarball no local data for require-from-string@https://registry.npmjs.org/require-from-string/-/require-from-string-2.0.2.tgz. Extracting by manifest.
1364 silly tarball no local data for fast-uri@https://registry.npmjs.org/fast-uri/-/fast-uri-3.1.6.tgz. Extracting by manifest.
1365 silly tarball no local data for fast-deep-equal@https://registry.npmjs.org/fast-deep-equal/-/fast-deep-equal-3.1.3.tgz. Extracting by manifest.
1366 silly tarball no local data for json-schema-traverse@https://registry.npmjs.org/json-schema-traverse/-/json-schema-traverse-1.0.0.tgz. Extracting by manifest.
1367 silly tarball no local data for raw-body@https://registry.npmjs.org/raw-body/-/raw-body-3.0.2.tgz. Extracting by manifest.
1368 silly tarball no local data for zod-to-json-schema@https://registry.npmjs.org/zod-to-json-schema/-/zod-to-json-schema-3.25.2.tgz. Extracting by manifest.
1369 silly tarball no local data for typescript@https://registry.npmjs.org/typescript/-/typescript-6.0.3.tgz. Extracting by manifest.
1370 silly tarball no local data for json-schema-typed@https://registry.npmjs.org/json-schema-typed/-/json-schema-typed-8.0.2.tgz. Extracting by manifest.
1371 silly tarball no local data for pkce-challenge@https://registry.npmjs.org/pkce-challenge/-/pkce-challenge-5.0.1.tgz. Extracting by manifest.
1372 silly tarball no local data for express-rate-limit@https://registry.npmjs.org/express-rate-limit/-/express-rate-limit-8.7.0.tgz. Extracting by manifest.
1373 silly tarball no local data for jose@https://registry.npmjs.org/jose/-/jose-6.2.10.tgz. Extracting by manifest.
1374 silly tarball no local data for express@https://registry.npmjs.org/express/-/express-5.2.1.tgz. Extracting by manifest.
1375 silly tarball no local data for cors@https://registry.npmjs.org/cors/-/cors-2.8.6.tgz. Extracting by manifest.
1376 silly tarball no local data for eventsource-parser@https://registry.npmjs.org/eventsource-parser/-/eventsource-parser-3.1.1.tgz. Extracting by manifest.
1377 silly tarball no local data for cross-spawn@https://registry.npmjs.org/cross-spawn/-/cross-spawn-7.0.6.tgz. Extracting by manifest.
1378 silly tarball no local data for eventsource@https://registry.npmjs.org/eventsource/-/eventsource-3.0.7.tgz. Extracting by manifest.
1379 silly tarball no local data for content-type@https://registry.npmjs.org/content-type/-/content-type-1.0.5.tgz. Extracting by manifest.
1380 silly tarball no local data for hono@https://registry.npmjs.org/hono/-/hono-4.13.5.tgz. Extracting by manifest.
1381 silly tarball no local data for @inquirer/external-editor@https://registry.npmjs.org/@inquirer/external-editor/-/external-editor-3.0.4.tgz. Extracting by manifest.
1382 silly tarball no local data for @hono/node-server@https://registry.npmjs.org/@hono/node-server/-/node-server-2.1.1.tgz. Extracting by manifest.
1383 silly tarball no local data for iconv-lite@https://registry.npmjs.org/iconv-lite/-/iconv-lite-0.7.3.tgz. Extracting by manifest.
1384 silly tarball no local data for @inquirer/type@https://registry.npmjs.org/@inquirer/type/-/type-4.1.0.tgz. Extracting by manifest.
1385 silly tarball no local data for mute-stream@https://registry.npmjs.org/mute-stream/-/mute-stream-3.0.0.tgz. Extracting by manifest.
1386 silly tarball no local data for signal-exit@https://registry.npmjs.org/signal-exit/-/signal-exit-4.1.0.tgz. Extracting by manifest.
1387 silly tarball no local data for chardet@https://registry.npmjs.org/chardet/-/chardet-2.2.0.tgz. Extracting by manifest.
1388 silly tarball no local data for fast-wrap-ansi@https://registry.npmjs.org/fast-wrap-ansi/-/fast-wrap-ansi-0.2.2.tgz. Extracting by manifest.
1389 silly tarball no local data for cli-width@https://registry.npmjs.org/cli-width/-/cli-width-4.1.0.tgz. Extracting by manifest.
1390 silly tarball no local data for @inquirer/figures@https://registry.npmjs.org/@inquirer/figures/-/figures-2.0.8.tgz. Extracting by manifest.
1391 silly tarball no local data for @inquirer/select@https://registry.npmjs.org/@inquirer/select/-/select-5.2.3.tgz. Extracting by manifest.
1392 silly tarball no local data for @inquirer/core@https://registry.npmjs.org/@inquirer/core/-/core-12.0.1.tgz. Extracting by manifest.
1393 silly tarball no local data for @inquirer/search@https://registry.npmjs.org/@inquirer/search/-/search-4.3.1.tgz. Extracting by manifest.
1394 silly tarball no local data for @inquirer/ansi@https://registry.npmjs.org/@inquirer/ansi/-/ansi-2.0.7.tgz. Extracting by manifest.
1395 silly tarball no local data for @inquirer/rawlist@https://registry.npmjs.org/@inquirer/rawlist/-/rawlist-5.3.3.tgz. Extracting by manifest.
1396 silly tarball no local data for @inquirer/password@https://registry.npmjs.org/@inquirer/password/-/password-5.2.0.tgz. Extracting by manifest.
1397 silly tarball no local data for @inquirer/input@https://registry.npmjs.org/@inquirer/input/-/input-5.1.4.tgz. Extracting by manifest.
1398 silly tarball no local data for @inquirer/number@https://registry.npmjs.org/@inquirer/number/-/number-4.2.1.tgz. Extracting by manifest.
1399 silly tarball no local data for @inquirer/expand@https://registry.npmjs.org/@inquirer/expand/-/expand-5.1.3.tgz. Extracting by manifest.
1400 silly tarball no local data for @inquirer/editor@https://registry.npmjs.org/@inquirer/editor/-/editor-5.3.1.tgz. Extracting by manifest.
1401 silly tarball no local data for @inquirer/confirm@https://registry.npmjs.org/@inquirer/confirm/-/confirm-6.3.0.tgz. Extracting by manifest.
1402 silly tarball no local data for magic-string@https://registry.npmjs.org/magic-string/-/magic-string-1.0.0.tgz. Extracting by manifest.
1403 silly tarball no local data for @inquirer/checkbox@https://registry.npmjs.org/@inquirer/checkbox/-/checkbox-5.2.3.tgz. Extracting by manifest.
1404 silly tarball no local data for ora@https://registry.npmjs.org/ora/-/ora-9.4.1.tgz. Extracting by manifest.
1405 silly tarball no local data for source-map@https://registry.npmjs.org/source-map/-/source-map-0.7.6.tgz. Extracting by manifest.
1406 silly tarball no local data for picomatch@https://registry.npmjs.org/picomatch/-/picomatch-4.0.5.tgz. Extracting by manifest.
1407 silly tarball no local data for ajv@https://registry.npmjs.org/ajv/-/ajv-8.20.0.tgz. Extracting by manifest.
1408 silly tarball no local data for zod@https://registry.npmjs.org/zod/-/zod-4.4.3.tgz. Extracting by manifest.
1409 silly tarball no local data for rxjs@https://registry.npmjs.org/rxjs/-/rxjs-7.8.2.tgz. Extracting by manifest.
1410 silly tarball no local data for ajv-formats@https://registry.npmjs.org/ajv-formats/-/ajv-formats-3.0.1.tgz. Extracting by manifest.
1411 silly tarball no local data for semver@https://registry.npmjs.org/semver/-/semver-7.8.5.tgz. Extracting by manifest.
1412 silly tarball no local data for yargs@https://registry.npmjs.org/yargs/-/yargs-18.1.0.tgz. Extracting by manifest.
1413 silly tarball no local data for parse5-html-rewriting-stream@https://registry.npmjs.org/parse5-html-rewriting-stream/-/parse5-html-rewriting-stream-8.0.1.tgz. Extracting by manifest.
1414 silly tarball no local data for jsonc-parser@https://registry.npmjs.org/jsonc-parser/-/jsonc-parser-3.3.1.tgz. Extracting by manifest.
1415 silly tarball no local data for npm-package-arg@https://registry.npmjs.org/npm-package-arg/-/npm-package-arg-14.0.0.tgz. Extracting by manifest.
1416 silly tarball no local data for @schematics/angular@https://registry.npmjs.org/@schematics/angular/-/angular-22.1.6.tgz. Extracting by manifest.
1417 silly tarball no local data for listr2@https://registry.npmjs.org/listr2/-/listr2-11.0.0.tgz. Extracting by manifest.
1418 silly tarball no local data for @modelcontextprotocol/sdk@https://registry.npmjs.org/@modelcontextprotocol/sdk/-/sdk-1.30.0.tgz. Extracting by manifest.
1419 silly tarball no local data for @listr2/prompt-adapter-inquirer@https://registry.npmjs.org/@listr2/prompt-adapter-inquirer/-/prompt-adapter-inquirer-4.2.5.tgz. Extracting by manifest.
1420 silly tarball no local data for @angular/cli@https://registry.npmjs.org/@angular/cli/-/cli-22.1.6.tgz. Extracting by manifest.
1421 silly tarball no local data for @inquirer/prompts@https://registry.npmjs.org/@inquirer/prompts/-/prompts-8.5.2.tgz. Extracting by manifest.
1422 silly tarball no local data for @angular-devkit/schematics@https://registry.npmjs.org/@angular-devkit/schematics/-/schematics-22.1.6.tgz. Extracting by manifest.
1423 silly tarball no local data for @angular-devkit/architect@https://registry.npmjs.org/@angular-devkit/architect/-/architect-0.2201.6.tgz. Extracting by manifest.
1424 silly tarball no local data for wrap-ansi@https://registry.npmjs.org/wrap-ansi/-/wrap-ansi-9.0.2.tgz. Extracting by manifest.
1425 silly tarball no local data for string-width@https://registry.npmjs.org/string-width/-/string-width-7.2.0.tgz. Extracting by manifest.
1426 silly tarball no local data for @angular-devkit/core@https://registry.npmjs.org/@angular-devkit/core/-/core-22.1.6.tgz. Extracting by manifest.
1427 silly tarball no local data for content-type@https://registry.npmjs.org/content-type/-/content-type-2.1.0.tgz. Extracting by manifest.
1428 silly tarball no local data for content-type@https://registry.npmjs.org/content-type/-/content-type-2.1.0.tgz. Extracting by manifest.
1429 silly tarball no local data for content-type@https://registry.npmjs.org/content-type/-/content-type-2.1.0.tgz. Extracting by manifest.
1430 http fetch GET 200 https://registry.npmjs.org/dunder-proto/-/dunder-proto-1.0.1.tgz 161ms (cache miss)
1431 http fetch GET 200 https://registry.npmjs.org/y18n/-/y18n-5.0.8.tgz 164ms (cache miss)
1432 http fetch GET 200 https://registry.npmjs.org/ansi-regex/-/ansi-regex-6.3.0.tgz 167ms (cache miss)
1433 http fetch GET 200 https://registry.npmjs.org/ansi-styles/-/ansi-styles-6.2.3.tgz 166ms (cache miss)
1434 http fetch GET 200 https://registry.npmjs.org/emoji-regex/-/emoji-regex-10.6.0.tgz 170ms (cache miss)
1435 http fetch GET 200 https://registry.npmjs.org/math-intrinsics/-/math-intrinsics-1.1.0.tgz 167ms (cache miss)
1436 http fetch GET 200 https://registry.npmjs.org/get-east-asian-width/-/get-east-asian-width-1.6.0.tgz 168ms (cache miss)
1437 http fetch GET 200 https://registry.npmjs.org/escalade/-/escalade-3.2.0.tgz 170ms (cache miss)
1438 http fetch GET 200 https://registry.npmjs.org/media-typer/-/media-typer-1.1.1.tgz 169ms (cache miss)
1439 http fetch GET 200 https://registry.npmjs.org/get-caller-file/-/get-caller-file-2.0.5.tgz 170ms (cache miss)
1440 http fetch GET 200 https://registry.npmjs.org/is-fullwidth-code-point/-/is-fullwidth-code-point-5.1.0.tgz 170ms (cache miss)
1441 http fetch GET 200 https://registry.npmjs.org/isexe/-/isexe-2.0.0.tgz 177ms (cache miss)
1442 http fetch GET 200 https://registry.npmjs.org/cliui/-/cliui-9.0.1.tgz 178ms (cache miss)
1443 http fetch GET 200 https://registry.npmjs.org/yargs-parser/-/yargs-parser-22.0.0.tgz 184ms (cache miss)
1444 http fetch GET 200 https://registry.npmjs.org/hasown/-/hasown-2.0.4.tgz 190ms (cache miss)
1445 http fetch POST 200 https://registry.npmjs.org/-/npm/v1/security/advisories/bulk 249ms
1446 silly audit report {}
1447 http fetch GET 200 https://registry.npmjs.org/es-object-atoms/-/es-object-atoms-1.1.2.tgz 207ms (cache miss)
1448 http fetch GET 200 https://registry.npmjs.org/gopd/-/gopd-1.2.0.tgz 209ms (cache miss)
1449 http fetch GET 200 https://registry.npmjs.org/get-proto/-/get-proto-1.0.1.tgz 210ms (cache miss)
1450 http fetch GET 200 https://registry.npmjs.org/function-bind/-/function-bind-1.1.2.tgz 213ms (cache miss)
1451 http fetch GET 200 https://registry.npmjs.org/side-channel-weakmap/-/side-channel-weakmap-1.0.2.tgz 225ms (cache miss)
1452 http fetch GET 200 https://registry.npmjs.org/call-bound/-/call-bound-1.0.4.tgz 231ms (cache miss)
1453 http fetch GET 200 https://registry.npmjs.org/side-channel-list/-/side-channel-list-1.0.1.tgz 238ms (cache miss)
1454 http fetch GET 200 https://registry.npmjs.org/es-errors/-/es-errors-1.3.0.tgz 240ms (cache miss)
1455 http fetch GET 200 https://registry.npmjs.org/has-symbols/-/has-symbols-1.1.0.tgz 245ms (cache miss)
1456 http fetch GET 200 https://registry.npmjs.org/side-channel-map/-/side-channel-map-1.0.1.tgz 243ms (cache miss)
1457 http fetch GET 200 https://registry.npmjs.org/get-intrinsic/-/get-intrinsic-1.3.0.tgz 248ms (cache miss)
1458 http fetch GET 200 https://registry.npmjs.org/call-bind-apply-helpers/-/call-bind-apply-helpers-1.0.2.tgz 261ms (cache miss)
1459 http fetch GET 200 https://registry.npmjs.org/shebang-regex/-/shebang-regex-3.0.0.tgz 261ms (cache miss)
1460 http fetch GET 200 https://registry.npmjs.org/path-to-regexp/-/path-to-regexp-8.4.2.tgz 282ms (cache miss)
1461 http fetch GET 200 https://registry.npmjs.org/is-promise/-/is-promise-4.0.0.tgz 282ms (cache miss)
1462 http fetch GET 200 https://registry.npmjs.org/onetime/-/onetime-7.0.0.tgz 283ms (cache miss)
1463 http fetch GET 200 https://registry.npmjs.org/unpipe/-/unpipe-1.0.0.tgz 284ms (cache miss)
1464 http fetch GET 200 https://registry.npmjs.org/side-channel/-/side-channel-1.1.1.tgz 286ms (cache miss)
1465 http fetch GET 200 https://registry.npmjs.org/mimic-function/-/mimic-function-5.0.1.tgz 286ms (cache miss)
1466 http fetch GET 200 https://registry.npmjs.org/es-define-property/-/es-define-property-1.0.1.tgz 294ms (cache miss)
1467 http fetch GET 200 https://registry.npmjs.org/tslib/-/tslib-2.8.1.tgz 322ms (cache miss)
1468 http fetch GET 200 https://registry.npmjs.org/forwarded/-/forwarded-0.2.0.tgz 326ms (cache miss)
1469 http fetch GET 200 https://registry.npmjs.org/parse5-sax-parser/-/parse5-sax-parser-8.0.0.tgz 325ms (cache miss)
1470 http fetch GET 200 https://registry.npmjs.org/ipaddr.js/-/ipaddr.js-1.9.1.tgz 327ms (cache miss)
1471 http fetch GET 200 https://registry.npmjs.org/yoctocolors/-/yoctocolors-2.2.0.tgz 329ms (cache miss)
1472 http fetch GET 200 https://registry.npmjs.org/log-symbols/-/log-symbols-7.0.1.tgz 330ms (cache miss)
1473 http fetch GET 200 https://registry.npmjs.org/is-unicode-supported/-/is-unicode-supported-2.1.0.tgz 345ms (cache miss)
1474 http fetch GET 200 https://registry.npmjs.org/stdin-discarder/-/stdin-discarder-0.3.2.tgz 345ms (cache miss)
1475 http fetch GET 200 https://registry.npmjs.org/object-inspect/-/object-inspect-1.13.4.tgz 351ms (cache miss)
1476 http fetch GET 200 https://registry.npmjs.org/is-interactive/-/is-interactive-2.0.0.tgz 352ms (cache miss)
1477 http fetch GET 200 https://registry.npmjs.org/ee-first/-/ee-first-1.1.1.tgz 351ms (cache miss)
1478 http fetch GET 200 https://registry.npmjs.org/wrappy/-/wrappy-1.0.2.tgz 352ms (cache miss)
1479 http fetch GET 200 https://registry.npmjs.org/chalk/-/chalk-5.6.2.tgz 355ms (cache miss)
1480 http fetch GET 200 https://registry.npmjs.org/cli-spinners/-/cli-spinners-3.4.0.tgz 358ms (cache miss)
1481 http fetch GET 200 https://registry.npmjs.org/validate-npm-package-name/-/validate-npm-package-name-8.0.0.tgz 371ms (cache miss)
1482 http fetch GET 200 https://registry.npmjs.org/proc-log/-/proc-log-7.0.0.tgz 372ms (cache miss)
1483 http fetch GET 200 https://registry.npmjs.org/hosted-git-info/-/hosted-git-info-10.1.1.tgz 380ms (cache miss)
1484 http fetch GET 200 https://registry.npmjs.org/environment/-/environment-1.1.0.tgz 400ms (cache miss)
1485 http fetch GET 200 https://registry.npmjs.org/restore-cursor/-/restore-cursor-5.1.0.tgz 416ms (cache miss)
1486 http fetch GET 200 https://registry.npmjs.org/strip-ansi/-/strip-ansi-7.2.0.tgz 420ms (cache miss)
1487 http fetch GET 200 https://registry.npmjs.org/parse5/-/parse5-8.0.1.tgz 426ms (cache miss)
1488 http fetch GET 200 https://registry.npmjs.org/slice-ansi/-/slice-ansi-9.0.0.tgz 423ms (cache miss)
1489 http fetch GET 200 https://registry.npmjs.org/cli-cursor/-/cli-cursor-5.0.0.tgz 427ms (cache miss)
1490 http fetch GET 200 https://registry.npmjs.org/ansi-escapes/-/ansi-escapes-7.3.0.tgz 430ms (cache miss)
1491 http fetch GET 200 https://registry.npmjs.org/string-width/-/string-width-8.2.2.tgz 430ms (cache miss)
1492 http fetch GET 200 https://registry.npmjs.org/entities/-/entities-8.0.0.tgz 438ms (cache miss)
1493 http fetch GET 200 https://registry.npmjs.org/wrap-ansi/-/wrap-ansi-10.0.1.tgz 434ms (cache miss)
1494 http fetch GET 200 https://registry.npmjs.org/mime-db/-/mime-db-1.54.0.tgz 438ms (cache miss)
1495 http fetch GET 200 https://registry.npmjs.org/safer-buffer/-/safer-buffer-2.1.2.tgz 445ms (cache miss)
1496 http fetch GET 200 https://registry.npmjs.org/cli-truncate/-/cli-truncate-6.1.1.tgz 458ms (cache miss)
1497 http fetch GET 200 https://registry.npmjs.org/@jridgewell/sourcemap-codec/-/sourcemap-codec-1.6.0.tgz 460ms (cache miss)
1498 http fetch GET 200 https://registry.npmjs.org/toidentifier/-/toidentifier-1.0.1.tgz 457ms (cache miss)
1499 http fetch GET 200 https://registry.npmjs.org/log-update/-/log-update-8.0.0.tgz 466ms (cache miss)
1500 http fetch GET 200 https://registry.npmjs.org/inherits/-/inherits-2.0.4.tgz 466ms (cache miss)
1501 http fetch GET 200 https://registry.npmjs.org/setprototypeof/-/setprototypeof-1.2.0.tgz 479ms (cache miss)
1502 http fetch GET 200 https://registry.npmjs.org/fast-string-width/-/fast-string-width-3.0.2.tgz 483ms (cache miss)
1503 http fetch GET 200 https://registry.npmjs.org/ms/-/ms-2.1.3.tgz 483ms (cache miss)
1504 http fetch GET 200 https://registry.npmjs.org/fast-string-truncated-width/-/fast-string-truncated-width-3.0.3.tgz 498ms (cache miss)
1505 http fetch GET 200 https://registry.npmjs.org/negotiator/-/negotiator-1.1.0.tgz 498ms (cache miss)
1506 http fetch GET 200 https://registry.npmjs.org/type-is/-/type-is-2.1.0.tgz 498ms (cache miss)
1507 http fetch GET 200 https://registry.npmjs.org/statuses/-/statuses-2.0.2.tgz 503ms (cache miss)
1508 http fetch GET 200 https://registry.npmjs.org/bytes/-/bytes-3.1.2.tgz 511ms (cache miss)
1509 http fetch GET 200 https://registry.npmjs.org/send/-/send-1.2.1.tgz 524ms (cache miss)
1510 http fetch GET 200 https://registry.npmjs.org/proxy-addr/-/proxy-addr-2.0.7.tgz 531ms (cache miss)
1511 http fetch GET 200 https://registry.npmjs.org/router/-/router-2.2.0.tgz 541ms (cache miss)
1512 http fetch GET 200 https://registry.npmjs.org/serve-static/-/serve-static-2.2.1.tgz 542ms (cache miss)
1513 http fetch GET 200 https://registry.npmjs.org/ip-address/-/ip-address-10.7.0.tgz 551ms (cache miss)
1514 http fetch GET 200 https://registry.npmjs.org/range-parser/-/range-parser-1.3.0.tgz 554ms (cache miss)
1515 http fetch GET 200 https://registry.npmjs.org/parseurl/-/parseurl-1.3.3.tgz 553ms (cache miss)
1516 http fetch GET 200 https://registry.npmjs.org/once/-/once-1.4.0.tgz 554ms (cache miss)
1517 http fetch GET 200 https://registry.npmjs.org/on-finished/-/on-finished-2.4.1.tgz 556ms (cache miss)
1518 http fetch GET 200 https://registry.npmjs.org/merge-descriptors/-/merge-descriptors-2.0.0.tgz 567ms (cache miss)
1519 http fetch GET 200 https://registry.npmjs.org/fresh/-/fresh-2.0.0.tgz 568ms (cache miss)
1520 http fetch GET 200 https://registry.npmjs.org/mime-types/-/mime-types-3.0.2.tgz 569ms (cache miss)
1521 http fetch GET 200 https://registry.npmjs.org/finalhandler/-/finalhandler-2.1.1.tgz 575ms (cache miss)
1522 http fetch GET 200 https://registry.npmjs.org/etag/-/etag-1.8.1.tgz 584ms (cache miss)
1523 http fetch GET 200 https://registry.npmjs.org/qs/-/qs-6.16.0.tgz 585ms (cache miss)
1524 http fetch GET 200 https://registry.npmjs.org/http-errors/-/http-errors-2.0.1.tgz 597ms (cache miss)
1525 http fetch GET 200 https://registry.npmjs.org/depd/-/depd-2.0.0.tgz 597ms (cache miss)
1526 http fetch GET 200 https://registry.npmjs.org/escape-html/-/escape-html-1.0.3.tgz 607ms (cache miss)
1527 http fetch GET 200 https://registry.npmjs.org/cookie-signature/-/cookie-signature-1.2.2.tgz 611ms (cache miss)
1528 http fetch GET 200 https://registry.npmjs.org/encodeurl/-/encodeurl-2.0.0.tgz 616ms (cache miss)
1529 http fetch GET 200 https://registry.npmjs.org/debug/-/debug-4.4.3.tgz 626ms (cache miss)
1530 http fetch GET 200 https://registry.npmjs.org/accepts/-/accepts-2.0.0.tgz 626ms (cache miss)
1531 http fetch GET 200 https://registry.npmjs.org/lru-cache/-/lru-cache-11.5.2.tgz 639ms (cache miss)
1532 http fetch GET 200 https://registry.npmjs.org/content-disposition/-/content-disposition-1.1.0.tgz 628ms (cache miss)
1533 http fetch GET 200 https://registry.npmjs.org/body-parser/-/body-parser-2.3.0.tgz 631ms (cache miss)
1534 http fetch GET 200 https://registry.npmjs.org/cookie/-/cookie-0.7.2.tgz 635ms (cache miss)
1535 http fetch GET 200 https://registry.npmjs.org/path-key/-/path-key-3.1.1.tgz 635ms (cache miss)
1536 http fetch GET 200 https://registry.npmjs.org/which/-/which-2.0.2.tgz 637ms (cache miss)
1537 http fetch GET 200 https://registry.npmjs.org/shebang-command/-/shebang-command-2.0.0.tgz 644ms (cache miss)
1538 http fetch GET 200 https://registry.npmjs.org/object-assign/-/object-assign-4.1.1.tgz 655ms (cache miss)
1539 http fetch GET 200 https://registry.npmjs.org/vary/-/vary-1.1.2.tgz 658ms (cache miss)
1540 http fetch GET 200 https://registry.npmjs.org/require-from-string/-/require-from-string-2.0.2.tgz 690ms (cache miss)
1541 http fetch GET 200 https://registry.npmjs.org/json-schema-traverse/-/json-schema-traverse-1.0.0.tgz 690ms (cache miss)
1542 http fetch GET 200 https://registry.npmjs.org/pkce-challenge/-/pkce-challenge-5.0.1.tgz 708ms (cache miss)
1543 http fetch GET 200 https://registry.npmjs.org/fast-deep-equal/-/fast-deep-equal-3.1.3.tgz 710ms (cache miss)
1544 http fetch GET 200 https://registry.npmjs.org/raw-body/-/raw-body-3.0.2.tgz 711ms (cache miss)
1545 http fetch GET 200 https://registry.npmjs.org/cors/-/cors-2.8.6.tgz 725ms (cache miss)
1546 http fetch GET 200 https://registry.npmjs.org/json-schema-typed/-/json-schema-typed-8.0.2.tgz 728ms (cache miss)
1547 http fetch GET 200 https://registry.npmjs.org/express/-/express-5.2.1.tgz 734ms (cache miss)
1548 http fetch GET 200 https://registry.npmjs.org/cross-spawn/-/cross-spawn-7.0.6.tgz 739ms (cache miss)
1549 http fetch GET 200 https://registry.npmjs.org/fast-uri/-/fast-uri-3.1.6.tgz 748ms (cache miss)
1550 http fetch GET 200 https://registry.npmjs.org/content-type/-/content-type-1.0.5.tgz 777ms (cache miss)
1551 http fetch GET 200 https://registry.npmjs.org/mute-stream/-/mute-stream-3.0.0.tgz 786ms (cache miss)
1552 http fetch GET 200 https://registry.npmjs.org/eventsource/-/eventsource-3.0.7.tgz 791ms (cache miss)
1553 http fetch GET 200 https://registry.npmjs.org/express-rate-limit/-/express-rate-limit-8.7.0.tgz 798ms (cache miss)
1554 http fetch GET 200 https://registry.npmjs.org/@inquirer/external-editor/-/external-editor-3.0.4.tgz 795ms (cache miss)
1555 http fetch GET 200 https://registry.npmjs.org/eventsource-parser/-/eventsource-parser-3.1.1.tgz 800ms (cache miss)
1556 http fetch GET 200 https://registry.npmjs.org/fast-wrap-ansi/-/fast-wrap-ansi-0.2.2.tgz 799ms (cache miss)
1557 http fetch GET 200 https://registry.npmjs.org/cli-width/-/cli-width-4.1.0.tgz 806ms (cache miss)
1558 http fetch GET 200 https://registry.npmjs.org/signal-exit/-/signal-exit-4.1.0.tgz 832ms (cache miss)
1559 http fetch GET 200 https://registry.npmjs.org/iconv-lite/-/iconv-lite-0.7.3.tgz 839ms (cache miss)
1560 http fetch GET 200 https://registry.npmjs.org/chardet/-/chardet-2.2.0.tgz 857ms (cache miss)
1561 http fetch GET 200 https://registry.npmjs.org/@inquirer/ansi/-/ansi-2.0.7.tgz 857ms (cache miss)
1562 http fetch GET 200 https://registry.npmjs.org/@inquirer/password/-/password-5.2.0.tgz 881ms (cache miss)
1563 http fetch GET 200 https://registry.npmjs.org/@inquirer/number/-/number-4.2.1.tgz 881ms (cache miss)
1564 http fetch GET 200 https://registry.npmjs.org/jose/-/jose-6.2.10.tgz 918ms (cache miss)
1565 http fetch GET 200 https://registry.npmjs.org/zod-to-json-schema/-/zod-to-json-schema-3.25.2.tgz 928ms (cache miss)
1566 http fetch GET 200 https://registry.npmjs.org/@inquirer/type/-/type-4.1.0.tgz 935ms (cache miss)
1567 http fetch GET 200 https://registry.npmjs.org/magic-string/-/magic-string-1.0.0.tgz 937ms (cache miss)
1568 http fetch GET 200 https://registry.npmjs.org/@inquirer/expand/-/expand-5.1.3.tgz 962ms (cache miss)
1569 http fetch GET 200 https://registry.npmjs.org/ora/-/ora-9.4.1.tgz 967ms (cache miss)
1570 http fetch GET 200 https://registry.npmjs.org/@inquirer/checkbox/-/checkbox-5.2.3.tgz 977ms (cache miss)
1571 http fetch GET 200 https://registry.npmjs.org/@inquirer/figures/-/figures-2.0.8.tgz 986ms (cache miss)
1572 http fetch GET 200 https://registry.npmjs.org/@hono/node-server/-/node-server-2.1.1.tgz 1009ms (cache miss)
1573 http fetch GET 200 https://registry.npmjs.org/@inquirer/select/-/select-5.2.3.tgz 1008ms (cache miss)
1574 http fetch GET 200 https://registry.npmjs.org/@inquirer/rawlist/-/rawlist-5.3.3.tgz 1015ms (cache miss)
1575 http fetch GET 200 https://registry.npmjs.org/@inquirer/search/-/search-4.3.1.tgz 1032ms (cache miss)
1576 http fetch GET 200 https://registry.npmjs.org/picomatch/-/picomatch-4.0.5.tgz 1046ms (cache miss)
1577 http fetch GET 200 https://registry.npmjs.org/@inquirer/input/-/input-5.1.4.tgz 1063ms (cache miss)
1578 http fetch GET 200 https://registry.npmjs.org/@inquirer/editor/-/editor-5.3.1.tgz 1063ms (cache miss)
1579 http fetch GET 200 https://registry.npmjs.org/source-map/-/source-map-0.7.6.tgz 1071ms (cache miss)
1580 http fetch GET 200 https://registry.npmjs.org/@inquirer/confirm/-/confirm-6.3.0.tgz 1073ms (cache miss)
1581 http fetch GET 200 https://registry.npmjs.org/npm-package-arg/-/npm-package-arg-14.0.0.tgz 1093ms (cache miss)
1582 http fetch GET 200 https://registry.npmjs.org/parse5-html-rewriting-stream/-/parse5-html-rewriting-stream-8.0.1.tgz 1095ms (cache miss)
1583 http fetch GET 200 https://registry.npmjs.org/ajv-formats/-/ajv-formats-3.0.1.tgz 1104ms (cache miss)
1584 http fetch GET 200 https://registry.npmjs.org/listr2/-/listr2-11.0.0.tgz 1125ms (cache miss)
1585 http fetch GET 200 https://registry.npmjs.org/string-width/-/string-width-7.2.0.tgz 1146ms (cache miss)
1586 http fetch GET 200 https://registry.npmjs.org/wrap-ansi/-/wrap-ansi-9.0.2.tgz 1148ms (cache miss)
1587 http fetch GET 200 https://registry.npmjs.org/@inquirer/prompts/-/prompts-8.5.2.tgz 1150ms (cache miss)
1588 http fetch GET 200 https://registry.npmjs.org/@inquirer/core/-/core-12.0.1.tgz 1162ms (cache miss)
1589 http fetch GET 200 https://registry.npmjs.org/jsonc-parser/-/jsonc-parser-3.3.1.tgz 1160ms (cache miss)
1590 http fetch GET 200 https://registry.npmjs.org/content-type/-/content-type-2.1.0.tgz 1159ms (cache miss)
1591 http fetch GET 200 https://registry.npmjs.org/content-type/-/content-type-2.1.0.tgz 1163ms (cache miss)
1592 http fetch GET 200 https://registry.npmjs.org/content-type/-/content-type-2.1.0.tgz 1169ms (cache miss)
1593 http fetch GET 200 https://registry.npmjs.org/semver/-/semver-7.8.5.tgz 1193ms (cache miss)
1594 http fetch GET 200 https://registry.npmjs.org/yargs/-/yargs-18.1.0.tgz 1219ms (cache miss)
1595 http fetch GET 200 https://registry.npmjs.org/@listr2/prompt-adapter-inquirer/-/prompt-adapter-inquirer-4.2.5.tgz 1320ms (cache miss)
1596 http fetch GET 200 https://registry.npmjs.org/@angular-devkit/architect/-/architect-0.2201.6.tgz 1721ms (cache miss)
1597 http fetch GET 200 https://registry.npmjs.org/@angular-devkit/core/-/core-22.1.6.tgz 1752ms (cache miss)
1598 http fetch GET 200 https://registry.npmjs.org/@angular-devkit/schematics/-/schematics-22.1.6.tgz 1769ms (cache miss)
1599 http fetch GET 200 https://registry.npmjs.org/typescript/-/typescript-6.0.3.tgz 1787ms (cache miss)
1600 http fetch GET 200 https://registry.npmjs.org/ajv/-/ajv-8.20.0.tgz 2018ms (cache miss)
1601 http fetch GET 200 https://registry.npmjs.org/hono/-/hono-4.13.5.tgz 2084ms (cache miss)
1602 http fetch GET 200 https://registry.npmjs.org/@angular/cli/-/cli-22.1.6.tgz 2095ms (cache miss)
1603 http fetch GET 200 https://registry.npmjs.org/@schematics/angular/-/angular-22.1.6.tgz 2172ms (cache miss)
1604 http fetch GET 200 https://registry.npmjs.org/zod/-/zod-4.4.3.tgz 2384ms (cache miss)
1605 http fetch GET 200 https://registry.npmjs.org/@modelcontextprotocol/sdk/-/sdk-1.30.0.tgz 2392ms (cache miss)
1606 http fetch GET 200 https://registry.npmjs.org/rxjs/-/rxjs-7.8.2.tgz 3567ms (cache miss)
1607 verbose cwd F:\Repositorios 2-2026\Capricho-Store
1608 verbose os Windows_NT 10.0.26200
1609 verbose node v22.19.0
1610 verbose npm  v10.9.3
1611 verbose exit 3
1612 verbose code 3
