0 verbose cli C:\Program Files\nodejs\node.exe C:\Program Files\nodejs\node_modules\npm\bin\npm-cli.js
1 info using npm@10.9.3
2 info using node@v22.19.0
3 silly config load:file:C:\Program Files\nodejs\node_modules\npm\npmrc
4 silly config load:file:F:\Repositorios 2-2026\Capricho-Store\frontend-web\.npmrc
5 silly config load:file:C:\Users\Josep\.npmrc
6 silly config load:file:C:\Users\Josep\AppData\Roaming\npm\etc\npmrc
7 verbose title npm install
8 verbose argv "install" "--cache" "..\\.npm-cache"
9 verbose logfile logs-max:10 dir:F:\Repositorios 2-2026\Capricho-Store\.npm-cache\_logs\2026-08-31T01_22_42_490Z-
10 verbose logfile F:\Repositorios 2-2026\Capricho-Store\.npm-cache\_logs\2026-08-31T01_22_42_490Z-debug-0.log
11 silly logfile done cleaning log files
12 silly packumentCache heap:4345298944 maxSize:1086324736 maxEntrySize:543162368
13 silly idealTree buildDeps
14 silly fetch manifest @angular/common@^21.2.0
15 silly packumentCache full:https://registry.npmjs.org/@angular%2fcommon cache-miss
16 http fetch GET 200 https://registry.npmjs.org/@angular%2fcommon 571ms (cache miss)
17 silly packumentCache full:https://registry.npmjs.org/@angular%2fcommon set size:undefined disposed:false
18 silly fetch manifest @angular/core@^21.2.0
19 silly packumentCache full:https://registry.npmjs.org/@angular%2fcore cache-miss
20 http fetch GET 200 https://registry.npmjs.org/@angular%2fcore 169ms (cache miss)
21 silly packumentCache full:https://registry.npmjs.org/@angular%2fcore set size:undefined disposed:false
22 silly fetch manifest @angular/compiler@^21.2.0
23 silly packumentCache full:https://registry.npmjs.org/@angular%2fcompiler cache-miss
24 http fetch GET 200 https://registry.npmjs.org/@angular%2fcompiler 164ms (cache miss)
25 silly packumentCache full:https://registry.npmjs.org/@angular%2fcompiler set size:undefined disposed:false
26 silly fetch manifest rxjs@~7.8.0
27 silly packumentCache full:https://registry.npmjs.org/rxjs cache-miss
28 http cache https://registry.npmjs.org/rxjs 7ms (cache hit)
29 silly packumentCache full:https://registry.npmjs.org/rxjs set size:1028301 disposed:false
30 silly fetch manifest zone.js@~0.15.0 || ~0.16.0
31 silly packumentCache full:https://registry.npmjs.org/zone.js cache-miss
32 http fetch GET 200 https://registry.npmjs.org/zone.js 90ms (cache miss)
33 silly packumentCache full:https://registry.npmjs.org/zone.js set size:undefined disposed:false
34 silly fetch manifest @angular/forms@^21.2.0
35 silly packumentCache full:https://registry.npmjs.org/@angular%2fforms cache-miss
36 http fetch GET 200 https://registry.npmjs.org/@angular%2fforms 171ms (cache miss)
37 silly packumentCache full:https://registry.npmjs.org/@angular%2fforms set size:undefined disposed:false
38 silly fetch manifest @angular/platform-browser@^21.2.0
39 silly packumentCache full:https://registry.npmjs.org/@angular%2fplatform-browser cache-miss
40 http fetch GET 200 https://registry.npmjs.org/@angular%2fplatform-browser 164ms (cache miss)
41 silly packumentCache full:https://registry.npmjs.org/@angular%2fplatform-browser set size:undefined disposed:false
42 silly fetch manifest @angular/animations@21.2.22
43 silly packumentCache full:https://registry.npmjs.org/@angular%2fanimations cache-miss
44 http fetch GET 200 https://registry.npmjs.org/@angular%2fanimations 165ms (cache miss)
45 silly packumentCache full:https://registry.npmjs.org/@angular%2fanimations set size:undefined disposed:false
46 silly fetch manifest @angular/router@^21.2.0
47 silly packumentCache full:https://registry.npmjs.org/@angular%2frouter cache-miss
48 http fetch GET 200 https://registry.npmjs.org/@angular%2frouter 186ms (cache miss)
49 silly packumentCache full:https://registry.npmjs.org/@angular%2frouter set size:undefined disposed:false
50 silly fetch manifest tslib@^2.3.0
51 silly packumentCache full:https://registry.npmjs.org/tslib cache-miss
52 http cache https://registry.npmjs.org/tslib 4ms (cache hit)
53 silly packumentCache full:https://registry.npmjs.org/tslib set size:108843 disposed:false
54 silly fetch manifest @angular/build@^21.2.22
55 silly packumentCache full:https://registry.npmjs.org/@angular%2fbuild cache-miss
56 http fetch GET 200 https://registry.npmjs.org/@angular%2fbuild 460ms (cache miss)
57 silly packumentCache full:https://registry.npmjs.org/@angular%2fbuild set size:undefined disposed:false
58 silly fetch manifest @angular/compiler-cli@^21.2.0
59 silly packumentCache full:https://registry.npmjs.org/@angular%2fcompiler-cli cache-miss
60 http fetch GET 200 https://registry.npmjs.org/@angular%2fcompiler-cli 169ms (cache miss)
61 silly packumentCache full:https://registry.npmjs.org/@angular%2fcompiler-cli set size:undefined disposed:false
62 silly fetch manifest typescript@~5.9.2
63 silly packumentCache full:https://registry.npmjs.org/typescript cache-miss
64 http cache https://registry.npmjs.org/typescript 26ms (cache hit)
65 silly packumentCache full:https://registry.npmjs.org/typescript set size:15614421 disposed:false
66 silly fetch manifest @angular/localize@^21.0.0
67 silly packumentCache full:https://registry.npmjs.org/@angular%2flocalize cache-miss
68 http fetch GET 200 https://registry.npmjs.org/@angular%2flocalize 204ms (cache miss)
69 silly packumentCache full:https://registry.npmjs.org/@angular%2flocalize set size:undefined disposed:false
70 silly fetch manifest @angular/platform-server@^21.0.0
71 silly packumentCache full:https://registry.npmjs.org/@angular%2fplatform-server cache-miss
72 http fetch GET 200 https://registry.npmjs.org/@angular%2fplatform-server 181ms (cache miss)
73 silly packumentCache full:https://registry.npmjs.org/@angular%2fplatform-server set size:undefined disposed:false
74 silly fetch manifest @angular/service-worker@^21.0.0
75 silly packumentCache full:https://registry.npmjs.org/@angular%2fservice-worker cache-miss
76 http fetch GET 200 https://registry.npmjs.org/@angular%2fservice-worker 175ms (cache miss)
77 silly packumentCache full:https://registry.npmjs.org/@angular%2fservice-worker set size:undefined disposed:false
78 silly fetch manifest @angular/ssr@^21.2.22
79 silly packumentCache full:https://registry.npmjs.org/@angular%2fssr cache-miss
80 http fetch GET 200 https://registry.npmjs.org/@angular%2fssr 291ms (cache miss)
81 silly packumentCache full:https://registry.npmjs.org/@angular%2fssr set size:undefined disposed:false
82 silly fetch manifest karma@^6.4.0
83 silly packumentCache full:https://registry.npmjs.org/karma cache-miss
84 http fetch GET 200 https://registry.npmjs.org/karma 323ms (cache miss)
85 silly packumentCache full:https://registry.npmjs.org/karma set size:undefined disposed:false
86 silly fetch manifest less@^4.2.0
87 silly packumentCache full:https://registry.npmjs.org/less cache-miss
88 http fetch GET 200 https://registry.npmjs.org/less 100ms (cache miss)
89 silly packumentCache full:https://registry.npmjs.org/less set size:undefined disposed:false
90 silly fetch manifest ng-packagr@^21.0.0
91 silly packumentCache full:https://registry.npmjs.org/ng-packagr cache-miss
92 http fetch GET 200 https://registry.npmjs.org/ng-packagr 112ms (cache miss)
93 silly packumentCache full:https://registry.npmjs.org/ng-packagr set size:undefined disposed:false
94 silly fetch manifest tailwindcss@^2.0.0 || ^3.0.0 || ^4.0.0
95 silly packumentCache full:https://registry.npmjs.org/tailwindcss cache-miss
96 http fetch GET 200 https://registry.npmjs.org/tailwindcss 516ms (cache miss)
97 silly packumentCache full:https://registry.npmjs.org/tailwindcss set size:undefined disposed:false
98 silly fetch manifest postcss@^8.4.0
99 silly packumentCache full:https://registry.npmjs.org/postcss cache-miss
100 http fetch GET 200 https://registry.npmjs.org/postcss 108ms (cache miss)
101 silly packumentCache full:https://registry.npmjs.org/postcss set size:undefined disposed:false
102 silly fetch manifest vitest@^4.0.8
103 silly packumentCache full:https://registry.npmjs.org/vitest cache-miss
104 http fetch GET 200 https://registry.npmjs.org/vitest 129ms (cache miss)
105 silly packumentCache full:https://registry.npmjs.org/vitest set size:undefined disposed:false
106 silly fetch manifest @edge-runtime/vm@*
107 silly packumentCache full:https://registry.npmjs.org/@edge-runtime%2fvm cache-miss
108 http fetch GET 200 https://registry.npmjs.org/@edge-runtime%2fvm 109ms (cache miss)
109 silly packumentCache full:https://registry.npmjs.org/@edge-runtime%2fvm set size:undefined disposed:false
110 silly fetch manifest @opentelemetry/api@^1.9.0
111 silly packumentCache full:https://registry.npmjs.org/@opentelemetry%2fapi cache-miss
112 http fetch GET 200 https://registry.npmjs.org/@opentelemetry%2fapi 263ms (cache miss)
113 silly packumentCache full:https://registry.npmjs.org/@opentelemetry%2fapi set size:undefined disposed:false
114 silly fetch manifest @types/node@^20.0.0 || ^22.0.0 || >=24.0.0
115 silly packumentCache full:https://registry.npmjs.org/@types%2fnode cache-miss
116 http cache https://registry.npmjs.org/@types%2fnode 18ms (cache hit)
117 silly packumentCache full:https://registry.npmjs.org/@types%2fnode set size:11096266 disposed:false
118 silly fetch manifest @vitest/browser-playwright@4.1.11
119 silly packumentCache full:https://registry.npmjs.org/@vitest%2fbrowser-playwright cache-miss
120 http fetch GET 200 https://registry.npmjs.org/@vitest%2fbrowser-playwright 265ms (cache miss)
121 silly packumentCache full:https://registry.npmjs.org/@vitest%2fbrowser-playwright set size:undefined disposed:false
122 silly fetch manifest playwright@*
123 silly packumentCache full:https://registry.npmjs.org/playwright cache-miss
124 http fetch GET 200 https://registry.npmjs.org/playwright 427ms (cache miss)
125 silly packumentCache full:https://registry.npmjs.org/playwright set size:undefined disposed:false
126 silly fetch manifest @vitest/browser-preview@4.1.11
127 silly packumentCache full:https://registry.npmjs.org/@vitest%2fbrowser-preview cache-miss
128 http fetch GET 200 https://registry.npmjs.org/@vitest%2fbrowser-preview 269ms (cache miss)
129 silly packumentCache full:https://registry.npmjs.org/@vitest%2fbrowser-preview set size:undefined disposed:false
130 silly fetch manifest @vitest/browser-webdriverio@4.1.11
131 silly packumentCache full:https://registry.npmjs.org/@vitest%2fbrowser-webdriverio cache-miss
132 http fetch GET 200 https://registry.npmjs.org/@vitest%2fbrowser-webdriverio 463ms (cache miss)
133 silly packumentCache full:https://registry.npmjs.org/@vitest%2fbrowser-webdriverio set size:undefined disposed:false
134 silly fetch manifest webdriverio@*
135 silly packumentCache full:https://registry.npmjs.org/webdriverio cache-miss
136 http fetch GET 200 https://registry.npmjs.org/webdriverio 150ms (cache miss)
137 silly packumentCache full:https://registry.npmjs.org/webdriverio set size:undefined disposed:false
138 silly fetch manifest puppeteer-core@>=22.x <=24.x
139 silly packumentCache full:https://registry.npmjs.org/puppeteer-core cache-miss
140 http fetch GET 200 https://registry.npmjs.org/puppeteer-core 109ms (cache miss)
141 silly packumentCache full:https://registry.npmjs.org/puppeteer-core set size:undefined disposed:false
142 silly fetch manifest @vitest/coverage-istanbul@4.1.11
143 silly packumentCache full:https://registry.npmjs.org/@vitest%2fcoverage-istanbul cache-miss
144 http fetch GET 200 https://registry.npmjs.org/@vitest%2fcoverage-istanbul 285ms (cache miss)
145 silly packumentCache full:https://registry.npmjs.org/@vitest%2fcoverage-istanbul set size:undefined disposed:false
146 silly fetch manifest @vitest/coverage-v8@4.1.11
147 silly packumentCache full:https://registry.npmjs.org/@vitest%2fcoverage-v8 cache-miss
148 http fetch GET 200 https://registry.npmjs.org/@vitest%2fcoverage-v8 440ms (cache miss)
149 silly packumentCache full:https://registry.npmjs.org/@vitest%2fcoverage-v8 set size:undefined disposed:false
150 silly fetch manifest @vitest/browser@4.1.11
151 silly packumentCache full:https://registry.npmjs.org/@vitest%2fbrowser cache-miss
152 http fetch GET 200 https://registry.npmjs.org/@vitest%2fbrowser 117ms (cache miss)
153 silly packumentCache full:https://registry.npmjs.org/@vitest%2fbrowser set size:undefined disposed:false
154 silly fetch manifest @vitest/ui@4.1.11
155 silly packumentCache full:https://registry.npmjs.org/@vitest%2fui cache-miss
156 http fetch GET 200 https://registry.npmjs.org/@vitest%2fui 296ms (cache miss)
157 silly packumentCache full:https://registry.npmjs.org/@vitest%2fui set size:undefined disposed:false
158 silly fetch manifest happy-dom@*
159 silly packumentCache full:https://registry.npmjs.org/happy-dom cache-miss
160 http fetch GET 200 https://registry.npmjs.org/happy-dom 131ms (cache miss)
161 silly packumentCache full:https://registry.npmjs.org/happy-dom set size:undefined disposed:false
162 silly fetch manifest jsdom@^28.0.0
163 silly packumentCache full:https://registry.npmjs.org/jsdom cache-miss
164 http fetch GET 200 https://registry.npmjs.org/jsdom 109ms (cache miss)
165 silly packumentCache full:https://registry.npmjs.org/jsdom set size:undefined disposed:false
166 silly fetch manifest canvas@^3.0.0
167 silly packumentCache full:https://registry.npmjs.org/canvas cache-miss
168 http fetch GET 200 https://registry.npmjs.org/canvas 97ms (cache miss)
169 silly packumentCache full:https://registry.npmjs.org/canvas set size:undefined disposed:false
170 silly fetch manifest @angular/cli@^21.2.22
171 silly packumentCache full:https://registry.npmjs.org/@angular%2fcli cache-miss
172 http cache https://registry.npmjs.org/@angular%2fcli 8ms (cache hit)
173 silly packumentCache full:https://registry.npmjs.org/@angular%2fcli set size:3270194 disposed:false
174 silly fetch manifest prettier@^3.8.1
175 silly packumentCache full:https://registry.npmjs.org/prettier cache-miss
176 http fetch GET 200 https://registry.npmjs.org/prettier 107ms (cache miss)
177 silly packumentCache full:https://registry.npmjs.org/prettier set size:undefined disposed:false
178 silly placeDep ROOT @angular/build@21.2.22 OK for: frontend-web@0.0.0 want: ^21.2.22
179 silly placeDep ROOT tslib@2.8.1 OK for: @angular/build@21.2.22 want: ^2.3.0
180 silly placeDep ROOT typescript@5.9.3 OK for: @angular/build@21.2.22 want: >=5.9 <6.0
181 silly placeDep ROOT @angular/compiler@21.2.22 OK for: @angular/build@21.2.22 want: ^21.0.0
182 silly placeDep ROOT @angular/compiler-cli@21.2.22 OK for: @angular/build@21.2.22 want: ^21.0.0
183 silly placeDep ROOT @angular/cli@21.2.22 OK for: frontend-web@0.0.0 want: ^21.2.22
184 silly placeDep ROOT @angular/common@21.2.22 OK for: frontend-web@0.0.0 want: ^21.2.0
185 silly placeDep ROOT rxjs@7.8.2 OK for: @angular/common@21.2.22 want: ^6.5.3 || ^7.4.0
186 silly placeDep ROOT @angular/core@21.2.22 OK for: @angular/common@21.2.22 want: 21.2.22
187 silly placeDep ROOT @angular/forms@21.2.22 OK for: frontend-web@0.0.0 want: ^21.2.0
188 silly placeDep ROOT @angular/platform-browser@21.2.22 OK for: @angular/forms@21.2.22 want: 21.2.22
189 silly placeDep ROOT @angular/router@21.2.22 OK for: frontend-web@0.0.0 want: ^21.2.0
190 silly placeDep ROOT jsdom@28.1.0 OK for: frontend-web@0.0.0 want: ^28.0.0
191 silly placeDep ROOT prettier@3.9.6 OK for: frontend-web@0.0.0 want: ^3.8.1
192 silly placeDep ROOT vitest@4.1.11 OK for: frontend-web@0.0.0 want: ^4.0.8
193 silly fetch manifest sass@1.97.3
194 silly packumentCache full:https://registry.npmjs.org/sass cache-miss
195 silly fetch manifest vite@7.3.6
196 silly packumentCache full:https://registry.npmjs.org/vite cache-miss
197 silly fetch manifest listr2@9.0.5
198 silly packumentCache full:https://registry.npmjs.org/listr2 cache-miss
199 silly fetch manifest mrmime@2.0.1
200 silly packumentCache full:https://registry.npmjs.org/mrmime cache-miss
201 silly fetch manifest semver@7.7.4
202 silly packumentCache full:https://registry.npmjs.org/semver cache-miss
203 silly fetch manifest undici@7.29.0
204 silly packumentCache full:https://registry.npmjs.org/undici cache-miss
205 silly fetch manifest esbuild@0.28.1
206 silly packumentCache full:https://registry.npmjs.org/esbuild cache-miss
207 silly fetch manifest piscina@5.2.0
208 silly packumentCache full:https://registry.npmjs.org/piscina cache-miss
209 silly fetch manifest beasties@0.4.1
210 silly packumentCache full:https://registry.npmjs.org/beasties cache-miss
211 silly fetch manifest rolldown@1.0.0-rc.4
212 silly packumentCache full:https://registry.npmjs.org/rolldown cache-miss
213 silly fetch manifest picomatch@4.0.4
214 silly packumentCache full:https://registry.npmjs.org/picomatch cache-miss
215 silly fetch manifest watchpack@2.5.1
216 silly packumentCache full:https://registry.npmjs.org/watchpack cache-miss
217 silly fetch manifest tinyglobby@0.2.15
218 silly packumentCache full:https://registry.npmjs.org/tinyglobby cache-miss
219 silly fetch manifest @babel/core@7.29.7
220 silly packumentCache full:https://registry.npmjs.org/@babel%2fcore cache-miss
221 silly fetch manifest browserslist@^4.26.0
222 silly packumentCache full:https://registry.npmjs.org/browserslist cache-miss
223 http cache https://registry.npmjs.org/semver 68ms (cache hit)
224 silly packumentCache full:https://registry.npmjs.org/semver set size:246069 disposed:false
225 silly fetch manifest jsonc-parser@3.3.1
226 silly packumentCache full:https://registry.npmjs.org/jsonc-parser cache-miss
227 http cache https://registry.npmjs.org/listr2 72ms (cache hit)
228 silly packumentCache full:https://registry.npmjs.org/listr2 set size:1087059 disposed:false
229 silly fetch manifest magic-string@0.30.21
230 silly packumentCache full:https://registry.npmjs.org/magic-string cache-miss
231 http cache https://registry.npmjs.org/undici 79ms (cache hit)
232 silly packumentCache full:https://registry.npmjs.org/undici set size:1531430 disposed:false
233 silly fetch manifest @inquirer/confirm@5.1.21
234 silly packumentCache full:https://registry.npmjs.org/@inquirer%2fconfirm cache-miss
235 http cache https://registry.npmjs.org/picomatch 87ms (cache hit)
236 silly packumentCache full:https://registry.npmjs.org/picomatch set size:134451 disposed:false
237 silly fetch manifest https-proxy-agent@7.0.6
238 silly packumentCache full:https://registry.npmjs.org/https-proxy-agent cache-miss
239 http cache https://registry.npmjs.org/tinyglobby 88ms (cache hit)
240 silly packumentCache full:https://registry.npmjs.org/tinyglobby set size:54291 disposed:false
241 silly fetch manifest source-map-support@0.5.21
242 silly packumentCache full:https://registry.npmjs.org/source-map-support cache-miss
243 http cache https://registry.npmjs.org/jsonc-parser 48ms (cache hit)
244 silly packumentCache full:https://registry.npmjs.org/jsonc-parser set size:102715 disposed:false
245 silly fetch manifest @ampproject/remapping@2.3.0
246 silly packumentCache full:https://registry.npmjs.org/@ampproject%2fremapping cache-miss
247 http cache https://registry.npmjs.org/magic-string 43ms (cache hit)
248 silly packumentCache full:https://registry.npmjs.org/magic-string set size:352504 disposed:false
249 silly fetch manifest istanbul-lib-instrument@6.0.3
250 silly packumentCache full:https://registry.npmjs.org/istanbul-lib-instrument cache-miss
251 http cache https://registry.npmjs.org/@inquirer%2fconfirm 38ms (cache hit)
252 silly packumentCache full:https://registry.npmjs.org/@inquirer%2fconfirm set size:327061 disposed:false
253 silly fetch manifest @vitejs/plugin-basic-ssl@2.1.4
254 silly packumentCache full:https://registry.npmjs.org/@vitejs%2fplugin-basic-ssl cache-miss
255 http cache https://registry.npmjs.org/https-proxy-agent 45ms (cache hit)
256 silly packumentCache full:https://registry.npmjs.org/https-proxy-agent set size:83792 disposed:false
257 silly fetch manifest @angular-devkit/architect@0.2102.22
258 silly packumentCache full:https://registry.npmjs.org/@angular-devkit%2farchitect cache-miss
259 http cache https://registry.npmjs.org/@angular-devkit%2farchitect 9ms (cache hit)
260 silly packumentCache full:https://registry.npmjs.org/@angular-devkit%2farchitect set size:2251835 disposed:false
261 silly fetch manifest parse5-html-rewriting-stream@8.0.0
262 silly packumentCache full:https://registry.npmjs.org/parse5-html-rewriting-stream cache-miss
263 http fetch GET 200 https://registry.npmjs.org/sass 156ms (cache miss)
264 silly packumentCache full:https://registry.npmjs.org/sass set size:undefined disposed:false
265 silly fetch manifest @babel/helper-annotate-as-pure@7.27.3
266 silly packumentCache full:https://registry.npmjs.org/@babel%2fhelper-annotate-as-pure cache-miss
267 http cache https://registry.npmjs.org/parse5-html-rewriting-stream 12ms (cache hit)
268 silly packumentCache full:https://registry.npmjs.org/parse5-html-rewriting-stream set size:23913 disposed:false
269 silly fetch manifest @babel/helper-split-export-declaration@7.24.7
270 silly packumentCache full:https://registry.npmjs.org/@babel%2fhelper-split-export-declaration cache-miss
271 http fetch GET 200 https://registry.npmjs.org/mrmime 355ms (cache miss)
272 silly packumentCache full:https://registry.npmjs.org/mrmime set size:undefined disposed:false
273 silly fetch manifest lmdb@3.5.1
274 silly packumentCache full:https://registry.npmjs.org/lmdb cache-miss
275 http fetch GET 200 https://registry.npmjs.org/source-map-support 303ms (cache miss)
276 silly packumentCache full:https://registry.npmjs.org/source-map-support set size:undefined disposed:false
277 silly fetch manifest yargs@^18.0.0
278 silly packumentCache full:https://registry.npmjs.org/yargs cache-miss
279 http cache https://registry.npmjs.org/yargs 5ms (cache hit)
280 silly packumentCache full:https://registry.npmjs.org/yargs set size:759965 disposed:false
281 silly fetch manifest semver@^7.0.0
282 silly packumentCache full:https://registry.npmjs.org/semver cache-hit
283 silly fetch manifest chokidar@^5.0.0
284 silly packumentCache full:https://registry.npmjs.org/chokidar cache-miss
285 http cache https://registry.npmjs.org/chokidar 11ms (cache hit)
286 silly packumentCache full:https://registry.npmjs.org/chokidar set size:255902 disposed:false
287 silly fetch manifest @babel/core@7.29.7
288 silly packumentCache full:https://registry.npmjs.org/@babel%2fcore cache-miss
289 http fetch GET 200 https://registry.npmjs.org/browserslist 421ms (cache miss)
290 silly packumentCache full:https://registry.npmjs.org/browserslist set size:undefined disposed:false
291 silly fetch manifest reflect-metadata@^0.2.0
292 silly packumentCache full:https://registry.npmjs.org/reflect-metadata cache-miss
293 http fetch GET 200 https://registry.npmjs.org/@babel%2fcore 443ms (cache miss)
294 silly packumentCache full:https://registry.npmjs.org/@babel%2fcore set size:undefined disposed:false
295 silly fetch manifest convert-source-map@^1.5.1
296 silly packumentCache full:https://registry.npmjs.org/convert-source-map cache-miss
297 http fetch GET 200 https://registry.npmjs.org/@babel%2fhelper-annotate-as-pure 294ms (cache miss)
298 silly packumentCache full:https://registry.npmjs.org/@babel%2fhelper-annotate-as-pure set size:undefined disposed:false
299 silly fetch manifest @jridgewell/sourcemap-codec@^1.4.14
300 silly packumentCache full:https://registry.npmjs.org/@jridgewell%2fsourcemap-codec cache-miss
301 http cache https://registry.npmjs.org/@jridgewell%2fsourcemap-codec 3ms (cache hit)
302 silly packumentCache full:https://registry.npmjs.org/@jridgewell%2fsourcemap-codec set size:65255 disposed:false
303 silly fetch manifest ini@6.0.0
304 silly packumentCache full:https://registry.npmjs.org/ini cache-miss
305 http cache https://registry.npmjs.org/ini 3ms (cache hit)
306 silly packumentCache full:https://registry.npmjs.org/ini set size:59124 disposed:false
307 silly fetch manifest zod@4.3.6
308 silly packumentCache full:https://registry.npmjs.org/zod cache-miss
309 http cache https://registry.npmjs.org/zod 10ms (cache hit)
310 silly packumentCache full:https://registry.npmjs.org/zod set size:4147901 disposed:false
311 silly fetch manifest yargs@18.0.0
312 silly packumentCache full:https://registry.npmjs.org/yargs cache-hit
313 silly fetch manifest pacote@21.5.1
314 silly packumentCache full:https://registry.npmjs.org/pacote cache-miss
315 http cache https://registry.npmjs.org/pacote 20ms (cache hit)
316 silly packumentCache full:https://registry.npmjs.org/pacote set size:766505 disposed:false
317 silly fetch manifest algoliasearch@5.48.1
318 silly packumentCache full:https://registry.npmjs.org/algoliasearch cache-miss
319 http fetch GET 200 https://registry.npmjs.org/reflect-metadata 98ms (cache miss)
320 silly packumentCache full:https://registry.npmjs.org/reflect-metadata set size:undefined disposed:false
321 silly fetch manifest npm-package-arg@13.0.2
322 silly packumentCache full:https://registry.npmjs.org/npm-package-arg cache-miss
323 http cache https://registry.npmjs.org/algoliasearch 15ms (cache hit)
324 silly packumentCache full:https://registry.npmjs.org/algoliasearch set size:1826688 disposed:false
325 silly fetch manifest @inquirer/prompts@7.10.1
326 silly packumentCache full:https://registry.npmjs.org/@inquirer%2fprompts cache-miss
327 http fetch GET 200 https://registry.npmjs.org/piscina 543ms (cache miss)
328 silly packumentCache full:https://registry.npmjs.org/piscina set size:undefined disposed:false
329 silly fetch manifest @yarnpkg/lockfile@1.1.0
330 silly packumentCache full:https://registry.npmjs.org/@yarnpkg%2flockfile cache-miss
331 http fetch GET 200 https://registry.npmjs.org/watchpack 547ms (cache miss)
332 silly packumentCache full:https://registry.npmjs.org/watchpack set size:undefined disposed:false
333 silly fetch manifest @schematics/angular@21.2.22
334 silly packumentCache full:https://registry.npmjs.org/@schematics%2fangular cache-miss
335 http cache https://registry.npmjs.org/npm-package-arg 27ms (cache hit)
336 silly packumentCache full:https://registry.npmjs.org/npm-package-arg set size:133884 disposed:false
337 silly fetch manifest @angular-devkit/core@21.2.22
338 silly packumentCache full:https://registry.npmjs.org/@angular-devkit%2fcore cache-miss
339 http fetch GET 200 https://registry.npmjs.org/convert-source-map 108ms (cache miss)
340 silly packumentCache full:https://registry.npmjs.org/convert-source-map set size:undefined disposed:false
341 silly fetch manifest @modelcontextprotocol/sdk@1.30.0
342 silly packumentCache full:https://registry.npmjs.org/@modelcontextprotocol%2fsdk cache-miss
343 http fetch GET 200 https://registry.npmjs.org/esbuild 560ms (cache miss)
344 silly packumentCache full:https://registry.npmjs.org/esbuild set size:undefined disposed:false
345 silly fetch manifest @angular-devkit/schematics@21.2.22
346 silly packumentCache full:https://registry.npmjs.org/@angular-devkit%2fschematics cache-miss
347 http cache https://registry.npmjs.org/@yarnpkg%2flockfile 19ms (cache hit)
348 silly packumentCache full:https://registry.npmjs.org/@yarnpkg%2flockfile set size:8937 disposed:false
349 silly fetch manifest @listr2/prompt-adapter-inquirer@3.0.5
350 silly packumentCache full:https://registry.npmjs.org/@listr2%2fprompt-adapter-inquirer cache-miss
351 http cache https://registry.npmjs.org/@inquirer%2fprompts 23ms (cache hit)
352 silly packumentCache full:https://registry.npmjs.org/@inquirer%2fprompts set size:339225 disposed:false
353 silly fetch manifest @standard-schema/spec@^1.0.0
354 silly packumentCache full:https://registry.npmjs.org/@standard-schema%2fspec cache-miss
355 http fetch GET 200 https://registry.npmjs.org/beasties 568ms (cache miss)
356 silly packumentCache full:https://registry.npmjs.org/beasties set size:undefined disposed:false
357 silly fetch manifest saxes@^6.0.0
358 silly packumentCache full:https://registry.npmjs.org/saxes cache-miss
359 http cache https://registry.npmjs.org/@schematics%2fangular 25ms (cache hit)
360 silly packumentCache full:https://registry.npmjs.org/@schematics%2fangular set size:2471311 disposed:false
361 silly fetch manifest parse5@^8.0.0
362 silly packumentCache full:https://registry.npmjs.org/parse5 cache-miss
363 http cache https://registry.npmjs.org/@angular-devkit%2fcore 38ms (cache hit)
364 silly packumentCache full:https://registry.npmjs.org/@angular-devkit%2fcore set size:2471584 disposed:false
365 silly fetch manifest undici@^7.21.0
366 silly packumentCache full:https://registry.npmjs.org/undici cache-miss
367 http cache https://registry.npmjs.org/@modelcontextprotocol%2fsdk 50ms (cache hit)
368 silly packumentCache full:https://registry.npmjs.org/@modelcontextprotocol%2fsdk set size:302290 disposed:false
369 silly fetch manifest cssstyle@^6.0.1
370 silly packumentCache full:https://registry.npmjs.org/cssstyle cache-miss
371 http fetch GET 200 https://registry.npmjs.org/rolldown 616ms (cache miss)
372 silly packumentCache full:https://registry.npmjs.org/rolldown set size:undefined disposed:false
373 silly fetch manifest data-urls@^7.0.0
374 silly packumentCache full:https://registry.npmjs.org/data-urls cache-miss
375 http cache https://registry.npmjs.org/@listr2%2fprompt-adapter-inquirer 72ms (cache hit)
376 silly packumentCache full:https://registry.npmjs.org/@listr2%2fprompt-adapter-inquirer set size:159985 disposed:false
377 silly fetch manifest decimal.js@^10.6.0
378 silly packumentCache full:https://registry.npmjs.org/decimal.js cache-miss
379 http cache https://registry.npmjs.org/@angular-devkit%2fschematics 78ms (cache hit)
380 silly packumentCache full:https://registry.npmjs.org/@angular-devkit%2fschematics set size:2407262 disposed:false
381 silly fetch manifest whatwg-url@^16.0.0
382 silly packumentCache full:https://registry.npmjs.org/whatwg-url cache-miss
383 http cache https://registry.npmjs.org/parse5 74ms (cache hit)
384 silly packumentCache full:https://registry.npmjs.org/parse5 set size:123116 disposed:false
385 silly fetch manifest symbol-tree@^3.2.4
386 silly packumentCache full:https://registry.npmjs.org/symbol-tree cache-miss
387 http fetch GET 200 https://registry.npmjs.org/@ampproject%2fremapping 543ms (cache miss)
388 silly packumentCache full:https://registry.npmjs.org/@ampproject%2fremapping set size:undefined disposed:false
389 silly fetch manifest tough-cookie@^6.0.0
390 silly packumentCache full:https://registry.npmjs.org/tough-cookie cache-miss
391 http cache https://registry.npmjs.org/undici 61ms (cache hit)
392 silly packumentCache full:https://registry.npmjs.org/undici set size:1531430 disposed:false
393 silly fetch manifest @acemir/cssom@^0.9.31
394 silly packumentCache full:https://registry.npmjs.org/@acemir%2fcssom cache-miss
395 http fetch GET 200 https://registry.npmjs.org/@standard-schema%2fspec 119ms (cache miss)
396 silly packumentCache full:https://registry.npmjs.org/@standard-schema%2fspec set size:undefined disposed:false
397 silly fetch manifest @exodus/bytes@^1.11.0
398 silly packumentCache full:https://registry.npmjs.org/@exodus%2fbytes cache-miss
399 http fetch GET 200 https://registry.npmjs.org/saxes 119ms (cache miss)
400 silly packumentCache full:https://registry.npmjs.org/saxes set size:undefined disposed:false
401 silly fetch manifest whatwg-mimetype@^5.0.0
402 silly packumentCache full:https://registry.npmjs.org/whatwg-mimetype cache-miss
403 http fetch GET 200 https://registry.npmjs.org/istanbul-lib-instrument 568ms (cache miss)
404 silly packumentCache full:https://registry.npmjs.org/istanbul-lib-instrument set size:undefined disposed:false
405 silly fetch manifest http-proxy-agent@^7.0.2
406 silly packumentCache full:https://registry.npmjs.org/http-proxy-agent cache-miss
407 http fetch GET 200 https://registry.npmjs.org/@babel%2fcore 277ms (cache miss)
408 silly packumentCache full:https://registry.npmjs.org/@babel%2fcore set size:undefined disposed:false
409 silly fetch manifest https-proxy-agent@^7.0.6
410 silly packumentCache full:https://registry.npmjs.org/https-proxy-agent cache-hit
411 silly fetch manifest w3c-xmlserializer@^5.0.0
412 silly packumentCache full:https://registry.npmjs.org/w3c-xmlserializer cache-miss
413 http cache https://registry.npmjs.org/http-proxy-agent 24ms (cache hit)
414 silly packumentCache full:https://registry.npmjs.org/http-proxy-agent set size:57253 disposed:false
415 silly fetch manifest webidl-conversions@^8.0.1
416 silly packumentCache full:https://registry.npmjs.org/webidl-conversions cache-miss
417 http fetch GET 200 https://registry.npmjs.org/lmdb 362ms (cache miss)
418 silly packumentCache full:https://registry.npmjs.org/lmdb set size:undefined disposed:false
419 silly fetch manifest xml-name-validator@^5.0.0
420 silly packumentCache full:https://registry.npmjs.org/xml-name-validator cache-miss
421 http fetch GET 200 https://registry.npmjs.org/data-urls 90ms (cache miss)
422 silly packumentCache full:https://registry.npmjs.org/data-urls set size:undefined disposed:false
423 silly fetch manifest @bramus/specificity@^2.4.2
424 silly packumentCache full:https://registry.npmjs.org/@bramus%2fspecificity cache-miss
425 http fetch GET 200 https://registry.npmjs.org/@vitejs%2fplugin-basic-ssl 605ms (cache miss)
426 silly packumentCache full:https://registry.npmjs.org/@vitejs%2fplugin-basic-ssl set size:undefined disposed:false
427 silly fetch manifest html-encoding-sniffer@^6.0.0
428 silly packumentCache full:https://registry.npmjs.org/html-encoding-sniffer cache-miss
429 http fetch GET 200 https://registry.npmjs.org/symbol-tree 83ms (cache miss)
430 silly packumentCache full:https://registry.npmjs.org/symbol-tree set size:undefined disposed:false
431 silly fetch manifest @asamuzakjp/dom-selector@^6.8.1
432 silly packumentCache full:https://registry.npmjs.org/@asamuzakjp%2fdom-selector cache-miss
433 http fetch GET 200 https://registry.npmjs.org/decimal.js 106ms (cache miss)
434 silly packumentCache full:https://registry.npmjs.org/decimal.js set size:undefined disposed:false
435 silly fetch manifest is-potential-custom-element-name@^1.0.1
436 silly packumentCache full:https://registry.npmjs.org/is-potential-custom-element-name cache-miss
437 http fetch GET 200 https://registry.npmjs.org/whatwg-url 99ms (cache miss)
438 silly packumentCache full:https://registry.npmjs.org/whatwg-url set size:undefined disposed:false
439 silly fetch manifest obug@^2.1.1
440 silly packumentCache full:https://registry.npmjs.org/obug cache-miss
441 http fetch GET 200 https://registry.npmjs.org/@babel%2fhelper-split-export-declaration 598ms (cache miss)
442 silly packumentCache full:https://registry.npmjs.org/@babel%2fhelper-split-export-declaration set size:undefined disposed:false
443 silly fetch manifest vite@^6.0.0 || ^7.0.0 || ^8.0.0
444 silly packumentCache full:https://registry.npmjs.org/vite cache-miss
445 http fetch GET 200 https://registry.npmjs.org/whatwg-mimetype 89ms (cache miss)
446 silly packumentCache full:https://registry.npmjs.org/whatwg-mimetype set size:undefined disposed:false
447 silly fetch manifest pathe@^2.0.3
448 silly packumentCache full:https://registry.npmjs.org/pathe cache-miss
449 http fetch GET 200 https://registry.npmjs.org/tough-cookie 120ms (cache miss)
450 silly packumentCache full:https://registry.npmjs.org/tough-cookie set size:undefined disposed:false
451 silly fetch manifest std-env@^4.0.0-rc.1
452 silly packumentCache full:https://registry.npmjs.org/std-env cache-miss
453 http fetch GET 200 https://registry.npmjs.org/webidl-conversions 94ms (cache miss)
454 silly packumentCache full:https://registry.npmjs.org/webidl-conversions set size:undefined disposed:false
455 silly fetch manifest tinyexec@^1.0.2
456 silly packumentCache full:https://registry.npmjs.org/tinyexec cache-miss
457 http fetch GET 200 https://registry.npmjs.org/is-potential-custom-element-name 81ms (cache miss)
458 silly packumentCache full:https://registry.npmjs.org/is-potential-custom-element-name set size:undefined disposed:false
459 silly fetch manifest picomatch@^4.0.3
460 silly packumentCache full:https://registry.npmjs.org/picomatch cache-hit
461 silly fetch manifest tinybench@^2.9.0
462 silly packumentCache full:https://registry.npmjs.org/tinybench cache-miss
463 http fetch GET 200 https://registry.npmjs.org/@exodus%2fbytes 144ms (cache miss)
464 silly packumentCache full:https://registry.npmjs.org/@exodus%2fbytes set size:undefined disposed:false
465 silly fetch manifest tinyglobby@^0.2.15
466 silly packumentCache full:https://registry.npmjs.org/tinyglobby cache-hit
467 silly fetch manifest @vitest/spy@4.1.11
468 silly packumentCache full:https://registry.npmjs.org/@vitest%2fspy cache-miss
469 http fetch GET 200 https://registry.npmjs.org/cssstyle 248ms (cache miss)
470 silly packumentCache full:https://registry.npmjs.org/cssstyle set size:undefined disposed:false
471 silly fetch manifest expect-type@^1.3.0
472 silly packumentCache full:https://registry.npmjs.org/expect-type cache-miss
473 http fetch GET 200 https://registry.npmjs.org/pathe 96ms (cache miss)
474 silly packumentCache full:https://registry.npmjs.org/pathe set size:undefined disposed:false
475 silly fetch manifest tinyrainbow@^3.1.0
476 silly packumentCache full:https://registry.npmjs.org/tinyrainbow cache-miss
477 http fetch GET 200 https://registry.npmjs.org/@asamuzakjp%2fdom-selector 139ms (cache miss)
478 silly packumentCache full:https://registry.npmjs.org/@asamuzakjp%2fdom-selector set size:undefined disposed:false
479 silly fetch manifest magic-string@^0.30.21
480 silly packumentCache full:https://registry.npmjs.org/magic-string cache-hit
481 silly fetch manifest @vitest/utils@4.1.11
482 silly packumentCache full:https://registry.npmjs.org/@vitest%2futils cache-miss
483 http fetch GET 200 https://registry.npmjs.org/std-env 106ms (cache miss)
484 silly packumentCache full:https://registry.npmjs.org/std-env set size:undefined disposed:false
485 silly fetch manifest @vitest/expect@4.1.11
486 silly packumentCache full:https://registry.npmjs.org/@vitest%2fexpect cache-miss
487 http fetch GET 200 https://registry.npmjs.org/tinyexec 82ms (cache miss)
488 silly packumentCache full:https://registry.npmjs.org/tinyexec set size:undefined disposed:false
489 silly fetch manifest @vitest/mocker@4.1.11
490 silly packumentCache full:https://registry.npmjs.org/@vitest%2fmocker cache-miss
491 http fetch GET 200 https://registry.npmjs.org/w3c-xmlserializer 236ms (cache miss)
492 silly packumentCache full:https://registry.npmjs.org/w3c-xmlserializer set size:undefined disposed:false
493 silly fetch manifest @vitest/runner@4.1.11
494 silly packumentCache full:https://registry.npmjs.org/@vitest%2frunner cache-miss
495 http fetch GET 200 https://registry.npmjs.org/tinyrainbow 84ms (cache miss)
496 silly packumentCache full:https://registry.npmjs.org/tinyrainbow set size:undefined disposed:false
497 silly fetch manifest es-module-lexer@^2.0.0
498 silly packumentCache full:https://registry.npmjs.org/es-module-lexer cache-miss
499 http fetch GET 200 https://registry.npmjs.org/xml-name-validator 248ms (cache miss)
500 silly packumentCache full:https://registry.npmjs.org/xml-name-validator set size:undefined disposed:false
501 silly fetch manifest @vitest/snapshot@4.1.11
502 silly packumentCache full:https://registry.npmjs.org/@vitest%2fsnapshot cache-miss
503 http fetch GET 200 https://registry.npmjs.org/expect-type 114ms (cache miss)
504 silly packumentCache full:https://registry.npmjs.org/expect-type set size:undefined disposed:false
505 silly fetch manifest why-is-node-running@^2.3.0
506 silly packumentCache full:https://registry.npmjs.org/why-is-node-running cache-miss
507 http fetch GET 200 https://registry.npmjs.org/html-encoding-sniffer 246ms (cache miss)
508 silly packumentCache full:https://registry.npmjs.org/html-encoding-sniffer set size:undefined disposed:false
509 silly fetch manifest @vitest/pretty-format@4.1.11
510 silly packumentCache full:https://registry.npmjs.org/@vitest%2fpretty-format cache-miss
511 http fetch GET 200 https://registry.npmjs.org/@bramus%2fspecificity 257ms (cache miss)
512 silly packumentCache full:https://registry.npmjs.org/@bramus%2fspecificity set size:undefined disposed:false
513 http fetch GET 200 https://registry.npmjs.org/@vitest%2fspy 192ms (cache miss)
514 silly packumentCache full:https://registry.npmjs.org/@vitest%2fspy set size:undefined disposed:false
515 http fetch GET 200 https://registry.npmjs.org/@vitest%2futils 146ms (cache miss)
516 silly packumentCache full:https://registry.npmjs.org/@vitest%2futils set size:undefined disposed:false
517 http fetch GET 200 https://registry.npmjs.org/@vitest%2frunner 108ms (cache miss)
518 silly packumentCache full:https://registry.npmjs.org/@vitest%2frunner set size:undefined disposed:false
519 http fetch GET 200 https://registry.npmjs.org/obug 301ms (cache miss)
520 silly packumentCache full:https://registry.npmjs.org/obug set size:undefined disposed:false
521 http fetch GET 200 https://registry.npmjs.org/@vitest%2fexpect 174ms (cache miss)
522 silly packumentCache full:https://registry.npmjs.org/@vitest%2fexpect set size:undefined disposed:false
523 http fetch GET 200 https://registry.npmjs.org/es-module-lexer 108ms (cache miss)
524 silly packumentCache full:https://registry.npmjs.org/es-module-lexer set size:undefined disposed:false
525 http fetch GET 200 https://registry.npmjs.org/why-is-node-running 95ms (cache miss)
526 silly packumentCache full:https://registry.npmjs.org/why-is-node-running set size:undefined disposed:false
527 http fetch GET 200 https://registry.npmjs.org/@vitest%2fsnapshot 120ms (cache miss)
528 silly packumentCache full:https://registry.npmjs.org/@vitest%2fsnapshot set size:undefined disposed:false
529 http fetch GET 200 https://registry.npmjs.org/tinybench 270ms (cache miss)
530 silly packumentCache full:https://registry.npmjs.org/tinybench set size:undefined disposed:false
531 http fetch GET 200 https://registry.npmjs.org/@vitest%2fpretty-format 122ms (cache miss)
532 silly packumentCache full:https://registry.npmjs.org/@vitest%2fpretty-format set size:undefined disposed:false
533 http fetch GET 200 https://registry.npmjs.org/@vitest%2fmocker 263ms (cache miss)
534 silly packumentCache full:https://registry.npmjs.org/@vitest%2fmocker set size:undefined disposed:false
535 http fetch GET 200 https://registry.npmjs.org/@acemir%2fcssom 627ms (cache miss)
536 silly packumentCache full:https://registry.npmjs.org/@acemir%2fcssom set size:undefined disposed:false
537 http fetch GET 200 https://registry.npmjs.org/vite 1629ms (cache miss)
538 silly packumentCache full:https://registry.npmjs.org/vite set size:undefined disposed:false
539 http fetch GET 200 https://registry.npmjs.org/vite 1349ms (cache miss)
540 silly packumentCache full:https://registry.npmjs.org/vite set size:undefined disposed:false
541 silly fetch manifest @types/node@^20.19.0 || >=22.12.0
542 silly packumentCache full:https://registry.npmjs.org/@types%2fnode cache-miss
543 http cache https://registry.npmjs.org/@types%2fnode 23ms (cache hit)
544 silly packumentCache full:https://registry.npmjs.org/@types%2fnode set size:11096266 disposed:false
545 silly fetch manifest jiti@>=1.21.0
546 silly packumentCache full:https://registry.npmjs.org/jiti cache-miss
547 http fetch GET 200 https://registry.npmjs.org/jiti 105ms (cache miss)
548 silly packumentCache full:https://registry.npmjs.org/jiti set size:undefined disposed:false
549 silly fetch manifest lightningcss@^1.21.0
550 silly packumentCache full:https://registry.npmjs.org/lightningcss cache-miss
551 http fetch GET 200 https://registry.npmjs.org/lightningcss 282ms (cache miss)
552 silly packumentCache full:https://registry.npmjs.org/lightningcss set size:undefined disposed:false
553 silly fetch manifest sass-embedded@^1.70.0
554 silly packumentCache full:https://registry.npmjs.org/sass-embedded cache-miss
555 http fetch GET 200 https://registry.npmjs.org/sass-embedded 109ms (cache miss)
556 silly packumentCache full:https://registry.npmjs.org/sass-embedded set size:undefined disposed:false
557 silly fetch manifest stylus@>=0.54.8
558 silly packumentCache full:https://registry.npmjs.org/stylus cache-miss
559 http fetch GET 200 https://registry.npmjs.org/stylus 159ms (cache miss)
560 silly packumentCache full:https://registry.npmjs.org/stylus set size:undefined disposed:false
561 silly fetch manifest sugarss@^5.0.0
562 silly packumentCache full:https://registry.npmjs.org/sugarss cache-miss
563 http fetch GET 200 https://registry.npmjs.org/sugarss 280ms (cache miss)
564 silly packumentCache full:https://registry.npmjs.org/sugarss set size:undefined disposed:false
565 silly fetch manifest terser@^5.16.0
566 silly packumentCache full:https://registry.npmjs.org/terser cache-miss
567 http fetch GET 200 https://registry.npmjs.org/terser 144ms (cache miss)
568 silly packumentCache full:https://registry.npmjs.org/terser set size:undefined disposed:false
569 silly fetch manifest tsx@^4.8.1
570 silly packumentCache full:https://registry.npmjs.org/tsx cache-miss
571 http fetch GET 200 https://registry.npmjs.org/tsx 108ms (cache miss)
572 silly packumentCache full:https://registry.npmjs.org/tsx set size:undefined disposed:false
573 silly fetch manifest yaml@^2.4.2
574 silly packumentCache full:https://registry.npmjs.org/yaml cache-miss
575 http fetch GET 200 https://registry.npmjs.org/yaml 111ms (cache miss)
576 silly packumentCache full:https://registry.npmjs.org/yaml set size:undefined disposed:false
577 silly fetch manifest @types/node@>=18
578 silly packumentCache full:https://registry.npmjs.org/@types%2fnode cache-miss
579 http cache https://registry.npmjs.org/@types%2fnode 19ms (cache hit)
580 silly packumentCache full:https://registry.npmjs.org/@types%2fnode set size:11096266 disposed:false
581 silly placeDep ROOT @ampproject/remapping@2.3.0 OK for: @angular/build@21.2.22 want: 2.3.0
582 silly placeDep ROOT @angular-devkit/architect@0.2102.22 OK for: @angular/build@21.2.22 want: 0.2102.22
583 silly placeDep ROOT @babel/core@7.29.7 OK for: @angular/build@21.2.22 want: 7.29.7
584 silly placeDep ROOT @babel/helper-annotate-as-pure@7.27.3 OK for: @angular/build@21.2.22 want: 7.27.3
585 silly placeDep ROOT @babel/helper-split-export-declaration@7.24.7 OK for: @angular/build@21.2.22 want: 7.24.7
586 silly placeDep ROOT @inquirer/confirm@5.1.21 OK for: @angular/build@21.2.22 want: 5.1.21
587 silly placeDep ROOT @vitejs/plugin-basic-ssl@2.1.4 OK for: @angular/build@21.2.22 want: 2.1.4
588 silly placeDep ROOT vite@7.3.6 OK for: @vitejs/plugin-basic-ssl@2.1.4 want: ^6.0.0 || ^7.0.0
589 silly placeDep ROOT beasties@0.4.1 OK for: @angular/build@21.2.22 want: 0.4.1
590 silly placeDep ROOT browserslist@4.28.8 OK for: @angular/build@21.2.22 want: ^4.26.0
591 silly placeDep ROOT esbuild@0.28.1 OK for: @angular/build@21.2.22 want: 0.28.1
592 silly placeDep ROOT https-proxy-agent@7.0.6 OK for: @angular/build@21.2.22 want: 7.0.6
593 silly placeDep ROOT istanbul-lib-instrument@6.0.3 OK for: @angular/build@21.2.22 want: 6.0.3
594 silly placeDep ROOT jsonc-parser@3.3.1 OK for: @angular/build@21.2.22 want: 3.3.1
595 silly placeDep ROOT listr2@9.0.5 OK for: @angular/build@21.2.22 want: 9.0.5
596 silly placeDep ROOT lmdb@3.5.1 OK for: @angular/build@21.2.22 want: 3.5.1
597 silly placeDep ROOT magic-string@0.30.21 OK for: @angular/build@21.2.22 want: 0.30.21
598 silly placeDep ROOT mrmime@2.0.1 OK for: @angular/build@21.2.22 want: 2.0.1
599 silly placeDep ROOT parse5-html-rewriting-stream@8.0.0 OK for: @angular/build@21.2.22 want: 8.0.0
600 silly placeDep ROOT picomatch@4.0.4 OK for: @angular/build@21.2.22 want: 4.0.4
601 silly placeDep ROOT piscina@5.2.0 OK for: @angular/build@21.2.22 want: 5.2.0
602 silly placeDep ROOT rolldown@1.0.0-rc.4 OK for: @angular/build@21.2.22 want: 1.0.0-rc.4
603 silly placeDep ROOT sass@1.97.3 OK for: @angular/build@21.2.22 want: 1.97.3
604 silly placeDep ROOT semver@7.7.4 OK for: @angular/build@21.2.22 want: 7.7.4
605 silly placeDep ROOT source-map-support@0.5.21 OK for: @angular/build@21.2.22 want: 0.5.21
606 silly placeDep ROOT tinyglobby@0.2.15 OK for: @angular/build@21.2.22 want: 0.2.15
607 silly placeDep ROOT undici@7.29.0 OK for: @angular/build@21.2.22 want: 7.29.0
608 silly placeDep ROOT watchpack@2.5.1 OK for: @angular/build@21.2.22 want: 2.5.1
609 silly fetch manifest @jridgewell/gen-mapping@^0.3.5
610 silly packumentCache full:https://registry.npmjs.org/@jridgewell%2fgen-mapping cache-miss
611 silly fetch manifest @jridgewell/trace-mapping@^0.3.24
612 silly packumentCache full:https://registry.npmjs.org/@jridgewell%2ftrace-mapping cache-miss
613 silly fetch manifest debug@^4.1.0
614 silly packumentCache full:https://registry.npmjs.org/debug cache-miss
615 silly fetch manifest json5@^2.2.3
616 silly packumentCache full:https://registry.npmjs.org/json5 cache-miss
617 silly fetch manifest semver@^6.3.1
618 silly packumentCache full:https://registry.npmjs.org/semver cache-hit
619 silly fetch manifest gensync@^1.0.0-beta.2
620 silly packumentCache full:https://registry.npmjs.org/gensync cache-miss
621 silly fetch manifest @babel/types@^7.29.7
622 silly packumentCache full:https://registry.npmjs.org/@babel%2ftypes cache-miss
623 silly fetch manifest @babel/parser@^7.29.7
624 silly packumentCache full:https://registry.npmjs.org/@babel%2fparser cache-miss
625 silly fetch manifest @babel/helpers@^7.29.7
626 silly packumentCache full:https://registry.npmjs.org/@babel%2fhelpers cache-miss
627 silly fetch manifest @babel/template@^7.29.7
628 silly packumentCache full:https://registry.npmjs.org/@babel%2ftemplate cache-miss
629 silly fetch manifest @babel/traverse@^7.29.7
630 silly packumentCache full:https://registry.npmjs.org/@babel%2ftraverse cache-miss
631 silly fetch manifest @babel/generator@^7.29.7
632 silly packumentCache full:https://registry.npmjs.org/@babel%2fgenerator cache-miss
633 silly fetch manifest @babel/code-frame@^7.29.7
634 silly packumentCache full:https://registry.npmjs.org/@babel%2fcode-frame cache-miss
635 silly fetch manifest convert-source-map@^2.0.0
636 silly packumentCache full:https://registry.npmjs.org/convert-source-map cache-miss
637 silly fetch manifest @jridgewell/remapping@^2.3.5
638 silly packumentCache full:https://registry.npmjs.org/@jridgewell%2fremapping cache-miss
639 silly fetch manifest @babel/helper-module-transforms@^7.29.7
640 silly packumentCache full:https://registry.npmjs.org/@babel%2fhelper-module-transforms cache-miss
641 http cache https://registry.npmjs.org/convert-source-map 12ms (cache hit)
642 silly packumentCache full:https://registry.npmjs.org/convert-source-map set size:66997 disposed:false
643 silly fetch manifest @babel/helper-compilation-targets@^7.29.7
644 silly packumentCache full:https://registry.npmjs.org/@babel%2fhelper-compilation-targets cache-miss
645 http cache https://registry.npmjs.org/debug 17ms (cache hit)
646 silly packumentCache full:https://registry.npmjs.org/debug set size:195840 disposed:false
647 silly fetch manifest @babel/types@^7.27.3
648 silly packumentCache full:https://registry.npmjs.org/@babel%2ftypes cache-miss
649 http fetch GET 200 https://registry.npmjs.org/json5 94ms (cache miss)
650 silly packumentCache full:https://registry.npmjs.org/json5 set size:undefined disposed:false
651 silly fetch manifest @babel/types@^7.24.7
652 silly packumentCache full:https://registry.npmjs.org/@babel%2ftypes cache-miss
653 http fetch GET 200 https://registry.npmjs.org/gensync 102ms (cache miss)
654 silly packumentCache full:https://registry.npmjs.org/gensync set size:undefined disposed:false
655 silly fetch manifest @inquirer/core@^10.3.2
656 silly packumentCache full:https://registry.npmjs.org/@inquirer%2fcore cache-miss
657 http fetch GET 200 https://registry.npmjs.org/@babel%2fcode-frame 109ms (cache miss)
658 silly packumentCache full:https://registry.npmjs.org/@babel%2fcode-frame set size:undefined disposed:false
659 silly fetch manifest @inquirer/type@^3.0.10
660 silly packumentCache full:https://registry.npmjs.org/@inquirer%2ftype cache-miss
661 http fetch GET 200 https://registry.npmjs.org/@jridgewell%2fgen-mapping 120ms (cache miss)
662 silly packumentCache full:https://registry.npmjs.org/@jridgewell%2fgen-mapping set size:undefined disposed:false
663 silly fetch manifest fdir@^6.5.0
664 silly packumentCache full:https://registry.npmjs.org/fdir cache-miss
665 http fetch GET 200 https://registry.npmjs.org/@babel%2ftemplate 123ms (cache miss)
666 silly packumentCache full:https://registry.npmjs.org/@babel%2ftemplate set size:undefined disposed:false
667 silly fetch manifest rollup@^4.43.0
668 silly packumentCache full:https://registry.npmjs.org/rollup cache-miss
669 http cache https://registry.npmjs.org/@inquirer%2fcore 27ms (cache hit)
670 silly packumentCache full:https://registry.npmjs.org/@inquirer%2fcore set size:359279 disposed:false
671 silly fetch manifest esbuild@^0.27.0 || ^0.28.0
672 silly packumentCache full:https://registry.npmjs.org/esbuild cache-miss
673 http cache https://registry.npmjs.org/@inquirer%2ftype 23ms (cache hit)
674 silly packumentCache full:https://registry.npmjs.org/@inquirer%2ftype set size:122497 disposed:false
675 silly fetch manifest postcss@^8.5.6
676 silly packumentCache full:https://registry.npmjs.org/postcss cache-miss
677 http fetch GET 200 https://registry.npmjs.org/@babel%2fhelpers 139ms (cache miss)
678 silly packumentCache full:https://registry.npmjs.org/@babel%2fhelpers set size:undefined disposed:false
679 silly fetch manifest fsevents@~2.3.3
680 silly packumentCache full:https://registry.npmjs.org/fsevents cache-miss
681 http cache https://registry.npmjs.org/fdir 28ms (cache hit)
682 silly packumentCache full:https://registry.npmjs.org/fdir set size:136182 disposed:false
683 silly fetch manifest postcss@^8.4.49
684 silly packumentCache full:https://registry.npmjs.org/postcss cache-miss
685 http fetch GET 200 https://registry.npmjs.org/@jridgewell%2ftrace-mapping 152ms (cache miss)
686 silly packumentCache full:https://registry.npmjs.org/@jridgewell%2ftrace-mapping set size:undefined disposed:false
687 silly fetch manifest css-what@^7.0.0
688 silly packumentCache full:https://registry.npmjs.org/css-what cache-miss
689 http fetch GET 200 https://registry.npmjs.org/@babel%2fhelper-module-transforms 147ms (cache miss)
690 silly packumentCache full:https://registry.npmjs.org/@babel%2fhelper-module-transforms set size:undefined disposed:false
691 silly fetch manifest css-select@^6.0.0
692 silly packumentCache full:https://registry.npmjs.org/css-select cache-miss
693 http cache https://registry.npmjs.org/esbuild 27ms (cache hit)
694 silly packumentCache full:https://registry.npmjs.org/esbuild set size:1264676 disposed:false
695 silly fetch manifest domhandler@^5.0.3
696 silly packumentCache full:https://registry.npmjs.org/domhandler cache-miss
697 http fetch GET 200 https://registry.npmjs.org/@babel%2fhelper-compilation-targets 151ms (cache miss)
698 silly packumentCache full:https://registry.npmjs.org/@babel%2fhelper-compilation-targets set size:undefined disposed:false
699 silly fetch manifest picocolors@^1.1.1
700 silly packumentCache full:https://registry.npmjs.org/picocolors cache-miss
701 http cache https://registry.npmjs.org/postcss 35ms (cache hit)
702 silly packumentCache full:https://registry.npmjs.org/postcss set size:760024 disposed:false
703 silly fetch manifest htmlparser2@^10.0.0
704 silly packumentCache full:https://registry.npmjs.org/htmlparser2 cache-miss
705 http fetch GET 200 https://registry.npmjs.org/@babel%2ftypes 185ms (cache miss)
706 silly packumentCache full:https://registry.npmjs.org/@babel%2ftypes set size:undefined disposed:false
707 silly fetch manifest dom-serializer@^2.0.0
708 silly packumentCache full:https://registry.npmjs.org/dom-serializer cache-miss
709 http cache https://registry.npmjs.org/postcss 43ms (cache hit)
710 silly packumentCache full:https://registry.npmjs.org/postcss set size:760024 disposed:false
711 silly packumentCache full:https://registry.npmjs.org/postcss dispose
712 silly fetch manifest postcss-safe-parser@^7.0.1
713 silly packumentCache full:https://registry.npmjs.org/postcss-safe-parser cache-miss
714 http fetch GET 200 https://registry.npmjs.org/@babel%2fgenerator 198ms (cache miss)
715 silly packumentCache full:https://registry.npmjs.org/@babel%2fgenerator set size:undefined disposed:false
716 silly fetch manifest postcss-media-query-parser@^0.2.3
717 silly packumentCache full:https://registry.npmjs.org/postcss-media-query-parser cache-miss
718 http fetch GET 200 https://registry.npmjs.org/@babel%2ftypes 187ms (cache miss)
719 silly packumentCache full:https://registry.npmjs.org/@babel%2ftypes set size:undefined disposed:false
720 silly fetch manifest caniuse-lite@^1.0.30001809
721 silly packumentCache full:https://registry.npmjs.org/caniuse-lite cache-miss
722 http fetch GET 200 https://registry.npmjs.org/@babel%2fparser 210ms (cache miss)
723 silly packumentCache full:https://registry.npmjs.org/@babel%2fparser set size:undefined disposed:false
724 silly fetch manifest node-releases@^2.0.53
725 silly packumentCache full:https://registry.npmjs.org/node-releases cache-miss
726 http fetch GET 200 https://registry.npmjs.org/@babel%2ftraverse 219ms (cache miss)
727 silly packumentCache full:https://registry.npmjs.org/@babel%2ftraverse set size:undefined disposed:false
728 silly fetch manifest electron-to-chromium@^1.5.402
729 silly packumentCache full:https://registry.npmjs.org/electron-to-chromium cache-miss
730 http fetch GET 200 https://registry.npmjs.org/fsevents 97ms (cache miss)
731 silly packumentCache full:https://registry.npmjs.org/fsevents set size:undefined disposed:false
732 silly fetch manifest update-browserslist-db@^1.3.0
733 silly packumentCache full:https://registry.npmjs.org/update-browserslist-db cache-miss
734 http fetch GET 200 https://registry.npmjs.org/css-what 93ms (cache miss)
735 silly packumentCache full:https://registry.npmjs.org/css-what set size:undefined disposed:false
736 silly fetch manifest baseline-browser-mapping@^2.11.12
737 silly packumentCache full:https://registry.npmjs.org/baseline-browser-mapping cache-miss
738 http fetch GET 200 https://registry.npmjs.org/picocolors 86ms (cache miss)
739 silly packumentCache full:https://registry.npmjs.org/picocolors set size:undefined disposed:false
740 silly fetch manifest @esbuild/aix-ppc64@0.28.1
741 silly packumentCache full:https://registry.npmjs.org/@esbuild%2faix-ppc64 cache-miss
742 http fetch GET 200 https://registry.npmjs.org/@babel%2ftypes 161ms (cache miss)
743 silly packumentCache full:https://registry.npmjs.org/@babel%2ftypes set size:undefined disposed:false
744 silly fetch manifest @esbuild/linux-arm@0.28.1
745 silly packumentCache full:https://registry.npmjs.org/@esbuild%2flinux-arm cache-miss
746 http fetch GET 200 https://registry.npmjs.org/domhandler 92ms (cache miss)
747 silly packumentCache full:https://registry.npmjs.org/domhandler set size:undefined disposed:false
748 silly fetch manifest @esbuild/linux-x64@0.28.1
749 silly packumentCache full:https://registry.npmjs.org/@esbuild%2flinux-x64 cache-miss
750 http fetch GET 200 https://registry.npmjs.org/dom-serializer 82ms (cache miss)
751 silly packumentCache full:https://registry.npmjs.org/dom-serializer set size:undefined disposed:false
752 silly fetch manifest @esbuild/sunos-x64@0.28.1
753 silly packumentCache full:https://registry.npmjs.org/@esbuild%2fsunos-x64 cache-miss
754 http fetch GET 200 https://registry.npmjs.org/update-browserslist-db 80ms (cache miss)
755 silly packumentCache full:https://registry.npmjs.org/update-browserslist-db set size:undefined disposed:false
756 silly fetch manifest @esbuild/win32-x64@0.28.1
757 silly packumentCache full:https://registry.npmjs.org/@esbuild%2fwin32-x64 cache-miss
758 http fetch GET 200 https://registry.npmjs.org/baseline-browser-mapping 96ms (cache miss)
759 silly packumentCache full:https://registry.npmjs.org/baseline-browser-mapping set size:undefined disposed:false
760 silly fetch manifest @esbuild/darwin-x64@0.28.1
761 silly packumentCache full:https://registry.npmjs.org/@esbuild%2fdarwin-x64 cache-miss
762 http fetch GET 200 https://registry.npmjs.org/@esbuild%2flinux-arm 98ms (cache miss)
763 silly packumentCache full:https://registry.npmjs.org/@esbuild%2flinux-arm set size:undefined disposed:false
764 silly fetch manifest @esbuild/linux-ia32@0.28.1
765 silly packumentCache full:https://registry.npmjs.org/@esbuild%2flinux-ia32 cache-miss
766 http fetch GET 200 https://registry.npmjs.org/@esbuild%2flinux-x64 113ms (cache miss)
767 silly packumentCache full:https://registry.npmjs.org/@esbuild%2flinux-x64 set size:undefined disposed:false
768 silly fetch manifest @esbuild/netbsd-x64@0.28.1
769 silly packumentCache full:https://registry.npmjs.org/@esbuild%2fnetbsd-x64 cache-miss
770 http fetch GET 200 https://registry.npmjs.org/css-select 245ms (cache miss)
771 silly packumentCache full:https://registry.npmjs.org/css-select set size:undefined disposed:false
772 silly fetch manifest @esbuild/win32-ia32@0.28.1
773 silly packumentCache full:https://registry.npmjs.org/@esbuild%2fwin32-ia32 cache-miss
774 http fetch GET 200 https://registry.npmjs.org/@esbuild%2fwin32-x64 95ms (cache miss)
775 silly packumentCache full:https://registry.npmjs.org/@esbuild%2fwin32-x64 set size:undefined disposed:false
776 silly fetch manifest @esbuild/android-arm@0.28.1
777 silly packumentCache full:https://registry.npmjs.org/@esbuild%2fandroid-arm cache-miss
778 http fetch GET 200 https://registry.npmjs.org/htmlparser2 243ms (cache miss)
779 silly packumentCache full:https://registry.npmjs.org/htmlparser2 set size:undefined disposed:false
780 silly fetch manifest @esbuild/android-x64@0.28.1
781 silly packumentCache full:https://registry.npmjs.org/@esbuild%2fandroid-x64 cache-miss
782 http fetch GET 200 https://registry.npmjs.org/@esbuild%2fdarwin-x64 94ms (cache miss)
783 silly packumentCache full:https://registry.npmjs.org/@esbuild%2fdarwin-x64 set size:undefined disposed:false
784 silly fetch manifest @esbuild/freebsd-x64@0.28.1
785 silly packumentCache full:https://registry.npmjs.org/@esbuild%2ffreebsd-x64 cache-miss
786 http fetch GET 200 https://registry.npmjs.org/postcss-safe-parser 250ms (cache miss)
787 silly packumentCache full:https://registry.npmjs.org/postcss-safe-parser set size:undefined disposed:false
788 silly fetch manifest @esbuild/linux-arm64@0.28.1
789 silly packumentCache full:https://registry.npmjs.org/@esbuild%2flinux-arm64 cache-miss
790 http fetch GET 200 https://registry.npmjs.org/caniuse-lite 246ms (cache miss)
791 silly packumentCache full:https://registry.npmjs.org/caniuse-lite set size:undefined disposed:false
792 silly fetch manifest @esbuild/linux-ppc64@0.28.1
793 silly packumentCache full:https://registry.npmjs.org/@esbuild%2flinux-ppc64 cache-miss
794 http fetch GET 200 https://registry.npmjs.org/postcss-media-query-parser 269ms (cache miss)
795 silly packumentCache full:https://registry.npmjs.org/postcss-media-query-parser set size:undefined disposed:false
796 silly fetch manifest @esbuild/linux-s390x@0.28.1
797 silly packumentCache full:https://registry.npmjs.org/@esbuild%2flinux-s390x cache-miss
798 http fetch GET 200 https://registry.npmjs.org/rollup 350ms (cache miss)
799 silly packumentCache full:https://registry.npmjs.org/rollup set size:undefined disposed:false
800 silly fetch manifest @esbuild/openbsd-x64@0.28.1
801 silly packumentCache full:https://registry.npmjs.org/@esbuild%2fopenbsd-x64 cache-miss
802 http fetch GET 200 https://registry.npmjs.org/@esbuild%2faix-ppc64 293ms (cache miss)
803 silly packumentCache full:https://registry.npmjs.org/@esbuild%2faix-ppc64 set size:undefined disposed:false
804 silly fetch manifest @esbuild/win32-arm64@0.28.1
805 silly packumentCache full:https://registry.npmjs.org/@esbuild%2fwin32-arm64 cache-miss
806 http fetch GET 200 https://registry.npmjs.org/@esbuild%2fnetbsd-x64 177ms (cache miss)
807 silly packumentCache full:https://registry.npmjs.org/@esbuild%2fnetbsd-x64 set size:undefined disposed:false
808 silly fetch manifest @esbuild/darwin-arm64@0.28.1
809 silly packumentCache full:https://registry.npmjs.org/@esbuild%2fdarwin-arm64 cache-miss
810 http fetch GET 200 https://registry.npmjs.org/@esbuild%2flinux-ia32 198ms (cache miss)
811 silly packumentCache full:https://registry.npmjs.org/@esbuild%2flinux-ia32 set size:undefined disposed:false
812 silly fetch manifest @esbuild/netbsd-arm64@0.28.1
813 silly packumentCache full:https://registry.npmjs.org/@esbuild%2fnetbsd-arm64 cache-miss
814 http fetch GET 200 https://registry.npmjs.org/@esbuild%2fandroid-x64 131ms (cache miss)
815 silly packumentCache full:https://registry.npmjs.org/@esbuild%2fandroid-x64 set size:undefined disposed:false
816 silly fetch manifest @esbuild/android-arm64@0.28.1
817 silly packumentCache full:https://registry.npmjs.org/@esbuild%2fandroid-arm64 cache-miss
818 http fetch GET 200 https://registry.npmjs.org/@esbuild%2fandroid-arm 140ms (cache miss)
819 silly packumentCache full:https://registry.npmjs.org/@esbuild%2fandroid-arm set size:undefined disposed:false
820 silly fetch manifest @esbuild/freebsd-arm64@0.28.1
821 silly packumentCache full:https://registry.npmjs.org/@esbuild%2ffreebsd-arm64 cache-miss
822 http fetch GET 200 https://registry.npmjs.org/@esbuild%2fsunos-x64 296ms (cache miss)
823 silly packumentCache full:https://registry.npmjs.org/@esbuild%2fsunos-x64 set size:undefined disposed:false
824 silly fetch manifest @esbuild/linux-loong64@0.28.1
825 silly packumentCache full:https://registry.npmjs.org/@esbuild%2flinux-loong64 cache-miss
826 http fetch GET 200 https://registry.npmjs.org/node-releases 354ms (cache miss)
827 silly packumentCache full:https://registry.npmjs.org/node-releases set size:undefined disposed:false
828 silly fetch manifest @esbuild/linux-riscv64@0.28.1
829 silly packumentCache full:https://registry.npmjs.org/@esbuild%2flinux-riscv64 cache-miss
830 http fetch GET 200 https://registry.npmjs.org/@esbuild%2flinux-arm64 127ms (cache miss)
831 silly packumentCache full:https://registry.npmjs.org/@esbuild%2flinux-arm64 set size:undefined disposed:false
832 silly fetch manifest @esbuild/openbsd-arm64@0.28.1
833 silly packumentCache full:https://registry.npmjs.org/@esbuild%2fopenbsd-arm64 cache-miss
834 http fetch GET 200 https://registry.npmjs.org/@esbuild%2flinux-ppc64 114ms (cache miss)
835 silly packumentCache full:https://registry.npmjs.org/@esbuild%2flinux-ppc64 set size:undefined disposed:false
836 silly fetch manifest @esbuild/linux-mips64el@0.28.1
837 silly packumentCache full:https://registry.npmjs.org/@esbuild%2flinux-mips64el cache-miss
838 http fetch GET 200 https://registry.npmjs.org/@esbuild%2flinux-s390x 110ms (cache miss)
839 silly packumentCache full:https://registry.npmjs.org/@esbuild%2flinux-s390x set size:undefined disposed:false
840 silly fetch manifest @esbuild/openharmony-arm64@0.28.1
841 silly packumentCache full:https://registry.npmjs.org/@esbuild%2fopenharmony-arm64 cache-miss
842 http fetch GET 200 https://registry.npmjs.org/electron-to-chromium 378ms (cache miss)
843 silly packumentCache full:https://registry.npmjs.org/electron-to-chromium set size:undefined disposed:false
844 silly fetch manifest debug@4
845 silly packumentCache full:https://registry.npmjs.org/debug cache-hit
846 silly fetch manifest agent-base@^7.1.2
847 silly packumentCache full:https://registry.npmjs.org/agent-base cache-miss
848 http fetch GET 200 https://registry.npmjs.org/@jridgewell%2fremapping 637ms (cache miss)
849 silly packumentCache full:https://registry.npmjs.org/@jridgewell%2fremapping set size:undefined disposed:false
850 silly fetch manifest @babel/parser@^7.23.9
851 silly packumentCache full:https://registry.npmjs.org/@babel%2fparser cache-miss
852 http cache https://registry.npmjs.org/agent-base 12ms (cache hit)
853 silly packumentCache full:https://registry.npmjs.org/agent-base set size:72085 disposed:false
854 silly fetch manifest @istanbuljs/schema@^0.1.3
855 silly packumentCache full:https://registry.npmjs.org/@istanbuljs%2fschema cache-miss
856 http cache https://registry.npmjs.org/@babel%2fparser 8ms (cache hit)
857 silly packumentCache full:https://registry.npmjs.org/@babel%2fparser set size:737961 disposed:false
858 silly fetch manifest istanbul-lib-coverage@^3.2.0
859 silly packumentCache full:https://registry.npmjs.org/istanbul-lib-coverage cache-miss
860 http fetch GET 200 https://registry.npmjs.org/@esbuild%2fopenbsd-x64 136ms (cache miss)
861 silly packumentCache full:https://registry.npmjs.org/@esbuild%2fopenbsd-x64 set size:undefined disposed:false
862 silly fetch manifest semver@^7.5.4
863 silly packumentCache full:https://registry.npmjs.org/semver cache-hit
864 silly fetch manifest rfdc@^1.4.1
865 silly packumentCache full:https://registry.npmjs.org/rfdc cache-miss
866 http fetch GET 200 https://registry.npmjs.org/@esbuild%2fnetbsd-arm64 118ms (cache miss)
867 silly packumentCache full:https://registry.npmjs.org/@esbuild%2fnetbsd-arm64 set size:undefined disposed:false
868 silly fetch manifest colorette@^2.0.20
869 silly packumentCache full:https://registry.npmjs.org/colorette cache-miss
870 http fetch GET 200 https://registry.npmjs.org/@esbuild%2fdarwin-arm64 125ms (cache miss)
871 silly packumentCache full:https://registry.npmjs.org/@esbuild%2fdarwin-arm64 set size:undefined disposed:false
872 silly fetch manifest wrap-ansi@^9.0.0
873 silly packumentCache full:https://registry.npmjs.org/wrap-ansi cache-miss
874 http cache https://registry.npmjs.org/rfdc 19ms (cache hit)
875 silly packumentCache full:https://registry.npmjs.org/rfdc set size:45382 disposed:false
876 silly fetch manifest log-update@^6.1.0
877 silly packumentCache full:https://registry.npmjs.org/log-update cache-miss
878 http fetch GET 200 https://registry.npmjs.org/@esbuild%2fwin32-ia32 281ms (cache miss)
879 silly packumentCache full:https://registry.npmjs.org/@esbuild%2fwin32-ia32 set size:undefined disposed:false
880 silly fetch manifest cli-truncate@^5.0.0
881 silly packumentCache full:https://registry.npmjs.org/cli-truncate cache-miss
882 http fetch GET 200 https://registry.npmjs.org/@esbuild%2fopenharmony-arm64 101ms (cache miss)
883 silly packumentCache full:https://registry.npmjs.org/@esbuild%2fopenharmony-arm64 set size:undefined disposed:false
884 silly fetch manifest eventemitter3@^5.0.1
885 silly packumentCache full:https://registry.npmjs.org/eventemitter3 cache-miss
886 http fetch GET 200 https://registry.npmjs.org/@esbuild%2fopenbsd-arm64 108ms (cache miss)
887 silly packumentCache full:https://registry.npmjs.org/@esbuild%2fopenbsd-arm64 set size:undefined disposed:false
888 silly fetch manifest msgpackr@^1.11.2
889 silly packumentCache full:https://registry.npmjs.org/msgpackr cache-miss
890 http fetch GET 200 https://registry.npmjs.org/@esbuild%2flinux-loong64 122ms (cache miss)
891 silly packumentCache full:https://registry.npmjs.org/@esbuild%2flinux-loong64 set size:undefined disposed:false
892 silly fetch manifest node-addon-api@^6.1.0
893 silly packumentCache full:https://registry.npmjs.org/node-addon-api cache-miss
894 http cache https://registry.npmjs.org/colorette 20ms (cache hit)
895 silly packumentCache full:https://registry.npmjs.org/colorette set size:92733 disposed:false
896 silly fetch manifest ordered-binary@^1.5.3
897 silly packumentCache full:https://registry.npmjs.org/ordered-binary cache-miss
898 http cache https://registry.npmjs.org/wrap-ansi 20ms (cache hit)
899 silly packumentCache full:https://registry.npmjs.org/wrap-ansi set size:57461 disposed:false
900 silly fetch manifest weak-lru-cache@^1.2.2
901 silly packumentCache full:https://registry.npmjs.org/weak-lru-cache cache-miss
902 http cache https://registry.npmjs.org/log-update 19ms (cache hit)
903 silly packumentCache full:https://registry.npmjs.org/log-update set size:60732 disposed:false
904 silly fetch manifest @harperfast/extended-iterable@^1.0.3
905 silly packumentCache full:https://registry.npmjs.org/@harperfast%2fextended-iterable cache-miss
906 http cache https://registry.npmjs.org/cli-truncate 21ms (cache hit)
907 silly packumentCache full:https://registry.npmjs.org/cli-truncate set size:40857 disposed:false
908 silly fetch manifest node-gyp-build-optional-packages@5.2.2
909 silly packumentCache full:https://registry.npmjs.org/node-gyp-build-optional-packages cache-miss
910 http cache https://registry.npmjs.org/eventemitter3 20ms (cache hit)
911 silly packumentCache full:https://registry.npmjs.org/eventemitter3 set size:92292 disposed:false
912 silly fetch manifest @lmdb/lmdb-linux-arm@3.5.1
913 silly packumentCache full:https://registry.npmjs.org/@lmdb%2flmdb-linux-arm cache-miss
914 http fetch GET 200 https://registry.npmjs.org/@esbuild%2flinux-riscv64 134ms (cache miss)
915 silly packumentCache full:https://registry.npmjs.org/@esbuild%2flinux-riscv64 set size:undefined disposed:false
916 silly fetch manifest @lmdb/lmdb-linux-x64@3.5.1
917 silly packumentCache full:https://registry.npmjs.org/@lmdb%2flmdb-linux-x64 cache-miss
918 http fetch GET 200 https://registry.npmjs.org/@esbuild%2flinux-mips64el 130ms (cache miss)
919 silly packumentCache full:https://registry.npmjs.org/@esbuild%2flinux-mips64el set size:undefined disposed:false
920 silly fetch manifest @lmdb/lmdb-win32-x64@3.5.1
921 silly packumentCache full:https://registry.npmjs.org/@lmdb%2flmdb-win32-x64 cache-miss
922 http fetch GET 200 https://registry.npmjs.org/@esbuild%2ffreebsd-x64 271ms (cache miss)
923 silly packumentCache full:https://registry.npmjs.org/@esbuild%2ffreebsd-x64 set size:undefined disposed:false
924 silly fetch manifest @lmdb/lmdb-darwin-x64@3.5.1
925 silly packumentCache full:https://registry.npmjs.org/@lmdb%2flmdb-darwin-x64 cache-miss
926 http fetch GET 200 https://registry.npmjs.org/@istanbuljs%2fschema 115ms (cache miss)
927 silly packumentCache full:https://registry.npmjs.org/@istanbuljs%2fschema set size:undefined disposed:false
928 silly fetch manifest @lmdb/lmdb-linux-arm64@3.5.1
929 silly packumentCache full:https://registry.npmjs.org/@lmdb%2flmdb-linux-arm64 cache-miss
930 http fetch GET 200 https://registry.npmjs.org/node-gyp-build-optional-packages 80ms (cache miss)
931 silly packumentCache full:https://registry.npmjs.org/node-gyp-build-optional-packages set size:undefined disposed:false
932 silly fetch manifest @lmdb/lmdb-win32-arm64@3.5.1
933 silly packumentCache full:https://registry.npmjs.org/@lmdb%2flmdb-win32-arm64 cache-miss
934 http fetch GET 200 https://registry.npmjs.org/node-addon-api 92ms (cache miss)
935 silly packumentCache full:https://registry.npmjs.org/node-addon-api set size:undefined disposed:false
936 silly fetch manifest @lmdb/lmdb-darwin-arm64@3.5.1
937 silly packumentCache full:https://registry.npmjs.org/@lmdb%2flmdb-darwin-arm64 cache-miss
938 http fetch GET 200 https://registry.npmjs.org/@esbuild%2ffreebsd-arm64 240ms (cache miss)
939 silly packumentCache full:https://registry.npmjs.org/@esbuild%2ffreebsd-arm64 set size:undefined disposed:false
940 silly fetch manifest @jridgewell/sourcemap-codec@^1.5.5
941 silly packumentCache full:https://registry.npmjs.org/@jridgewell%2fsourcemap-codec cache-hit
942 silly fetch manifest entities@^6.0.0
943 silly packumentCache full:https://registry.npmjs.org/entities cache-miss
944 http cache https://registry.npmjs.org/entities 5ms (cache hit)
945 silly packumentCache full:https://registry.npmjs.org/entities set size:101550 disposed:false
946 silly fetch manifest parse5-sax-parser@^8.0.0
947 silly packumentCache full:https://registry.npmjs.org/parse5-sax-parser cache-miss
948 http fetch GET 200 https://registry.npmjs.org/@esbuild%2fandroid-arm64 251ms (cache miss)
949 silly packumentCache full:https://registry.npmjs.org/@esbuild%2fandroid-arm64 set size:undefined disposed:false
950 silly fetch manifest @napi-rs/nice@^1.0.4
951 silly packumentCache full:https://registry.npmjs.org/@napi-rs%2fnice cache-miss
952 http cache https://registry.npmjs.org/parse5-sax-parser 6ms (cache hit)
953 silly packumentCache full:https://registry.npmjs.org/parse5-sax-parser set size:18860 disposed:false
954 silly fetch manifest @oxc-project/types@=0.113.0
955 silly packumentCache full:https://registry.npmjs.org/@oxc-project%2ftypes cache-miss
956 http fetch GET 200 https://registry.npmjs.org/msgpackr 129ms (cache miss)
957 silly packumentCache full:https://registry.npmjs.org/msgpackr set size:undefined disposed:false
958 silly fetch manifest @rolldown/pluginutils@1.0.0-rc.4
959 silly packumentCache full:https://registry.npmjs.org/@rolldown%2fpluginutils cache-miss
960 http fetch GET 200 https://registry.npmjs.org/@esbuild%2fwin32-arm64 293ms (cache miss)
961 silly packumentCache full:https://registry.npmjs.org/@esbuild%2fwin32-arm64 set size:undefined disposed:false
962 silly fetch manifest @rolldown/binding-darwin-x64@1.0.0-rc.4
963 silly packumentCache full:https://registry.npmjs.org/@rolldown%2fbinding-darwin-x64 cache-miss
964 http fetch GET 200 https://registry.npmjs.org/@rolldown%2fpluginutils 116ms (cache miss)
965 silly packumentCache full:https://registry.npmjs.org/@rolldown%2fpluginutils set size:undefined disposed:false
966 silly fetch manifest @rolldown/binding-freebsd-x64@1.0.0-rc.4
967 silly packumentCache full:https://registry.npmjs.org/@rolldown%2fbinding-freebsd-x64 cache-miss
968 http fetch GET 200 https://registry.npmjs.org/ordered-binary 250ms (cache miss)
969 silly packumentCache full:https://registry.npmjs.org/ordered-binary set size:undefined disposed:false
970 silly fetch manifest @rolldown/binding-wasm32-wasi@1.0.0-rc.4
971 silly packumentCache full:https://registry.npmjs.org/@rolldown%2fbinding-wasm32-wasi cache-miss
972 http fetch GET 200 https://registry.npmjs.org/istanbul-lib-coverage 293ms (cache miss)
973 silly packumentCache full:https://registry.npmjs.org/istanbul-lib-coverage set size:undefined disposed:false
974 silly fetch manifest @rolldown/binding-darwin-arm64@1.0.0-rc.4
975 silly packumentCache full:https://registry.npmjs.org/@rolldown%2fbinding-darwin-arm64 cache-miss
976 http fetch GET 200 https://registry.npmjs.org/weak-lru-cache 267ms (cache miss)
977 silly packumentCache full:https://registry.npmjs.org/weak-lru-cache set size:undefined disposed:false
978 silly fetch manifest @rolldown/binding-android-arm64@1.0.0-rc.4
979 silly packumentCache full:https://registry.npmjs.org/@rolldown%2fbinding-android-arm64 cache-miss
980 http fetch GET 200 https://registry.npmjs.org/@lmdb%2flmdb-darwin-x64 260ms (cache miss)
981 silly packumentCache full:https://registry.npmjs.org/@lmdb%2flmdb-darwin-x64 set size:undefined disposed:false
982 silly fetch manifest @rolldown/binding-linux-x64-gnu@1.0.0-rc.4
983 silly packumentCache full:https://registry.npmjs.org/@rolldown%2fbinding-linux-x64-gnu cache-miss
984 http fetch GET 200 https://registry.npmjs.org/@rolldown%2fbinding-darwin-x64 153ms (cache miss)
985 silly packumentCache full:https://registry.npmjs.org/@rolldown%2fbinding-darwin-x64 set size:undefined disposed:false
986 silly fetch manifest @rolldown/binding-linux-x64-musl@1.0.0-rc.4
987 silly packumentCache full:https://registry.npmjs.org/@rolldown%2fbinding-linux-x64-musl cache-miss
988 http fetch GET 200 https://registry.npmjs.org/@rolldown%2fbinding-android-arm64 102ms (cache miss)
989 silly packumentCache full:https://registry.npmjs.org/@rolldown%2fbinding-android-arm64 set size:undefined disposed:false
990 silly fetch manifest @rolldown/binding-win32-x64-msvc@1.0.0-rc.4
991 silly packumentCache full:https://registry.npmjs.org/@rolldown%2fbinding-win32-x64-msvc cache-miss
992 http fetch GET 200 https://registry.npmjs.org/@lmdb%2flmdb-linux-arm 401ms (cache miss)
993 silly packumentCache full:https://registry.npmjs.org/@lmdb%2flmdb-linux-arm set size:undefined disposed:false
994 silly fetch manifest @rolldown/binding-linux-arm64-gnu@1.0.0-rc.4
995 silly packumentCache full:https://registry.npmjs.org/@rolldown%2fbinding-linux-arm64-gnu cache-miss
996 http fetch GET 200 https://registry.npmjs.org/@rolldown%2fbinding-freebsd-x64 189ms (cache miss)
997 silly packumentCache full:https://registry.npmjs.org/@rolldown%2fbinding-freebsd-x64 set size:undefined disposed:false
998 silly fetch manifest @rolldown/binding-linux-arm64-musl@1.0.0-rc.4
999 silly packumentCache full:https://registry.npmjs.org/@rolldown%2fbinding-linux-arm64-musl cache-miss
1000 http fetch GET 200 https://registry.npmjs.org/@rolldown%2fbinding-linux-x64-musl 180ms (cache miss)
1001 silly packumentCache full:https://registry.npmjs.org/@rolldown%2fbinding-linux-x64-musl set size:undefined disposed:false
1002 silly fetch manifest @rolldown/binding-win32-arm64-msvc@1.0.0-rc.4
1003 silly packumentCache full:https://registry.npmjs.org/@rolldown%2fbinding-win32-arm64-msvc cache-miss
1004 http fetch GET 200 https://registry.npmjs.org/@lmdb%2flmdb-win32-arm64 425ms (cache miss)
1005 silly packumentCache full:https://registry.npmjs.org/@lmdb%2flmdb-win32-arm64 set size:undefined disposed:false
1006 silly fetch manifest @rolldown/binding-openharmony-arm64@1.0.0-rc.4
1007 silly packumentCache full:https://registry.npmjs.org/@rolldown%2fbinding-openharmony-arm64 cache-miss
1008 http fetch GET 200 https://registry.npmjs.org/@napi-rs%2fnice 406ms (cache miss)
1009 silly packumentCache full:https://registry.npmjs.org/@napi-rs%2fnice set size:undefined disposed:false
1010 silly fetch manifest @rolldown/binding-linux-arm-gnueabihf@1.0.0-rc.4
1011 silly packumentCache full:https://registry.npmjs.org/@rolldown%2fbinding-linux-arm-gnueabihf cache-miss
1012 http fetch GET 200 https://registry.npmjs.org/@lmdb%2flmdb-darwin-arm64 434ms (cache miss)
1013 silly packumentCache full:https://registry.npmjs.org/@lmdb%2flmdb-darwin-arm64 set size:undefined disposed:false
1014 silly fetch manifest chokidar@^4.0.0
1015 silly packumentCache full:https://registry.npmjs.org/chokidar cache-hit
1016 silly fetch manifest immutable@^5.0.2
1017 silly packumentCache full:https://registry.npmjs.org/immutable cache-miss
1018 http fetch GET 200 https://registry.npmjs.org/@lmdb%2flmdb-linux-arm64 499ms (cache miss)
1019 silly packumentCache full:https://registry.npmjs.org/@lmdb%2flmdb-linux-arm64 set size:undefined disposed:false
1020 silly fetch manifest source-map-js@>=0.6.2 <2.0.0
1021 silly packumentCache full:https://registry.npmjs.org/source-map-js cache-miss
1022 http fetch GET 200 https://registry.npmjs.org/@lmdb%2flmdb-win32-x64 621ms (cache miss)
1023 silly packumentCache full:https://registry.npmjs.org/@lmdb%2flmdb-win32-x64 set size:undefined disposed:false
1024 silly fetch manifest @parcel/watcher@^2.4.1
1025 silly packumentCache full:https://registry.npmjs.org/@parcel%2fwatcher cache-miss
1026 http fetch GET 200 https://registry.npmjs.org/@oxc-project%2ftypes 527ms (cache miss)
1027 silly packumentCache full:https://registry.npmjs.org/@oxc-project%2ftypes set size:undefined disposed:false
1028 silly fetch manifest buffer-from@^1.0.0
1029 silly packumentCache full:https://registry.npmjs.org/buffer-from cache-miss
1030 http fetch GET 200 https://registry.npmjs.org/@harperfast%2fextended-iterable 654ms (cache miss)
1031 silly packumentCache full:https://registry.npmjs.org/@harperfast%2fextended-iterable set size:undefined disposed:false
1032 silly fetch manifest source-map@^0.6.0
1033 silly packumentCache full:https://registry.npmjs.org/source-map cache-miss
1034 http fetch GET 200 https://registry.npmjs.org/@rolldown%2fbinding-win32-x64-msvc 285ms (cache miss)
1035 silly packumentCache full:https://registry.npmjs.org/@rolldown%2fbinding-win32-x64-msvc set size:undefined disposed:false
1036 silly fetch manifest graceful-fs@^4.1.2
1037 silly packumentCache full:https://registry.npmjs.org/graceful-fs cache-miss
1038 http fetch GET 200 https://registry.npmjs.org/@rolldown%2fbinding-openharmony-arm64 156ms (cache miss)
1039 silly packumentCache full:https://registry.npmjs.org/@rolldown%2fbinding-openharmony-arm64 set size:undefined disposed:false
1040 silly fetch manifest glob-to-regexp@^0.4.1
1041 silly packumentCache full:https://registry.npmjs.org/glob-to-regexp cache-miss
1042 http fetch GET 200 https://registry.npmjs.org/source-map-js 113ms (cache miss)
1043 silly packumentCache full:https://registry.npmjs.org/source-map-js set size:undefined disposed:false
1044 http fetch GET 200 https://registry.npmjs.org/@lmdb%2flmdb-linux-x64 683ms (cache miss)
1045 silly packumentCache full:https://registry.npmjs.org/@lmdb%2flmdb-linux-x64 set size:undefined disposed:false
1046 http cache https://registry.npmjs.org/source-map 45ms (cache hit)
1047 silly packumentCache full:https://registry.npmjs.org/source-map set size:231637 disposed:false
1048 http cache https://registry.npmjs.org/graceful-fs 44ms (cache hit)
1049 silly packumentCache full:https://registry.npmjs.org/graceful-fs set size:124285 disposed:false
1050 http fetch GET 200 https://registry.npmjs.org/@rolldown%2fbinding-linux-arm64-gnu 313ms (cache miss)
1051 silly packumentCache full:https://registry.npmjs.org/@rolldown%2fbinding-linux-arm64-gnu set size:undefined disposed:false
1052 http fetch GET 200 https://registry.npmjs.org/buffer-from 142ms (cache miss)
1053 silly packumentCache full:https://registry.npmjs.org/buffer-from set size:undefined disposed:false
1054 http fetch GET 200 https://registry.npmjs.org/glob-to-regexp 120ms (cache miss)
1055 silly packumentCache full:https://registry.npmjs.org/glob-to-regexp set size:undefined disposed:false
1056 http fetch GET 200 https://registry.npmjs.org/@rolldown%2fbinding-linux-x64-gnu 512ms (cache miss)
1057 silly packumentCache full:https://registry.npmjs.org/@rolldown%2fbinding-linux-x64-gnu set size:undefined disposed:false
1058 http fetch GET 200 https://registry.npmjs.org/@parcel%2fwatcher 162ms (cache miss)
1059 silly packumentCache full:https://registry.npmjs.org/@parcel%2fwatcher set size:undefined disposed:false
1060 http fetch GET 200 https://registry.npmjs.org/@rolldown%2fbinding-linux-arm64-musl 370ms (cache miss)
1061 silly packumentCache full:https://registry.npmjs.org/@rolldown%2fbinding-linux-arm64-musl set size:undefined disposed:false
1062 http fetch GET 200 https://registry.npmjs.org/@rolldown%2fbinding-win32-arm64-msvc 326ms (cache miss)
1063 silly packumentCache full:https://registry.npmjs.org/@rolldown%2fbinding-win32-arm64-msvc set size:undefined disposed:false
1064 http fetch GET 200 https://registry.npmjs.org/immutable 306ms (cache miss)
1065 silly packumentCache full:https://registry.npmjs.org/immutable set size:undefined disposed:false
1066 http fetch GET 200 https://registry.npmjs.org/@rolldown%2fbinding-wasm32-wasi 600ms (cache miss)
1067 silly packumentCache full:https://registry.npmjs.org/@rolldown%2fbinding-wasm32-wasi set size:undefined disposed:false
1068 http fetch GET 200 https://registry.npmjs.org/@rolldown%2fbinding-linux-arm-gnueabihf 342ms (cache miss)
1069 silly packumentCache full:https://registry.npmjs.org/@rolldown%2fbinding-linux-arm-gnueabihf set size:undefined disposed:false
1070 http fetch GET 200 https://registry.npmjs.org/@rolldown%2fbinding-darwin-arm64 690ms (cache miss)
1071 silly packumentCache full:https://registry.npmjs.org/@rolldown%2fbinding-darwin-arm64 set size:undefined disposed:false
1072 silly placeDep ROOT @jridgewell/gen-mapping@0.3.13 OK for: @ampproject/remapping@2.3.0 want: ^0.3.5
1073 silly placeDep ROOT @jridgewell/trace-mapping@0.3.31 OK for: @ampproject/remapping@2.3.0 want: ^0.3.24
1074 silly fetch manifest @jridgewell/sourcemap-codec@^1.5.0
1075 silly packumentCache full:https://registry.npmjs.org/@jridgewell%2fsourcemap-codec cache-hit
1076 silly fetch manifest @jridgewell/resolve-uri@^3.1.0
1077 silly packumentCache full:https://registry.npmjs.org/@jridgewell%2fresolve-uri cache-miss
1078 http fetch GET 200 https://registry.npmjs.org/@jridgewell%2fresolve-uri 95ms (cache miss)
1079 silly packumentCache full:https://registry.npmjs.org/@jridgewell%2fresolve-uri set size:undefined disposed:false
1080 silly placeDep ROOT @angular-devkit/core@21.2.22 OK for: @angular-devkit/architect@0.2102.22 want: 21.2.22
1081 silly fetch manifest ajv@8.18.0
1082 silly packumentCache full:https://registry.npmjs.org/ajv cache-miss
1083 silly fetch manifest source-map@0.7.6
1084 silly packumentCache full:https://registry.npmjs.org/source-map cache-hit
1085 silly fetch manifest ajv-formats@3.0.1
1086 silly packumentCache full:https://registry.npmjs.org/ajv-formats cache-miss
1087 http cache https://registry.npmjs.org/ajv 12ms (cache hit)
1088 silly packumentCache full:https://registry.npmjs.org/ajv set size:1142658 disposed:false
1089 http cache https://registry.npmjs.org/ajv-formats 20ms (cache hit)
1090 silly packumentCache full:https://registry.npmjs.org/ajv-formats set size:141264 disposed:false
1091 silly placeDep ROOT ajv@8.18.0 OK for: @angular-devkit/core@21.2.22 want: 8.18.0
1092 silly placeDep ROOT ajv-formats@3.0.1 OK for: @angular-devkit/core@21.2.22 want: 3.0.1
1093 silly placeDep ROOT source-map@0.7.6 OK for: @angular-devkit/core@21.2.22 want: 0.7.6
1094 silly fetch manifest fast-uri@^3.0.1
1095 silly packumentCache full:https://registry.npmjs.org/fast-uri cache-miss
1096 silly fetch manifest fast-deep-equal@^3.1.3
1097 silly packumentCache full:https://registry.npmjs.org/fast-deep-equal cache-miss
1098 silly fetch manifest require-from-string@^2.0.2
1099 silly packumentCache full:https://registry.npmjs.org/require-from-string cache-miss
1100 silly fetch manifest json-schema-traverse@^1.0.0
1101 silly packumentCache full:https://registry.npmjs.org/json-schema-traverse cache-miss
1102 http cache https://registry.npmjs.org/require-from-string 6ms (cache hit)
1103 silly packumentCache full:https://registry.npmjs.org/require-from-string set size:15128 disposed:false
1104 http cache https://registry.npmjs.org/fast-deep-equal 7ms (cache hit)
1105 silly packumentCache full:https://registry.npmjs.org/fast-deep-equal set size:48634 disposed:false
1106 http cache https://registry.npmjs.org/json-schema-traverse 7ms (cache hit)
1107 silly packumentCache full:https://registry.npmjs.org/json-schema-traverse set size:23537 disposed:false
1108 http cache https://registry.npmjs.org/fast-uri 9ms (cache hit)
1109 silly packumentCache full:https://registry.npmjs.org/fast-uri set size:100723 disposed:false
1110 silly fetch manifest @cfworker/json-schema@^4.1.1
1111 silly packumentCache full:https://registry.npmjs.org/@cfworker%2fjson-schema cache-miss
1112 http cache https://registry.npmjs.org/@cfworker%2fjson-schema 4ms (cache hit)
1113 silly packumentCache full:https://registry.npmjs.org/@cfworker%2fjson-schema set size:144207 disposed:false
1114 silly placeDep ROOT @angular-devkit/schematics@21.2.22 OK for: @angular/cli@21.2.22 want: 21.2.22
1115 silly placeDep ROOT @inquirer/prompts@7.10.1 OK for: @angular/cli@21.2.22 want: 7.10.1
1116 silly placeDep ROOT @listr2/prompt-adapter-inquirer@3.0.5 OK for: @angular/cli@21.2.22 want: 3.0.5
1117 silly placeDep ROOT @modelcontextprotocol/sdk@1.30.0 OK for: @angular/cli@21.2.22 want: 1.30.0
1118 silly placeDep ROOT @schematics/angular@21.2.22 OK for: @angular/cli@21.2.22 want: 21.2.22
1119 silly placeDep ROOT @yarnpkg/lockfile@1.1.0 OK for: @angular/cli@21.2.22 want: 1.1.0
1120 silly placeDep ROOT algoliasearch@5.48.1 OK for: @angular/cli@21.2.22 want: 5.48.1
1121 silly placeDep ROOT ini@6.0.0 OK for: @angular/cli@21.2.22 want: 6.0.0
1122 silly placeDep ROOT npm-package-arg@13.0.2 OK for: @angular/cli@21.2.22 want: 13.0.2
1123 silly placeDep ROOT pacote@21.5.1 OK for: @angular/cli@21.2.22 want: 21.5.1
1124 silly placeDep ROOT yargs@18.0.0 OK for: @angular/cli@21.2.22 want: 18.0.0
1125 silly placeDep ROOT zod@4.3.6 OK for: @angular/cli@21.2.22 want: 4.3.6
1126 silly fetch manifest ora@9.3.0
1127 silly packumentCache full:https://registry.npmjs.org/ora cache-miss
1128 silly fetch manifest @inquirer/input@^4.3.1
1129 silly packumentCache full:https://registry.npmjs.org/@inquirer%2finput cache-miss
1130 silly fetch manifest @inquirer/editor@^4.2.23
1131 silly packumentCache full:https://registry.npmjs.org/@inquirer%2feditor cache-miss
1132 silly fetch manifest @inquirer/expand@^4.0.23
1133 silly packumentCache full:https://registry.npmjs.org/@inquirer%2fexpand cache-miss
1134 silly fetch manifest @inquirer/number@^3.0.23
1135 silly packumentCache full:https://registry.npmjs.org/@inquirer%2fnumber cache-miss
1136 silly fetch manifest @inquirer/search@^3.2.2
1137 silly packumentCache full:https://registry.npmjs.org/@inquirer%2fsearch cache-miss
1138 silly fetch manifest @inquirer/select@^4.4.2
1139 silly packumentCache full:https://registry.npmjs.org/@inquirer%2fselect cache-miss
1140 silly fetch manifest @inquirer/rawlist@^4.1.11
1141 silly packumentCache full:https://registry.npmjs.org/@inquirer%2frawlist cache-miss
1142 silly fetch manifest @inquirer/checkbox@^4.3.2
1143 silly packumentCache full:https://registry.npmjs.org/@inquirer%2fcheckbox cache-miss
1144 silly fetch manifest @inquirer/password@^4.0.23
1145 silly packumentCache full:https://registry.npmjs.org/@inquirer%2fpassword cache-miss
1146 silly fetch manifest @inquirer/type@^3.0.8
1147 silly packumentCache full:https://registry.npmjs.org/@inquirer%2ftype cache-hit
1148 silly fetch manifest zod@^3.25 || ^4.0
1149 silly packumentCache full:https://registry.npmjs.org/zod cache-miss
1150 silly fetch manifest cors@^2.8.5
1151 silly packumentCache full:https://registry.npmjs.org/cors cache-miss
1152 silly fetch manifest hono@^4.11.4
1153 silly packumentCache full:https://registry.npmjs.org/hono cache-miss
1154 silly fetch manifest jose@^6.1.3
1155 silly packumentCache full:https://registry.npmjs.org/jose cache-miss
1156 silly fetch manifest express@^5.2.1
1157 silly packumentCache full:https://registry.npmjs.org/express cache-miss
1158 http cache https://registry.npmjs.org/ora 23ms (cache hit)
1159 silly packumentCache full:https://registry.npmjs.org/ora set size:147148 disposed:false
1160 silly fetch manifest raw-body@^3.0.0
1161 silly packumentCache full:https://registry.npmjs.org/raw-body cache-miss
1162 http cache https://registry.npmjs.org/@inquirer%2finput 25ms (cache hit)
1163 silly packumentCache full:https://registry.npmjs.org/@inquirer%2finput set size:324779 disposed:false
1164 silly fetch manifest cross-spawn@^7.0.5
1165 silly packumentCache full:https://registry.npmjs.org/cross-spawn cache-miss
1166 http cache https://registry.npmjs.org/@inquirer%2fexpand 28ms (cache hit)
1167 silly packumentCache full:https://registry.npmjs.org/@inquirer%2fexpand set size:327493 disposed:false
1168 silly fetch manifest eventsource@^3.0.2
1169 silly packumentCache full:https://registry.npmjs.org/eventsource cache-miss
1170 http cache https://registry.npmjs.org/@inquirer%2feditor 32ms (cache hit)
1171 silly packumentCache full:https://registry.npmjs.org/@inquirer%2feditor set size:328365 disposed:false
1172 silly fetch manifest content-type@^1.0.5
1173 silly packumentCache full:https://registry.npmjs.org/content-type cache-miss
1174 http cache https://registry.npmjs.org/@inquirer%2fsearch 35ms (cache hit)
1175 silly packumentCache full:https://registry.npmjs.org/@inquirer%2fsearch set size:148715 disposed:false
1176 silly fetch manifest pkce-challenge@^5.0.0
1177 silly packumentCache full:https://registry.npmjs.org/pkce-challenge cache-miss
1178 http cache https://registry.npmjs.org/@inquirer%2fselect 39ms (cache hit)
1179 silly packumentCache full:https://registry.npmjs.org/@inquirer%2fselect set size:340961 disposed:false
1180 silly fetch manifest @hono/node-server@^1.19.9 || ^2.0.5
1181 silly packumentCache full:https://registry.npmjs.org/@hono%2fnode-server cache-miss
1182 http cache https://registry.npmjs.org/@inquirer%2fnumber 46ms (cache hit)
1183 silly packumentCache full:https://registry.npmjs.org/@inquirer%2fnumber set size:147947 disposed:false
1184 silly fetch manifest json-schema-typed@^8.0.2
1185 silly packumentCache full:https://registry.npmjs.org/json-schema-typed cache-miss
1186 http cache https://registry.npmjs.org/@inquirer%2frawlist 48ms (cache hit)
1187 silly packumentCache full:https://registry.npmjs.org/@inquirer%2frawlist set size:294342 disposed:false
1188 silly fetch manifest eventsource-parser@^3.0.0
1189 silly packumentCache full:https://registry.npmjs.org/eventsource-parser cache-miss
1190 http cache https://registry.npmjs.org/@inquirer%2fcheckbox 54ms (cache hit)
1191 silly packumentCache full:https://registry.npmjs.org/@inquirer%2fcheckbox set size:352094 disposed:false
1192 silly fetch manifest express-rate-limit@^8.2.1
1193 silly packumentCache full:https://registry.npmjs.org/express-rate-limit cache-miss
1194 http cache https://registry.npmjs.org/zod 64ms (cache hit)
1195 silly packumentCache full:https://registry.npmjs.org/zod set size:4147901 disposed:false
1196 silly fetch manifest zod-to-json-schema@^3.25.1
1197 silly packumentCache full:https://registry.npmjs.org/zod-to-json-schema cache-miss
1198 http cache https://registry.npmjs.org/cors 101ms (cache hit)
1199 silly packumentCache full:https://registry.npmjs.org/cors set size:77956 disposed:false
1200 silly fetch manifest @algolia/abtesting@1.14.1
1201 silly packumentCache full:https://registry.npmjs.org/@algolia%2fabtesting cache-miss
1202 http cache https://registry.npmjs.org/@inquirer%2fpassword 105ms (cache hit)
1203 silly packumentCache full:https://registry.npmjs.org/@inquirer%2fpassword set size:325351 disposed:false
1204 silly fetch manifest @algolia/ingestion@1.48.1
1205 silly packumentCache full:https://registry.npmjs.org/@algolia%2fingestion cache-miss
1206 http cache https://registry.npmjs.org/express 111ms (cache hit)
1207 silly packumentCache full:https://registry.npmjs.org/express set size:804975 disposed:false
1208 silly fetch manifest @algolia/recommend@5.48.1
1209 silly packumentCache full:https://registry.npmjs.org/@algolia%2frecommend cache-miss
1210 http cache https://registry.npmjs.org/jose 122ms (cache hit)
1211 silly packumentCache full:https://registry.npmjs.org/jose set size:1452435 disposed:false
1212 silly fetch manifest @algolia/monitoring@1.48.1
1213 silly packumentCache full:https://registry.npmjs.org/@algolia%2fmonitoring cache-miss
1214 http cache https://registry.npmjs.org/hono 140ms (cache hit)
1215 silly packumentCache full:https://registry.npmjs.org/hono set size:6129886 disposed:false
1216 silly fetch manifest @algolia/client-common@5.48.1
1217 silly packumentCache full:https://registry.npmjs.org/@algolia%2fclient-common cache-miss
1218 http cache https://registry.npmjs.org/eventsource 210ms (cache hit)
1219 silly packumentCache full:https://registry.npmjs.org/eventsource set size:146228 disposed:false
1220 silly fetch manifest @algolia/client-search@5.48.1
1221 silly packumentCache full:https://registry.npmjs.org/@algolia%2fclient-search cache-miss
1222 http cache https://registry.npmjs.org/cross-spawn 217ms (cache hit)
1223 silly packumentCache full:https://registry.npmjs.org/cross-spawn set size:109066 disposed:false
1224 silly fetch manifest @algolia/client-insights@5.48.1
1225 silly packumentCache full:https://registry.npmjs.org/@algolia%2fclient-insights cache-miss
1226 http cache https://registry.npmjs.org/raw-body 224ms (cache hit)
1227 silly packumentCache full:https://registry.npmjs.org/raw-body set size:120042 disposed:false
1228 silly fetch manifest @algolia/requester-fetch@5.48.1
1229 silly packumentCache full:https://registry.npmjs.org/@algolia%2frequester-fetch cache-miss
1230 http cache https://registry.npmjs.org/content-type 214ms (cache hit)
1231 silly packumentCache full:https://registry.npmjs.org/content-type set size:23936 disposed:false
1232 silly fetch manifest @algolia/client-abtesting@5.48.1
1233 silly packumentCache full:https://registry.npmjs.org/@algolia%2fclient-abtesting cache-miss
1234 http cache https://registry.npmjs.org/json-schema-typed 203ms (cache hit)
1235 silly packumentCache full:https://registry.npmjs.org/json-schema-typed set size:26165 disposed:false
1236 silly fetch manifest @algolia/client-analytics@5.48.1
1237 silly packumentCache full:https://registry.npmjs.org/@algolia%2fclient-analytics cache-miss
1238 http cache https://registry.npmjs.org/pkce-challenge 213ms (cache hit)
1239 silly packumentCache full:https://registry.npmjs.org/pkce-challenge set size:37734 disposed:false
1240 silly fetch manifest @algolia/requester-node-http@5.48.1
1241 silly packumentCache full:https://registry.npmjs.org/@algolia%2frequester-node-http cache-miss
1242 http cache https://registry.npmjs.org/eventsource-parser 201ms (cache hit)
1243 silly packumentCache full:https://registry.npmjs.org/eventsource-parser set size:89571 disposed:false
1244 silly fetch manifest @algolia/requester-browser-xhr@5.48.1
1245 silly packumentCache full:https://registry.npmjs.org/@algolia%2frequester-browser-xhr cache-miss
1246 http cache https://registry.npmjs.org/@hono%2fnode-server 211ms (cache hit)
1247 silly packumentCache full:https://registry.npmjs.org/@hono%2fnode-server set size:284955 disposed:false
1248 silly fetch manifest @algolia/client-personalization@5.48.1
1249 silly packumentCache full:https://registry.npmjs.org/@algolia%2fclient-personalization cache-miss
1250 http cache https://registry.npmjs.org/express-rate-limit 202ms (cache hit)
1251 silly packumentCache full:https://registry.npmjs.org/express-rate-limit set size:461272 disposed:false
1252 silly fetch manifest @algolia/client-query-suggestions@5.48.1
1253 silly packumentCache full:https://registry.npmjs.org/@algolia%2fclient-query-suggestions cache-miss
1254 http cache https://registry.npmjs.org/zod-to-json-schema 162ms (cache hit)
1255 silly packumentCache full:https://registry.npmjs.org/zod-to-json-schema set size:309584 disposed:false
1256 silly fetch manifest proc-log@^6.0.0
1257 silly packumentCache full:https://registry.npmjs.org/proc-log cache-miss
1258 http cache https://registry.npmjs.org/@algolia%2fabtesting 163ms (cache hit)
1259 silly packumentCache full:https://registry.npmjs.org/@algolia%2fabtesting set size:361349 disposed:false
1260 silly fetch manifest hosted-git-info@^9.0.0
1261 silly packumentCache full:https://registry.npmjs.org/hosted-git-info cache-miss
1262 http cache https://registry.npmjs.org/@algolia%2fingestion 164ms (cache hit)
1263 silly packumentCache full:https://registry.npmjs.org/@algolia%2fingestion set size:1524236 disposed:false
1264 silly fetch manifest validate-npm-package-name@^7.0.0
1265 silly packumentCache full:https://registry.npmjs.org/validate-npm-package-name cache-miss
1266 http cache https://registry.npmjs.org/@algolia%2frecommend 162ms (cache hit)
1267 silly packumentCache full:https://registry.npmjs.org/@algolia%2frecommend set size:769946 disposed:false
1268 silly fetch manifest tar@^7.4.3
1269 silly packumentCache full:https://registry.npmjs.org/tar cache-miss
1270 http cache https://registry.npmjs.org/@algolia%2fmonitoring 157ms (cache hit)
1271 silly packumentCache full:https://registry.npmjs.org/@algolia%2fmonitoring set size:1194882 disposed:false
1272 silly fetch manifest ssri@^13.0.0
1273 silly packumentCache full:https://registry.npmjs.org/ssri cache-miss
1274 http cache https://registry.npmjs.org/@algolia%2fclient-common 100ms (cache hit)
1275 silly packumentCache full:https://registry.npmjs.org/@algolia%2fclient-common set size:870774 disposed:false
1276 silly fetch manifest cacache@^20.0.0
1277 silly packumentCache full:https://registry.npmjs.org/cacache cache-miss
1278 http cache https://registry.npmjs.org/@algolia%2fclient-search 77ms (cache hit)
1279 silly packumentCache full:https://registry.npmjs.org/@algolia%2fclient-search set size:989256 disposed:false
1280 silly fetch manifest minipass@^7.0.2
1281 silly packumentCache full:https://registry.npmjs.org/minipass cache-miss
1282 http cache https://registry.npmjs.org/@algolia%2fclient-insights 86ms (cache hit)
1283 silly packumentCache full:https://registry.npmjs.org/@algolia%2fclient-insights set size:667801 disposed:false
1284 silly fetch manifest proc-log@^6.0.0
1285 silly packumentCache full:https://registry.npmjs.org/proc-log cache-miss
1286 http cache https://registry.npmjs.org/@algolia%2fclient-analytics 87ms (cache hit)
1287 silly packumentCache full:https://registry.npmjs.org/@algolia%2fclient-analytics set size:997114 disposed:false
1288 silly fetch manifest sigstore@^4.0.0
1289 silly packumentCache full:https://registry.npmjs.org/sigstore cache-miss
1290 http cache https://registry.npmjs.org/@algolia%2frequester-fetch 105ms (cache hit)
1291 silly packumentCache full:https://registry.npmjs.org/@algolia%2frequester-fetch set size:1837792 disposed:false
1292 silly fetch manifest @npmcli/git@^7.0.0
1293 silly packumentCache full:https://registry.npmjs.org/@npmcli%2fgit cache-miss
1294 http cache https://registry.npmjs.org/@algolia%2fclient-abtesting 117ms (cache hit)
1295 silly packumentCache full:https://registry.npmjs.org/@algolia%2fclient-abtesting set size:1727644 disposed:false
1296 silly fetch manifest fs-minipass@^3.0.0
1297 silly packumentCache full:https://registry.npmjs.org/fs-minipass cache-miss
1298 http cache https://registry.npmjs.org/@algolia%2frequester-node-http 131ms (cache hit)
1299 silly packumentCache full:https://registry.npmjs.org/@algolia%2frequester-node-http set size:899820 disposed:false
1300 silly fetch manifest npm-packlist@^10.0.1
1301 silly packumentCache full:https://registry.npmjs.org/npm-packlist cache-miss
1302 http cache https://registry.npmjs.org/@algolia%2frequester-browser-xhr 137ms (cache hit)
1303 silly packumentCache full:https://registry.npmjs.org/@algolia%2frequester-browser-xhr set size:908668 disposed:false
1304 silly fetch manifest npm-pick-manifest@^11.0.1
1305 silly packumentCache full:https://registry.npmjs.org/npm-pick-manifest cache-miss
1306 http cache https://registry.npmjs.org/@algolia%2fclient-personalization 144ms (cache hit)
1307 silly packumentCache full:https://registry.npmjs.org/@algolia%2fclient-personalization set size:1987925 disposed:false
1308 silly fetch manifest @gar/promise-retry@^1.0.0
1309 silly packumentCache full:https://registry.npmjs.org/@gar%2fpromise-retry cache-miss
1310 http cache https://registry.npmjs.org/proc-log 170ms (cache hit)
1311 silly packumentCache full:https://registry.npmjs.org/proc-log set size:35796 disposed:false
1312 silly fetch manifest @npmcli/run-script@^10.0.0
1313 silly packumentCache full:https://registry.npmjs.org/@npmcli%2frun-script cache-miss
1314 http cache https://registry.npmjs.org/@algolia%2fclient-query-suggestions 177ms (cache hit)
1315 silly packumentCache full:https://registry.npmjs.org/@algolia%2fclient-query-suggestions set size:1749573 disposed:false
1316 silly fetch manifest npm-registry-fetch@^19.0.0
1317 silly packumentCache full:https://registry.npmjs.org/npm-registry-fetch cache-miss
1318 http cache https://registry.npmjs.org/hosted-git-info 181ms (cache hit)
1319 silly packumentCache full:https://registry.npmjs.org/hosted-git-info set size:190140 disposed:false
1320 silly fetch manifest @npmcli/package-json@^7.0.0
1321 silly packumentCache full:https://registry.npmjs.org/@npmcli%2fpackage-json cache-miss
1322 http cache https://registry.npmjs.org/validate-npm-package-name 173ms (cache hit)
1323 silly packumentCache full:https://registry.npmjs.org/validate-npm-package-name set size:51100 disposed:false
1324 silly fetch manifest @npmcli/promise-spawn@^9.0.0
1325 silly packumentCache full:https://registry.npmjs.org/@npmcli%2fpromise-spawn cache-miss
1326 http cache https://registry.npmjs.org/ssri 158ms (cache hit)
1327 silly packumentCache full:https://registry.npmjs.org/ssri set size:138988 disposed:false
1328 silly fetch manifest @npmcli/installed-package-contents@^4.0.0
1329 silly packumentCache full:https://registry.npmjs.org/@npmcli%2finstalled-package-contents cache-miss
1330 http cache https://registry.npmjs.org/tar 174ms (cache hit)
1331 silly packumentCache full:https://registry.npmjs.org/tar set size:591769 disposed:false
1332 silly fetch manifest y18n@^5.0.5
1333 silly packumentCache full:https://registry.npmjs.org/y18n cache-miss
1334 http cache https://registry.npmjs.org/cacache 161ms (cache hit)
1335 silly packumentCache full:https://registry.npmjs.org/cacache set size:388665 disposed:false
1336 silly fetch manifest cliui@^9.0.1
1337 silly packumentCache full:https://registry.npmjs.org/cliui cache-miss
1338 http cache https://registry.npmjs.org/minipass 174ms (cache hit)
1339 silly packumentCache full:https://registry.npmjs.org/minipass set size:276925 disposed:false
1340 silly fetch manifest escalade@^3.1.1
1341 silly packumentCache full:https://registry.npmjs.org/escalade cache-miss
1342 http cache https://registry.npmjs.org/proc-log 168ms (cache hit)
1343 silly packumentCache full:https://registry.npmjs.org/proc-log set size:35796 disposed:false
1344 silly packumentCache full:https://registry.npmjs.org/proc-log dispose
1345 silly fetch manifest string-width@^7.2.0
1346 silly packumentCache full:https://registry.npmjs.org/string-width cache-miss
1347 http cache https://registry.npmjs.org/@npmcli%2fgit 142ms (cache hit)
1348 silly packumentCache full:https://registry.npmjs.org/@npmcli%2fgit set size:115962 disposed:false
1349 silly fetch manifest yargs-parser@^22.0.0
1350 silly packumentCache full:https://registry.npmjs.org/yargs-parser cache-miss
1351 http cache https://registry.npmjs.org/sigstore 159ms (cache hit)
1352 silly packumentCache full:https://registry.npmjs.org/sigstore set size:121433 disposed:false
1353 silly fetch manifest get-caller-file@^2.0.5
1354 silly packumentCache full:https://registry.npmjs.org/get-caller-file cache-miss
1355 http cache https://registry.npmjs.org/fs-minipass 132ms (cache hit)
1356 silly packumentCache full:https://registry.npmjs.org/fs-minipass set size:44606 disposed:false
1357 http cache https://registry.npmjs.org/npm-packlist 124ms (cache hit)
1358 silly packumentCache full:https://registry.npmjs.org/npm-packlist set size:202797 disposed:false
1359 http cache https://registry.npmjs.org/npm-pick-manifest 122ms (cache hit)
1360 silly packumentCache full:https://registry.npmjs.org/npm-pick-manifest set size:105153 disposed:false
1361 http cache https://registry.npmjs.org/@gar%2fpromise-retry 98ms (cache hit)
1362 silly packumentCache full:https://registry.npmjs.org/@gar%2fpromise-retry set size:11490 disposed:false
1363 http cache https://registry.npmjs.org/@npmcli%2frun-script 90ms (cache hit)
1364 silly packumentCache full:https://registry.npmjs.org/@npmcli%2frun-script set size:201982 disposed:false
1365 http cache https://registry.npmjs.org/npm-registry-fetch 81ms (cache hit)
1366 silly packumentCache full:https://registry.npmjs.org/npm-registry-fetch set size:285072 disposed:false
1367 http cache https://registry.npmjs.org/@npmcli%2fpackage-json 80ms (cache hit)
1368 silly packumentCache full:https://registry.npmjs.org/@npmcli%2fpackage-json set size:84704 disposed:false
1369 http cache https://registry.npmjs.org/@npmcli%2fpromise-spawn 80ms (cache hit)
1370 silly packumentCache full:https://registry.npmjs.org/@npmcli%2fpromise-spawn set size:70560 disposed:false
1371 http cache https://registry.npmjs.org/@npmcli%2finstalled-package-contents 78ms (cache hit)
1372 silly packumentCache full:https://registry.npmjs.org/@npmcli%2finstalled-package-contents set size:51540 disposed:false
1373 http cache https://registry.npmjs.org/y18n 73ms (cache hit)
1374 silly packumentCache full:https://registry.npmjs.org/y18n set size:76206 disposed:false
1375 http cache https://registry.npmjs.org/cliui 68ms (cache hit)
1376 silly packumentCache full:https://registry.npmjs.org/cliui set size:69089 disposed:false
1377 http cache https://registry.npmjs.org/escalade 49ms (cache hit)
1378 silly packumentCache full:https://registry.npmjs.org/escalade set size:33724 disposed:false
1379 http cache https://registry.npmjs.org/string-width 49ms (cache hit)
1380 silly packumentCache full:https://registry.npmjs.org/string-width set size:72458 disposed:false
1381 http cache https://registry.npmjs.org/get-caller-file 44ms (cache hit)
1382 silly packumentCache full:https://registry.npmjs.org/get-caller-file set size:26456 disposed:false
1383 http cache https://registry.npmjs.org/yargs-parser 48ms (cache hit)
1384 silly packumentCache full:https://registry.npmjs.org/yargs-parser set size:238681 disposed:false
1385 silly placeDep ROOT ora@9.3.0 OK for: @angular-devkit/schematics@21.2.22 want: 9.3.0
1386 silly fetch manifest chalk@^5.6.2
1387 silly packumentCache full:https://registry.npmjs.org/chalk cache-miss
1388 silly fetch manifest cli-cursor@^5.0.0
1389 silly packumentCache full:https://registry.npmjs.org/cli-cursor cache-miss
1390 silly fetch manifest log-symbols@^7.0.1
1391 silly packumentCache full:https://registry.npmjs.org/log-symbols cache-miss
1392 silly fetch manifest cli-spinners@^3.2.0
1393 silly packumentCache full:https://registry.npmjs.org/cli-spinners cache-miss
1394 silly fetch manifest string-width@^8.1.0
1395 silly packumentCache full:https://registry.npmjs.org/string-width cache-hit
1396 silly fetch manifest is-interactive@^2.0.0
1397 silly packumentCache full:https://registry.npmjs.org/is-interactive cache-miss
1398 silly fetch manifest stdin-discarder@^0.3.1
1399 silly packumentCache full:https://registry.npmjs.org/stdin-discarder cache-miss
1400 silly fetch manifest is-unicode-supported@^2.1.0
1401 silly packumentCache full:https://registry.npmjs.org/is-unicode-supported cache-miss
1402 http cache https://registry.npmjs.org/log-symbols 10ms (cache hit)
1403 silly packumentCache full:https://registry.npmjs.org/log-symbols set size:31977 disposed:false
1404 http cache https://registry.npmjs.org/cli-cursor 11ms (cache hit)
1405 silly packumentCache full:https://registry.npmjs.org/cli-cursor set size:18913 disposed:false
1406 http cache https://registry.npmjs.org/chalk 13ms (cache hit)
1407 silly packumentCache full:https://registry.npmjs.org/chalk set size:134775 disposed:false
1408 http cache https://registry.npmjs.org/cli-spinners 15ms (cache hit)
1409 silly packumentCache full:https://registry.npmjs.org/cli-spinners set size:67473 disposed:false
1410 http cache https://registry.npmjs.org/stdin-discarder 15ms (cache hit)
1411 silly packumentCache full:https://registry.npmjs.org/stdin-discarder set size:15211 disposed:false
1412 http cache https://registry.npmjs.org/is-interactive 16ms (cache hit)
1413 silly packumentCache full:https://registry.npmjs.org/is-interactive set size:10692 disposed:false
1414 http cache https://registry.npmjs.org/is-unicode-supported 17ms (cache hit)
1415 silly packumentCache full:https://registry.npmjs.org/is-unicode-supported set size:19461 disposed:false
1416 silly placeDep ROOT @jridgewell/sourcemap-codec@1.6.0 OK for: @angular/compiler-cli@21.2.22 want: ^1.4.14
1417 silly placeDep ROOT chokidar@5.0.0 OK for: @angular/compiler-cli@21.2.22 want: ^5.0.0
1418 silly placeDep ROOT convert-source-map@1.9.0 OK for: @angular/compiler-cli@21.2.22 want: ^1.5.1
1419 silly placeDep ROOT reflect-metadata@0.2.2 OK for: @angular/compiler-cli@21.2.22 want: ^0.2.0
1420 silly fetch manifest readdirp@^5.0.0
1421 silly packumentCache full:https://registry.npmjs.org/readdirp cache-miss
1422 http fetch GET 200 https://registry.npmjs.org/readdirp 89ms (cache miss)
1423 silly packumentCache full:https://registry.npmjs.org/readdirp set size:undefined disposed:false
1424 silly placeDep ROOT @standard-schema/spec@1.1.0 OK for: @angular/forms@21.2.22 want: ^1.0.0
1425 silly fetch manifest @babel/core@^7.0.0
1426 silly packumentCache full:https://registry.npmjs.org/@babel%2fcore cache-miss
1427 http cache https://registry.npmjs.org/@babel%2fcore 5ms (cache hit)
1428 silly packumentCache full:https://registry.npmjs.org/@babel%2fcore set size:788273 disposed:false
1429 silly placeDep ROOT @babel/code-frame@7.29.7 OK for: @babel/core@7.29.7 want: ^7.29.7
1430 silly placeDep ROOT @babel/generator@7.29.8 OK for: @babel/core@7.29.7 want: ^7.29.7
1431 silly placeDep ROOT @babel/helper-compilation-targets@7.29.7 OK for: @babel/core@7.29.7 want: ^7.29.7
1432 silly placeDep ROOT @babel/helper-module-transforms@7.29.7 OK for: @babel/core@7.29.7 want: ^7.29.7
1433 silly placeDep ROOT @babel/helpers@7.29.7 OK for: @babel/core@7.29.7 want: ^7.29.7
1434 silly placeDep ROOT @babel/parser@7.29.8 OK for: @babel/core@7.29.7 want: ^7.29.7
1435 silly placeDep ROOT @babel/template@7.29.7 OK for: @babel/core@7.29.7 want: ^7.29.7
1436 silly placeDep ROOT @babel/traverse@7.29.8 OK for: @babel/core@7.29.7 want: ^7.29.7
1437 silly placeDep ROOT @babel/types@7.29.8 OK for: @babel/core@7.29.7 want: ^7.29.7
1438 silly placeDep ROOT @jridgewell/remapping@2.3.5 OK for: @babel/core@7.29.7 want: ^2.3.5
1439 silly placeDep node_modules/@babel/core convert-source-map@2.0.0 OK for: @babel/core@7.29.7 want: ^2.0.0
1440 silly placeDep ROOT debug@4.4.3 OK for: @babel/core@7.29.7 want: ^4.1.0
1441 silly placeDep ROOT gensync@1.0.0-beta.2 OK for: @babel/core@7.29.7 want: ^1.0.0-beta.2
1442 silly placeDep ROOT json5@2.2.3 OK for: @babel/core@7.29.7 want: ^2.2.3
1443 silly placeDep node_modules/@babel/core semver@6.3.1 OK for: @babel/core@7.29.7 want: ^6.3.1
1444 silly fetch manifest js-tokens@^4.0.0
1445 silly packumentCache full:https://registry.npmjs.org/js-tokens cache-miss
1446 silly fetch manifest @babel/helper-validator-identifier@^7.29.7
1447 silly packumentCache full:https://registry.npmjs.org/@babel%2fhelper-validator-identifier cache-miss
1448 silly fetch manifest jsesc@^3.0.2
1449 silly packumentCache full:https://registry.npmjs.org/jsesc cache-miss
1450 silly fetch manifest @babel/types@^7.29.8
1451 silly packumentCache full:https://registry.npmjs.org/@babel%2ftypes cache-miss
1452 silly fetch manifest @babel/parser@^7.29.8
1453 silly packumentCache full:https://registry.npmjs.org/@babel%2fparser cache-hit
1454 silly fetch manifest lru-cache@^5.1.1
1455 silly packumentCache full:https://registry.npmjs.org/lru-cache cache-miss
1456 silly fetch manifest @babel/compat-data@^7.29.7
1457 silly packumentCache full:https://registry.npmjs.org/@babel%2fcompat-data cache-miss
1458 silly fetch manifest @babel/helper-validator-option@^7.29.7
1459 silly packumentCache full:https://registry.npmjs.org/@babel%2fhelper-validator-option cache-miss
1460 silly fetch manifest @babel/helper-module-imports@^7.29.7
1461 silly packumentCache full:https://registry.npmjs.org/@babel%2fhelper-module-imports cache-miss
1462 silly fetch manifest @babel/helper-validator-identifier@^7.29.7
1463 silly packumentCache full:https://registry.npmjs.org/@babel%2fhelper-validator-identifier cache-miss
1464 silly fetch manifest @babel/types@^7.29.8
1465 silly packumentCache full:https://registry.npmjs.org/@babel%2ftypes cache-miss
1466 silly fetch manifest debug@^4.3.1
1467 silly packumentCache full:https://registry.npmjs.org/debug cache-hit
1468 silly fetch manifest @babel/types@^7.29.8
1469 silly packumentCache full:https://registry.npmjs.org/@babel%2ftypes cache-miss
1470 silly fetch manifest @babel/helper-globals@^7.29.7
1471 silly packumentCache full:https://registry.npmjs.org/@babel%2fhelper-globals cache-miss
1472 silly fetch manifest @babel/helper-string-parser@^7.29.7
1473 silly packumentCache full:https://registry.npmjs.org/@babel%2fhelper-string-parser cache-miss
1474 silly fetch manifest @babel/helper-validator-identifier@^7.29.7
1475 silly packumentCache full:https://registry.npmjs.org/@babel%2fhelper-validator-identifier cache-miss
1476 silly fetch manifest ms@^2.1.3
1477 silly packumentCache full:https://registry.npmjs.org/ms cache-miss
1478 http cache https://registry.npmjs.org/ms 27ms (cache hit)
1479 silly packumentCache full:https://registry.npmjs.org/ms set size:92208 disposed:false
1480 http cache https://registry.npmjs.org/lru-cache 35ms (cache hit)
1481 silly packumentCache full:https://registry.npmjs.org/lru-cache set size:460407 disposed:false
1482 http cache https://registry.npmjs.org/@babel%2ftypes 43ms (cache hit)
1483 silly packumentCache full:https://registry.npmjs.org/@babel%2ftypes set size:502938 disposed:false
1484 http cache https://registry.npmjs.org/@babel%2ftypes 45ms (cache hit)
1485 silly packumentCache full:https://registry.npmjs.org/@babel%2ftypes set size:502938 disposed:false
1486 silly packumentCache full:https://registry.npmjs.org/@babel%2ftypes dispose
1487 http cache https://registry.npmjs.org/@babel%2ftypes 49ms (cache hit)
1488 silly packumentCache full:https://registry.npmjs.org/@babel%2ftypes set size:502938 disposed:true
1489 silly packumentCache full:https://registry.npmjs.org/@babel%2ftypes dispose
1490 http fetch GET 200 https://registry.npmjs.org/jsesc 89ms (cache miss)
1491 silly packumentCache full:https://registry.npmjs.org/jsesc set size:undefined disposed:false
1492 http fetch GET 200 https://registry.npmjs.org/@babel%2fhelper-globals 89ms (cache miss)
1493 silly packumentCache full:https://registry.npmjs.org/@babel%2fhelper-globals set size:undefined disposed:false
1494 http fetch GET 200 https://registry.npmjs.org/js-tokens 99ms (cache miss)
1495 silly packumentCache full:https://registry.npmjs.org/js-tokens set size:undefined disposed:false
1496 http fetch GET 200 https://registry.npmjs.org/@babel%2fhelper-validator-identifier 97ms (cache miss)
1497 silly packumentCache full:https://registry.npmjs.org/@babel%2fhelper-validator-identifier set size:undefined disposed:false
1498 http fetch GET 200 https://registry.npmjs.org/@babel%2fhelper-validator-option 100ms (cache miss)
1499 silly packumentCache full:https://registry.npmjs.org/@babel%2fhelper-validator-option set size:undefined disposed:false
1500 http fetch GET 200 https://registry.npmjs.org/@babel%2fhelper-validator-identifier 109ms (cache miss)
1501 silly packumentCache full:https://registry.npmjs.org/@babel%2fhelper-validator-identifier set size:undefined disposed:false
1502 http fetch GET 200 https://registry.npmjs.org/@babel%2fhelper-string-parser 106ms (cache miss)
1503 silly packumentCache full:https://registry.npmjs.org/@babel%2fhelper-string-parser set size:undefined disposed:false
1504 http fetch GET 200 https://registry.npmjs.org/@babel%2fhelper-validator-identifier 108ms (cache miss)
1505 silly packumentCache full:https://registry.npmjs.org/@babel%2fhelper-validator-identifier set size:undefined disposed:false
1506 http fetch GET 200 https://registry.npmjs.org/@babel%2fhelper-module-imports 113ms (cache miss)
1507 silly packumentCache full:https://registry.npmjs.org/@babel%2fhelper-module-imports set size:undefined disposed:false
1508 http fetch GET 200 https://registry.npmjs.org/@babel%2fcompat-data 116ms (cache miss)
1509 silly packumentCache full:https://registry.npmjs.org/@babel%2fcompat-data set size:undefined disposed:false
1510 silly placeDep ROOT @babel/helper-validator-identifier@7.29.7 OK for: @babel/code-frame@7.29.7 want: ^7.29.7
1511 silly placeDep ROOT js-tokens@4.0.0 OK for: @babel/code-frame@7.29.7 want: ^4.0.0
1512 silly placeDep ROOT picocolors@1.1.1 OK for: @babel/code-frame@7.29.7 want: ^1.1.1
1513 silly placeDep ROOT jsesc@3.1.0 OK for: @babel/generator@7.29.8 want: ^3.0.2
1514 silly placeDep ROOT @babel/compat-data@7.29.7 OK for: @babel/helper-compilation-targets@7.29.7 want: ^7.29.7
1515 silly placeDep ROOT @babel/helper-validator-option@7.29.7 OK for: @babel/helper-compilation-targets@7.29.7 want: ^7.29.7
1516 silly placeDep ROOT lru-cache@5.1.1 OK for: @babel/helper-compilation-targets@7.29.7 want: ^5.1.1
1517 silly placeDep node_modules/@babel/helper-compilation-targets semver@6.3.1 OK for: @babel/helper-compilation-targets@7.29.7 want: ^6.3.1
1518 silly fetch manifest yallist@^3.0.2
1519 silly packumentCache full:https://registry.npmjs.org/yallist cache-miss
1520 http cache https://registry.npmjs.org/yallist 4ms (cache hit)
1521 silly packumentCache full:https://registry.npmjs.org/yallist set size:34610 disposed:false
1522 silly placeDep ROOT @babel/helper-module-imports@7.29.7 OK for: @babel/helper-module-transforms@7.29.7 want: ^7.29.7
1523 silly placeDep ROOT @babel/helper-globals@7.29.7 OK for: @babel/traverse@7.29.8 want: ^7.29.7
1524 silly placeDep ROOT @babel/helper-string-parser@7.29.7 OK for: @babel/types@7.29.8 want: ^7.29.7
1525 silly placeDep ROOT @inquirer/core@10.3.2 OK for: @inquirer/confirm@5.1.21 want: ^10.3.2
1526 silly placeDep ROOT @inquirer/type@3.0.10 OK for: @inquirer/confirm@5.1.21 want: ^3.0.10
1527 silly fetch manifest cli-width@^4.1.0
1528 silly packumentCache full:https://registry.npmjs.org/cli-width cache-miss
1529 silly fetch manifest wrap-ansi@^6.2.0
1530 silly packumentCache full:https://registry.npmjs.org/wrap-ansi cache-hit
1531 silly fetch manifest mute-stream@^2.0.0
1532 silly packumentCache full:https://registry.npmjs.org/mute-stream cache-miss
1533 silly fetch manifest signal-exit@^4.1.0
1534 silly packumentCache full:https://registry.npmjs.org/signal-exit cache-miss
1535 silly fetch manifest @inquirer/ansi@^1.0.2
1536 silly packumentCache full:https://registry.npmjs.org/@inquirer%2fansi cache-miss
1537 silly fetch manifest yoctocolors-cjs@^2.1.3
1538 silly packumentCache full:https://registry.npmjs.org/yoctocolors-cjs cache-miss
1539 silly fetch manifest @inquirer/figures@^1.0.15
1540 silly packumentCache full:https://registry.npmjs.org/@inquirer%2ffigures cache-miss
1541 http cache https://registry.npmjs.org/@inquirer%2fansi 12ms (cache hit)
1542 silly packumentCache full:https://registry.npmjs.org/@inquirer%2fansi set size:29199 disposed:false
1543 http cache https://registry.npmjs.org/mute-stream 14ms (cache hit)
1544 silly packumentCache full:https://registry.npmjs.org/mute-stream set size:24413 disposed:false
1545 http cache https://registry.npmjs.org/cli-width 14ms (cache hit)
1546 silly packumentCache full:https://registry.npmjs.org/cli-width set size:24976 disposed:false
1547 http cache https://registry.npmjs.org/signal-exit 16ms (cache hit)
1548 silly packumentCache full:https://registry.npmjs.org/signal-exit set size:53489 disposed:false
1549 http cache https://registry.npmjs.org/@inquirer%2ffigures 16ms (cache hit)
1550 silly packumentCache full:https://registry.npmjs.org/@inquirer%2ffigures set size:59888 disposed:false
1551 http cache https://registry.npmjs.org/yoctocolors-cjs 17ms (cache hit)
1552 silly packumentCache full:https://registry.npmjs.org/yoctocolors-cjs set size:12865 disposed:false
1553 silly placeDep ROOT @inquirer/ansi@1.0.2 OK for: @inquirer/core@10.3.2 want: ^1.0.2
1554 silly placeDep ROOT @inquirer/figures@1.0.15 OK for: @inquirer/core@10.3.2 want: ^1.0.15
1555 silly placeDep ROOT cli-width@4.1.0 OK for: @inquirer/core@10.3.2 want: ^4.1.0
1556 silly placeDep ROOT mute-stream@2.0.0 OK for: @inquirer/core@10.3.2 want: ^2.0.0
1557 silly placeDep ROOT signal-exit@4.1.0 OK for: @inquirer/core@10.3.2 want: ^4.1.0
1558 silly placeDep ROOT wrap-ansi@6.2.0 OK for: @inquirer/core@10.3.2 want: ^6.2.0
1559 silly placeDep ROOT yoctocolors-cjs@2.1.3 OK for: @inquirer/core@10.3.2 want: ^2.1.3
1560 silly fetch manifest strip-ansi@^6.0.0
1561 silly packumentCache full:https://registry.npmjs.org/strip-ansi cache-miss
1562 silly fetch manifest ansi-styles@^4.0.0
1563 silly packumentCache full:https://registry.npmjs.org/ansi-styles cache-miss
1564 silly fetch manifest string-width@^4.1.0
1565 silly packumentCache full:https://registry.npmjs.org/string-width cache-hit
1566 http cache https://registry.npmjs.org/strip-ansi 5ms (cache hit)
1567 silly packumentCache full:https://registry.npmjs.org/strip-ansi set size:44998 disposed:false
1568 http cache https://registry.npmjs.org/ansi-styles 5ms (cache hit)
1569 silly packumentCache full:https://registry.npmjs.org/ansi-styles set size:71772 disposed:false
1570 silly placeDep ROOT @inquirer/checkbox@4.3.2 OK for: @inquirer/prompts@7.10.1 want: ^4.3.2
1571 silly placeDep ROOT @inquirer/editor@4.2.23 OK for: @inquirer/prompts@7.10.1 want: ^4.2.23
1572 silly placeDep ROOT @inquirer/expand@4.0.23 OK for: @inquirer/prompts@7.10.1 want: ^4.0.23
1573 silly placeDep ROOT @inquirer/input@4.3.1 OK for: @inquirer/prompts@7.10.1 want: ^4.3.1
1574 silly placeDep ROOT @inquirer/number@3.0.23 OK for: @inquirer/prompts@7.10.1 want: ^3.0.23
1575 silly placeDep ROOT @inquirer/password@4.0.23 OK for: @inquirer/prompts@7.10.1 want: ^4.0.23
1576 silly placeDep ROOT @inquirer/rawlist@4.1.11 OK for: @inquirer/prompts@7.10.1 want: ^4.1.11
1577 silly placeDep ROOT @inquirer/search@3.2.2 OK for: @inquirer/prompts@7.10.1 want: ^3.2.2
1578 silly placeDep ROOT @inquirer/select@4.4.2 OK for: @inquirer/prompts@7.10.1 want: ^4.4.2
1579 silly fetch manifest @inquirer/external-editor@^1.0.3
1580 silly packumentCache full:https://registry.npmjs.org/@inquirer%2fexternal-editor cache-miss
1581 http cache https://registry.npmjs.org/@inquirer%2fexternal-editor 4ms (cache hit)
1582 silly packumentCache full:https://registry.npmjs.org/@inquirer%2fexternal-editor set size:44413 disposed:false
1583 silly placeDep ROOT @inquirer/external-editor@1.0.3 OK for: @inquirer/editor@4.2.23 want: ^1.0.3
1584 silly fetch manifest chardet@^2.1.1
1585 silly packumentCache full:https://registry.npmjs.org/chardet cache-miss
1586 silly fetch manifest iconv-lite@^0.7.0
1587 silly packumentCache full:https://registry.npmjs.org/iconv-lite cache-miss
1588 http cache https://registry.npmjs.org/chardet 5ms (cache hit)
1589 silly packumentCache full:https://registry.npmjs.org/chardet set size:73855 disposed:false
1590 http cache https://registry.npmjs.org/iconv-lite 5ms (cache hit)
1591 silly packumentCache full:https://registry.npmjs.org/iconv-lite set size:126462 disposed:false
1592 silly placeDep ROOT chardet@2.2.0 OK for: @inquirer/external-editor@1.0.3 want: ^2.1.1
1593 silly placeDep ROOT iconv-lite@0.7.3 OK for: @inquirer/external-editor@1.0.3 want: ^0.7.0
1594 silly fetch manifest safer-buffer@>= 2.1.2 < 3.0.0
1595 silly packumentCache full:https://registry.npmjs.org/safer-buffer cache-miss
1596 http cache https://registry.npmjs.org/safer-buffer 4ms (cache hit)
1597 silly packumentCache full:https://registry.npmjs.org/safer-buffer set size:18521 disposed:false
1598 silly placeDep ROOT @jridgewell/resolve-uri@3.1.2 OK for: @jridgewell/trace-mapping@0.3.31 want: ^3.1.0
1599 silly placeDep ROOT @hono/node-server@2.1.1 OK for: @modelcontextprotocol/sdk@1.30.0 want: ^1.19.9 || ^2.0.5
1600 silly placeDep ROOT hono@4.13.5 OK for: @hono/node-server@2.1.1 want: ^4
1601 silly placeDep ROOT content-type@1.0.5 OK for: @modelcontextprotocol/sdk@1.30.0 want: ^1.0.5
1602 silly placeDep ROOT cors@2.8.6 OK for: @modelcontextprotocol/sdk@1.30.0 want: ^2.8.5
1603 silly placeDep ROOT cross-spawn@7.0.6 OK for: @modelcontextprotocol/sdk@1.30.0 want: ^7.0.5
1604 silly placeDep ROOT eventsource@3.0.7 OK for: @modelcontextprotocol/sdk@1.30.0 want: ^3.0.2
1605 silly placeDep ROOT eventsource-parser@3.1.1 OK for: @modelcontextprotocol/sdk@1.30.0 want: ^3.0.0
1606 silly placeDep ROOT express@5.2.1 OK for: @modelcontextprotocol/sdk@1.30.0 want: ^5.2.1
1607 silly placeDep ROOT express-rate-limit@8.7.0 OK for: @modelcontextprotocol/sdk@1.30.0 want: ^8.2.1
1608 silly placeDep ROOT jose@6.2.10 OK for: @modelcontextprotocol/sdk@1.30.0 want: ^6.1.3
1609 silly placeDep ROOT json-schema-typed@8.0.2 OK for: @modelcontextprotocol/sdk@1.30.0 want: ^8.0.2
1610 silly placeDep ROOT pkce-challenge@5.0.1 OK for: @modelcontextprotocol/sdk@1.30.0 want: ^5.0.0
1611 silly placeDep ROOT raw-body@3.0.2 OK for: @modelcontextprotocol/sdk@1.30.0 want: ^3.0.0
1612 silly placeDep ROOT zod-to-json-schema@3.25.2 OK for: @modelcontextprotocol/sdk@1.30.0 want: ^3.25.1
1613 silly fetch manifest object-assign@^4
1614 silly packumentCache full:https://registry.npmjs.org/object-assign cache-miss
1615 silly fetch manifest vary@^1
1616 silly packumentCache full:https://registry.npmjs.org/vary cache-miss
1617 silly fetch manifest which@^2.0.1
1618 silly packumentCache full:https://registry.npmjs.org/which cache-miss
1619 silly fetch manifest path-key@^3.1.0
1620 silly packumentCache full:https://registry.npmjs.org/path-key cache-miss
1621 silly fetch manifest shebang-command@^2.0.0
1622 silly packumentCache full:https://registry.npmjs.org/shebang-command cache-miss
1623 silly fetch manifest eventsource-parser@^3.0.1
1624 silly packumentCache full:https://registry.npmjs.org/eventsource-parser cache-hit
1625 silly fetch manifest qs@^6.14.0
1626 silly packumentCache full:https://registry.npmjs.org/qs cache-miss
1627 silly fetch manifest depd@^2.0.0
1628 silly packumentCache full:https://registry.npmjs.org/depd cache-miss
1629 silly fetch manifest etag@^1.8.1
1630 silly packumentCache full:https://registry.npmjs.org/etag cache-miss
1631 silly fetch manifest once@^1.4.0
1632 silly packumentCache full:https://registry.npmjs.org/once cache-miss
1633 silly fetch manifest send@^1.1.0
1634 silly packumentCache full:https://registry.npmjs.org/send cache-miss
1635 silly fetch manifest vary@^1.1.2
1636 silly packumentCache full:https://registry.npmjs.org/vary cache-miss
1637 silly fetch manifest fresh@^2.0.0
1638 silly packumentCache full:https://registry.npmjs.org/fresh cache-miss
1639 silly fetch manifest cookie@^0.7.1
1640 silly packumentCache full:https://registry.npmjs.org/cookie cache-miss
1641 silly fetch manifest router@^2.2.0
1642 silly packumentCache full:https://registry.npmjs.org/router cache-miss
1643 silly fetch manifest accepts@^2.0.0
1644 silly packumentCache full:https://registry.npmjs.org/accepts cache-miss
1645 http cache https://registry.npmjs.org/which 22ms (cache hit)
1646 silly packumentCache full:https://registry.npmjs.org/which set size:70087 disposed:false
1647 silly fetch manifest type-is@^2.0.1
1648 silly packumentCache full:https://registry.npmjs.org/type-is cache-miss
1649 http cache https://registry.npmjs.org/vary 23ms (cache hit)
1650 silly packumentCache full:https://registry.npmjs.org/vary set size:15994 disposed:false
1651 silly fetch manifest parseurl@^1.3.3
1652 silly packumentCache full:https://registry.npmjs.org/parseurl cache-miss
1653 http cache https://registry.npmjs.org/object-assign 24ms (cache hit)
1654 silly packumentCache full:https://registry.npmjs.org/object-assign set size:28988 disposed:false
1655 silly fetch manifest statuses@^2.0.1
1656 silly packumentCache full:https://registry.npmjs.org/statuses cache-miss
1657 http cache https://registry.npmjs.org/path-key 25ms (cache hit)
1658 silly packumentCache full:https://registry.npmjs.org/path-key set size:16975 disposed:false
1659 silly fetch manifest encodeurl@^2.0.0
1660 silly packumentCache full:https://registry.npmjs.org/encodeurl cache-miss
1661 http cache https://registry.npmjs.org/shebang-command 25ms (cache hit)
1662 silly packumentCache full:https://registry.npmjs.org/shebang-command set size:8525 disposed:false
1663 silly fetch manifest mime-types@^3.0.0
1664 silly packumentCache full:https://registry.npmjs.org/mime-types cache-miss
1665 http cache https://registry.npmjs.org/qs 27ms (cache hit)
1666 silly packumentCache full:https://registry.npmjs.org/qs set size:365613 disposed:false
1667 silly fetch manifest proxy-addr@^2.0.7
1668 silly packumentCache full:https://registry.npmjs.org/proxy-addr cache-miss
1669 http cache https://registry.npmjs.org/depd 31ms (cache hit)
1670 silly packumentCache full:https://registry.npmjs.org/depd set size:40182 disposed:false
1671 silly fetch manifest body-parser@^2.2.1
1672 silly packumentCache full:https://registry.npmjs.org/body-parser cache-miss
1673 http cache https://registry.npmjs.org/once 31ms (cache hit)
1674 silly packumentCache full:https://registry.npmjs.org/once set size:11752 disposed:false
1675 silly fetch manifest escape-html@^1.0.3
1676 silly packumentCache full:https://registry.npmjs.org/escape-html cache-miss
1677 http cache https://registry.npmjs.org/fresh 32ms (cache hit)
1678 silly packumentCache full:https://registry.npmjs.org/fresh set size:25427 disposed:false
1679 silly fetch manifest http-errors@^2.0.0
1680 silly packumentCache full:https://registry.npmjs.org/http-errors cache-miss
1681 http cache https://registry.npmjs.org/send 34ms (cache hit)
1682 silly packumentCache full:https://registry.npmjs.org/send set size:152810 disposed:false
1683 silly fetch manifest on-finished@^2.4.1
1684 silly packumentCache full:https://registry.npmjs.org/on-finished cache-miss
1685 http cache https://registry.npmjs.org/router 35ms (cache hit)
1686 silly packumentCache full:https://registry.npmjs.org/router set size:116499 disposed:false
1687 silly fetch manifest finalhandler@^2.1.0
1688 silly packumentCache full:https://registry.npmjs.org/finalhandler cache-miss
1689 http cache https://registry.npmjs.org/cookie 37ms (cache hit)
1690 silly packumentCache full:https://registry.npmjs.org/cookie set size:78274 disposed:false
1691 silly fetch manifest range-parser@^1.2.1
1692 silly packumentCache full:https://registry.npmjs.org/range-parser cache-miss
1693 http cache https://registry.npmjs.org/etag 40ms (cache hit)
1694 silly packumentCache full:https://registry.npmjs.org/etag set size:30032 disposed:false
1695 silly fetch manifest serve-static@^2.2.0
1696 silly packumentCache full:https://registry.npmjs.org/serve-static cache-miss
1697 http cache https://registry.npmjs.org/vary 41ms (cache hit)
1698 silly packumentCache full:https://registry.npmjs.org/vary set size:15994 disposed:false
1699 silly packumentCache full:https://registry.npmjs.org/vary dispose
1700 silly fetch manifest cookie-signature@^1.2.1
1701 silly packumentCache full:https://registry.npmjs.org/cookie-signature cache-miss
1702 http cache https://registry.npmjs.org/accepts 38ms (cache hit)
1703 silly packumentCache full:https://registry.npmjs.org/accepts set size:77054 disposed:false
1704 silly fetch manifest merge-descriptors@^2.0.0
1705 silly packumentCache full:https://registry.npmjs.org/merge-descriptors cache-miss
1706 http cache https://registry.npmjs.org/type-is 34ms (cache hit)
1707 silly packumentCache full:https://registry.npmjs.org/type-is set size:88614 disposed:false
1708 silly fetch manifest content-disposition@^1.0.0
1709 silly packumentCache full:https://registry.npmjs.org/content-disposition cache-miss
1710 http cache https://registry.npmjs.org/encodeurl 33ms (cache hit)
1711 silly packumentCache full:https://registry.npmjs.org/encodeurl set size:12296 disposed:false
1712 silly fetch manifest ip-address@^10.2.0
1713 silly packumentCache full:https://registry.npmjs.org/ip-address cache-miss
1714 http cache https://registry.npmjs.org/statuses 35ms (cache hit)
1715 silly packumentCache full:https://registry.npmjs.org/statuses set size:37117 disposed:false
1716 silly fetch manifest bytes@~3.1.2
1717 silly packumentCache full:https://registry.npmjs.org/bytes cache-miss
1718 http cache https://registry.npmjs.org/body-parser 30ms (cache hit)
1719 silly packumentCache full:https://registry.npmjs.org/body-parser set size:204559 disposed:false
1720 silly fetch manifest unpipe@~1.0.0
1721 silly packumentCache full:https://registry.npmjs.org/unpipe cache-miss
1722 http cache https://registry.npmjs.org/mime-types 39ms (cache hit)
1723 silly packumentCache full:https://registry.npmjs.org/mime-types set size:139110 disposed:false
1724 silly fetch manifest http-errors@~2.0.1
1725 silly packumentCache full:https://registry.npmjs.org/http-errors cache-miss
1726 http cache https://registry.npmjs.org/parseurl 45ms (cache hit)
1727 silly packumentCache full:https://registry.npmjs.org/parseurl set size:24148 disposed:false
1728 http cache https://registry.npmjs.org/proxy-addr 38ms (cache hit)
1729 silly packumentCache full:https://registry.npmjs.org/proxy-addr set size:61619 disposed:false
1730 http cache https://registry.npmjs.org/escape-html 37ms (cache hit)
1731 silly packumentCache full:https://registry.npmjs.org/escape-html set size:7345 disposed:false
1732 http cache https://registry.npmjs.org/http-errors 37ms (cache hit)
1733 silly packumentCache full:https://registry.npmjs.org/http-errors set size:71987 disposed:false
1734 http cache https://registry.npmjs.org/finalhandler 34ms (cache hit)
1735 silly packumentCache full:https://registry.npmjs.org/finalhandler set size:79291 disposed:false
1736 http cache https://registry.npmjs.org/on-finished 37ms (cache hit)
1737 silly packumentCache full:https://registry.npmjs.org/on-finished set size:23212 disposed:false
1738 http cache https://registry.npmjs.org/range-parser 34ms (cache hit)
1739 silly packumentCache full:https://registry.npmjs.org/range-parser set size:24852 disposed:false
1740 http cache https://registry.npmjs.org/serve-static 34ms (cache hit)
1741 silly packumentCache full:https://registry.npmjs.org/serve-static set size:150391 disposed:false
1742 http cache https://registry.npmjs.org/merge-descriptors 35ms (cache hit)
1743 silly packumentCache full:https://registry.npmjs.org/merge-descriptors set size:16527 disposed:false
1744 http cache https://registry.npmjs.org/cookie-signature 38ms (cache hit)
1745 silly packumentCache full:https://registry.npmjs.org/cookie-signature set size:21777 disposed:false
1746 http cache https://registry.npmjs.org/ip-address 27ms (cache hit)
1747 silly packumentCache full:https://registry.npmjs.org/ip-address set size:213599 disposed:false
1748 http cache https://registry.npmjs.org/content-disposition 30ms (cache hit)
1749 silly packumentCache full:https://registry.npmjs.org/content-disposition set size:45446 disposed:false
1750 http cache https://registry.npmjs.org/bytes 29ms (cache hit)
1751 silly packumentCache full:https://registry.npmjs.org/bytes set size:37018 disposed:false
1752 http cache https://registry.npmjs.org/unpipe 26ms (cache hit)
1753 silly packumentCache full:https://registry.npmjs.org/unpipe set size:3609 disposed:false
1754 http cache https://registry.npmjs.org/http-errors 25ms (cache hit)
1755 silly packumentCache full:https://registry.npmjs.org/http-errors set size:71987 disposed:false
1756 silly packumentCache full:https://registry.npmjs.org/http-errors dispose
1757 silly placeDep ROOT fast-deep-equal@3.1.3 OK for: ajv@8.18.0 want: ^3.1.3
1758 silly placeDep ROOT fast-uri@3.1.6 OK for: ajv@8.18.0 want: ^3.0.1
1759 silly placeDep ROOT json-schema-traverse@1.0.0 OK for: ajv@8.18.0 want: ^1.0.0
1760 silly placeDep ROOT require-from-string@2.0.2 OK for: ajv@8.18.0 want: ^2.0.2
1761 silly placeDep ROOT @algolia/abtesting@1.14.1 OK for: algoliasearch@5.48.1 want: 1.14.1
1762 silly placeDep ROOT @algolia/client-abtesting@5.48.1 OK for: algoliasearch@5.48.1 want: 5.48.1
1763 silly placeDep ROOT @algolia/client-analytics@5.48.1 OK for: algoliasearch@5.48.1 want: 5.48.1
1764 silly placeDep ROOT @algolia/client-common@5.48.1 OK for: algoliasearch@5.48.1 want: 5.48.1
1765 silly placeDep ROOT @algolia/client-insights@5.48.1 OK for: algoliasearch@5.48.1 want: 5.48.1
1766 silly placeDep ROOT @algolia/client-personalization@5.48.1 OK for: algoliasearch@5.48.1 want: 5.48.1
1767 silly placeDep ROOT @algolia/client-query-suggestions@5.48.1 OK for: algoliasearch@5.48.1 want: 5.48.1
1768 silly placeDep ROOT @algolia/client-search@5.48.1 OK for: algoliasearch@5.48.1 want: 5.48.1
1769 silly placeDep ROOT @algolia/ingestion@1.48.1 OK for: algoliasearch@5.48.1 want: 1.48.1
1770 silly placeDep ROOT @algolia/monitoring@1.48.1 OK for: algoliasearch@5.48.1 want: 1.48.1
1771 silly placeDep ROOT @algolia/recommend@5.48.1 OK for: algoliasearch@5.48.1 want: 5.48.1
1772 silly placeDep ROOT @algolia/requester-browser-xhr@5.48.1 OK for: algoliasearch@5.48.1 want: 5.48.1
1773 silly placeDep ROOT @algolia/requester-fetch@5.48.1 OK for: algoliasearch@5.48.1 want: 5.48.1
1774 silly placeDep ROOT @algolia/requester-node-http@5.48.1 OK for: algoliasearch@5.48.1 want: 5.48.1
1775 silly placeDep ROOT css-select@6.0.0 OK for: beasties@0.4.1 want: ^6.0.0
1776 silly placeDep ROOT css-what@7.0.0 OK for: beasties@0.4.1 want: ^7.0.0
1777 silly placeDep ROOT dom-serializer@2.0.0 OK for: beasties@0.4.1 want: ^2.0.0
1778 silly placeDep ROOT domhandler@5.0.3 OK for: beasties@0.4.1 want: ^5.0.3
1779 silly placeDep ROOT htmlparser2@10.1.0 OK for: beasties@0.4.1 want: ^10.0.0
1780 silly placeDep ROOT postcss@8.5.26 OK for: beasties@0.4.1 want: ^8.4.49
1781 silly placeDep ROOT postcss-media-query-parser@0.2.3 OK for: beasties@0.4.1 want: ^0.2.3
1782 silly placeDep ROOT postcss-safe-parser@7.0.1 OK for: beasties@0.4.1 want: ^7.0.1
1783 silly fetch manifest boolbase@^1.0.0
1784 silly packumentCache full:https://registry.npmjs.org/boolbase cache-miss
1785 silly fetch manifest domutils@^3.2.2
1786 silly packumentCache full:https://registry.npmjs.org/domutils cache-miss
1787 silly fetch manifest nth-check@^2.1.1
1788 silly packumentCache full:https://registry.npmjs.org/nth-check cache-miss
1789 silly fetch manifest entities@^4.2.0
1790 silly packumentCache full:https://registry.npmjs.org/entities cache-hit
1791 silly fetch manifest domhandler@^5.0.2
1792 silly packumentCache full:https://registry.npmjs.org/domhandler cache-miss
1793 silly fetch manifest domelementtype@^2.3.0
1794 silly packumentCache full:https://registry.npmjs.org/domelementtype cache-miss
1795 silly fetch manifest domelementtype@^2.3.0
1796 silly packumentCache full:https://registry.npmjs.org/domelementtype cache-miss
1797 silly fetch manifest domutils@^3.2.2
1798 silly packumentCache full:https://registry.npmjs.org/domutils cache-miss
1799 silly fetch manifest entities@^7.0.1
1800 silly packumentCache full:https://registry.npmjs.org/entities cache-hit
1801 silly fetch manifest domelementtype@^2.3.0
1802 silly packumentCache full:https://registry.npmjs.org/domelementtype cache-miss
1803 silly fetch manifest nanoid@^3.3.17
1804 silly packumentCache full:https://registry.npmjs.org/nanoid cache-miss
1805 silly fetch manifest source-map-js@^1.2.1
1806 silly packumentCache full:https://registry.npmjs.org/source-map-js cache-miss
1807 http cache https://registry.npmjs.org/domhandler 11ms (cache hit)
1808 silly packumentCache full:https://registry.npmjs.org/domhandler set size:78187 disposed:false
1809 http cache https://registry.npmjs.org/source-map-js 11ms (cache hit)
1810 silly packumentCache full:https://registry.npmjs.org/source-map-js set size:62640 disposed:false
1811 http fetch GET 200 https://registry.npmjs.org/boolbase 84ms (cache miss)
1812 silly packumentCache full:https://registry.npmjs.org/boolbase set size:undefined disposed:false
1813 http fetch GET 200 https://registry.npmjs.org/domutils 93ms (cache miss)
1814 silly packumentCache full:https://registry.npmjs.org/domutils set size:undefined disposed:false
1815 http fetch GET 200 https://registry.npmjs.org/nanoid 93ms (cache miss)
1816 silly packumentCache full:https://registry.npmjs.org/nanoid set size:undefined disposed:false
1817 http fetch GET 200 https://registry.npmjs.org/domutils 104ms (cache miss)
1818 silly packumentCache full:https://registry.npmjs.org/domutils set size:undefined disposed:false
1819 http fetch GET 200 https://registry.npmjs.org/domelementtype 240ms (cache miss)
1820 silly packumentCache full:https://registry.npmjs.org/domelementtype set size:undefined disposed:false
1821 http fetch GET 200 https://registry.npmjs.org/domelementtype 240ms (cache miss)
1822 silly packumentCache full:https://registry.npmjs.org/domelementtype set size:undefined disposed:false
1823 http fetch GET 200 https://registry.npmjs.org/domelementtype 241ms (cache miss)
1824 silly packumentCache full:https://registry.npmjs.org/domelementtype set size:undefined disposed:false
1825 http fetch GET 200 https://registry.npmjs.org/nth-check 286ms (cache miss)
1826 silly packumentCache full:https://registry.npmjs.org/nth-check set size:undefined disposed:false
1827 silly fetch manifest browserslist@>= 4.21.0
1828 silly packumentCache full:https://registry.npmjs.org/browserslist cache-miss
1829 http cache https://registry.npmjs.org/browserslist 6ms (cache hit)
1830 silly packumentCache full:https://registry.npmjs.org/browserslist set size:518659 disposed:false
1831 silly placeDep ROOT baseline-browser-mapping@2.11.20 OK for: browserslist@4.28.8 want: ^2.11.12
1832 silly placeDep ROOT caniuse-lite@1.0.30001810 OK for: browserslist@4.28.8 want: ^1.0.30001809
1833 silly placeDep ROOT electron-to-chromium@1.5.416 OK for: browserslist@4.28.8 want: ^1.5.402
1834 silly placeDep ROOT node-releases@2.0.54 OK for: browserslist@4.28.8 want: ^2.0.53
1835 silly placeDep ROOT update-browserslist-db@1.3.2 OK for: browserslist@4.28.8 want: ^1.3.0
1836 silly fetch manifest escalade@^3.2.0
1837 silly packumentCache full:https://registry.npmjs.org/escalade cache-hit
1838 silly placeDep ROOT readdirp@5.1.1 OK for: chokidar@5.0.0 want: ^5.0.0
1839 silly placeDep ROOT object-assign@4.1.1 OK for: cors@2.8.6 want: ^4
1840 silly placeDep ROOT vary@1.1.2 OK for: cors@2.8.6 want: ^1
1841 silly placeDep ROOT path-key@3.1.1 OK for: cross-spawn@7.0.6 want: ^3.1.0
1842 silly placeDep ROOT shebang-command@2.0.0 OK for: cross-spawn@7.0.6 want: ^2.0.0
1843 silly placeDep ROOT which@2.0.2 OK for: cross-spawn@7.0.6 want: ^2.0.1
1844 silly fetch manifest shebang-regex@^3.0.0
1845 silly packumentCache full:https://registry.npmjs.org/shebang-regex cache-miss
1846 silly fetch manifest isexe@^2.0.0
1847 silly packumentCache full:https://registry.npmjs.org/isexe cache-miss
1848 http cache https://registry.npmjs.org/isexe 4ms (cache hit)
1849 silly packumentCache full:https://registry.npmjs.org/isexe set size:31756 disposed:false
1850 http cache https://registry.npmjs.org/shebang-regex 5ms (cache hit)
1851 silly packumentCache full:https://registry.npmjs.org/shebang-regex set size:9763 disposed:false
1852 silly placeDep ROOT boolbase@1.0.0 OK for: css-select@6.0.0 want: ^1.0.0
1853 silly placeDep ROOT domutils@3.2.2 OK for: css-select@6.0.0 want: ^3.2.2
1854 silly placeDep ROOT nth-check@2.1.1 OK for: css-select@6.0.0 want: ^2.1.1
1855 silly placeDep ROOT ms@2.1.3 OK for: debug@4.4.3 want: ^2.1.3
1856 silly placeDep ROOT domelementtype@2.3.0 OK for: dom-serializer@2.0.0 want: ^2.3.0
1857 silly placeDep ROOT entities@4.5.0 OK for: dom-serializer@2.0.0 want: ^4.2.0
1858 silly placeDep ROOT @esbuild/aix-ppc64@0.28.1 OK for: esbuild@0.28.1 want: 0.28.1
1859 silly placeDep ROOT @esbuild/android-arm@0.28.1 OK for: esbuild@0.28.1 want: 0.28.1
1860 silly placeDep ROOT @esbuild/android-arm64@0.28.1 OK for: esbuild@0.28.1 want: 0.28.1
1861 silly placeDep ROOT @esbuild/android-x64@0.28.1 OK for: esbuild@0.28.1 want: 0.28.1
1862 silly placeDep ROOT @esbuild/darwin-arm64@0.28.1 OK for: esbuild@0.28.1 want: 0.28.1
1863 silly placeDep ROOT @esbuild/darwin-x64@0.28.1 OK for: esbuild@0.28.1 want: 0.28.1
1864 silly placeDep ROOT @esbuild/freebsd-arm64@0.28.1 OK for: esbuild@0.28.1 want: 0.28.1
1865 silly placeDep ROOT @esbuild/freebsd-x64@0.28.1 OK for: esbuild@0.28.1 want: 0.28.1
1866 silly placeDep ROOT @esbuild/linux-arm@0.28.1 OK for: esbuild@0.28.1 want: 0.28.1
1867 silly placeDep ROOT @esbuild/linux-arm64@0.28.1 OK for: esbuild@0.28.1 want: 0.28.1
1868 silly placeDep ROOT @esbuild/linux-ia32@0.28.1 OK for: esbuild@0.28.1 want: 0.28.1
1869 silly placeDep ROOT @esbuild/linux-loong64@0.28.1 OK for: esbuild@0.28.1 want: 0.28.1
1870 silly placeDep ROOT @esbuild/linux-mips64el@0.28.1 OK for: esbuild@0.28.1 want: 0.28.1
1871 silly placeDep ROOT @esbuild/linux-ppc64@0.28.1 OK for: esbuild@0.28.1 want: 0.28.1
1872 silly placeDep ROOT @esbuild/linux-riscv64@0.28.1 OK for: esbuild@0.28.1 want: 0.28.1
1873 silly placeDep ROOT @esbuild/linux-s390x@0.28.1 OK for: esbuild@0.28.1 want: 0.28.1
1874 silly placeDep ROOT @esbuild/linux-x64@0.28.1 OK for: esbuild@0.28.1 want: 0.28.1
1875 silly placeDep ROOT @esbuild/netbsd-arm64@0.28.1 OK for: esbuild@0.28.1 want: 0.28.1
1876 silly placeDep ROOT @esbuild/netbsd-x64@0.28.1 OK for: esbuild@0.28.1 want: 0.28.1
1877 silly placeDep ROOT @esbuild/openbsd-arm64@0.28.1 OK for: esbuild@0.28.1 want: 0.28.1
1878 silly placeDep ROOT @esbuild/openbsd-x64@0.28.1 OK for: esbuild@0.28.1 want: 0.28.1
1879 silly placeDep ROOT @esbuild/openharmony-arm64@0.28.1 OK for: esbuild@0.28.1 want: 0.28.1
1880 silly placeDep ROOT @esbuild/sunos-x64@0.28.1 OK for: esbuild@0.28.1 want: 0.28.1
1881 silly placeDep ROOT @esbuild/win32-arm64@0.28.1 OK for: esbuild@0.28.1 want: 0.28.1
1882 silly placeDep ROOT @esbuild/win32-ia32@0.28.1 OK for: esbuild@0.28.1 want: 0.28.1
1883 silly placeDep ROOT @esbuild/win32-x64@0.28.1 OK for: esbuild@0.28.1 want: 0.28.1
1884 silly placeDep ROOT accepts@2.0.0 OK for: express@5.2.1 want: ^2.0.0
1885 silly placeDep ROOT body-parser@2.3.0 OK for: express@5.2.1 want: ^2.2.1
1886 silly placeDep ROOT content-disposition@1.1.0 OK for: express@5.2.1 want: ^1.0.0
1887 silly placeDep ROOT cookie@0.7.2 OK for: express@5.2.1 want: ^0.7.1
1888 silly placeDep ROOT cookie-signature@1.2.2 OK for: express@5.2.1 want: ^1.2.1
1889 silly placeDep ROOT depd@2.0.0 OK for: express@5.2.1 want: ^2.0.0
1890 silly placeDep ROOT encodeurl@2.0.0 OK for: express@5.2.1 want: ^2.0.0
1891 silly placeDep ROOT escape-html@1.0.3 OK for: express@5.2.1 want: ^1.0.3
1892 silly placeDep ROOT etag@1.8.1 OK for: express@5.2.1 want: ^1.8.1
1893 silly placeDep ROOT finalhandler@2.1.1 OK for: express@5.2.1 want: ^2.1.0
1894 silly placeDep ROOT fresh@2.0.0 OK for: express@5.2.1 want: ^2.0.0
1895 silly placeDep ROOT http-errors@2.0.1 OK for: express@5.2.1 want: ^2.0.0
1896 silly placeDep ROOT merge-descriptors@2.0.0 OK for: express@5.2.1 want: ^2.0.0
1897 silly placeDep ROOT mime-types@3.0.2 OK for: express@5.2.1 want: ^3.0.0
1898 silly placeDep ROOT on-finished@2.4.1 OK for: express@5.2.1 want: ^2.4.1
1899 silly placeDep ROOT once@1.4.0 OK for: express@5.2.1 want: ^1.4.0
1900 silly placeDep ROOT parseurl@1.3.3 OK for: express@5.2.1 want: ^1.3.3
1901 silly placeDep ROOT proxy-addr@2.0.7 OK for: express@5.2.1 want: ^2.0.7
1902 silly placeDep ROOT qs@6.16.0 OK for: express@5.2.1 want: ^6.14.0
1903 silly placeDep ROOT range-parser@1.3.0 OK for: express@5.2.1 want: ^1.2.1
1904 silly placeDep ROOT router@2.2.0 OK for: express@5.2.1 want: ^2.2.0
1905 silly placeDep ROOT send@1.2.1 OK for: express@5.2.1 want: ^1.1.0
1906 silly placeDep ROOT serve-static@2.2.1 OK for: express@5.2.1 want: ^2.2.0
1907 silly placeDep ROOT statuses@2.0.2 OK for: express@5.2.1 want: ^2.0.1
1908 silly placeDep ROOT type-is@2.1.0 OK for: express@5.2.1 want: ^2.0.1
1909 silly fetch manifest negotiator@^1.0.0
1910 silly packumentCache full:https://registry.npmjs.org/negotiator cache-miss
1911 silly fetch manifest qs@^6.15.2
1912 silly packumentCache full:https://registry.npmjs.org/qs cache-hit
1913 silly fetch manifest bytes@^3.1.2
1914 silly packumentCache full:https://registry.npmjs.org/bytes cache-hit
1915 silly fetch manifest type-is@^2.1.0
1916 silly packumentCache full:https://registry.npmjs.org/type-is cache-hit
1917 silly fetch manifest http-errors@^2.0.1
1918 silly packumentCache full:https://registry.npmjs.org/http-errors cache-hit
1919 silly fetch manifest content-type@^2.0.0
1920 silly packumentCache full:https://registry.npmjs.org/content-type cache-hit
1921 silly fetch manifest inherits@~2.0.4
1922 silly packumentCache full:https://registry.npmjs.org/inherits cache-miss
1923 silly fetch manifest setprototypeof@~1.2.0
1924 silly packumentCache full:https://registry.npmjs.org/setprototypeof cache-miss
1925 silly fetch manifest statuses@~2.0.2
1926 silly packumentCache full:https://registry.npmjs.org/statuses cache-hit
1927 silly fetch manifest toidentifier@~1.0.1
1928 silly packumentCache full:https://registry.npmjs.org/toidentifier cache-miss
1929 silly fetch manifest mime-db@^1.54.0
1930 silly packumentCache full:https://registry.npmjs.org/mime-db cache-miss
1931 silly fetch manifest ee-first@1.1.1
1932 silly packumentCache full:https://registry.npmjs.org/ee-first cache-miss
1933 silly fetch manifest wrappy@1
1934 silly packumentCache full:https://registry.npmjs.org/wrappy cache-miss
1935 silly fetch manifest forwarded@0.2.0
1936 silly packumentCache full:https://registry.npmjs.org/forwarded cache-miss
1937 silly fetch manifest ipaddr.js@1.9.1
1938 silly packumentCache full:https://registry.npmjs.org/ipaddr.js cache-miss
1939 silly fetch manifest side-channel@^1.1.1
1940 silly packumentCache full:https://registry.npmjs.org/side-channel cache-miss
1941 silly fetch manifest es-define-property@^1.0.1
1942 silly packumentCache full:https://registry.npmjs.org/es-define-property cache-miss
1943 silly fetch manifest is-promise@^4.0.0
1944 silly packumentCache full:https://registry.npmjs.org/is-promise cache-miss
1945 silly fetch manifest path-to-regexp@^8.0.0
1946 silly packumentCache full:https://registry.npmjs.org/path-to-regexp cache-miss
1947 silly fetch manifest statuses@^2.0.2
1948 silly packumentCache full:https://registry.npmjs.org/statuses cache-hit
1949 silly fetch manifest media-typer@^1.1.0
1950 silly packumentCache full:https://registry.npmjs.org/media-typer cache-miss
1951 http cache https://registry.npmjs.org/setprototypeof 21ms (cache hit)
1952 silly packumentCache full:https://registry.npmjs.org/setprototypeof set size:14532 disposed:false
1953 http cache https://registry.npmjs.org/inherits 25ms (cache hit)
1954 silly packumentCache full:https://registry.npmjs.org/inherits set size:12925 disposed:false
1955 http cache https://registry.npmjs.org/toidentifier 23ms (cache hit)
1956 silly packumentCache full:https://registry.npmjs.org/toidentifier set size:12006 disposed:false
1957 http cache https://registry.npmjs.org/mime-db 22ms (cache hit)
1958 silly packumentCache full:https://registry.npmjs.org/mime-db set size:164953 disposed:false
1959 http cache https://registry.npmjs.org/negotiator 30ms (cache hit)
1960 silly packumentCache full:https://registry.npmjs.org/negotiator set size:56148 disposed:false
1961 http cache https://registry.npmjs.org/forwarded 25ms (cache hit)
1962 silly packumentCache full:https://registry.npmjs.org/forwarded set size:11229 disposed:false
1963 http cache https://registry.npmjs.org/side-channel 24ms (cache hit)
1964 silly packumentCache full:https://registry.npmjs.org/side-channel set size:27650 disposed:false
1965 http cache https://registry.npmjs.org/ee-first 28ms (cache hit)
1966 silly packumentCache full:https://registry.npmjs.org/ee-first set size:15327 disposed:false
1967 http cache https://registry.npmjs.org/ipaddr.js 28ms (cache hit)
1968 silly packumentCache full:https://registry.npmjs.org/ipaddr.js set size:84329 disposed:false
1969 http cache https://registry.npmjs.org/wrappy 29ms (cache hit)
1970 silly packumentCache full:https://registry.npmjs.org/wrappy set size:7682 disposed:false
1971 http cache https://registry.npmjs.org/es-define-property 28ms (cache hit)
1972 silly packumentCache full:https://registry.npmjs.org/es-define-property set size:8542 disposed:false
1973 http cache https://registry.npmjs.org/path-to-regexp 29ms (cache hit)
1974 silly packumentCache full:https://registry.npmjs.org/path-to-regexp set size:216334 disposed:false
1975 http cache https://registry.npmjs.org/media-typer 30ms (cache hit)
1976 silly packumentCache full:https://registry.npmjs.org/media-typer set size:22074 disposed:false
1977 http cache https://registry.npmjs.org/is-promise 32ms (cache hit)
1978 silly packumentCache full:https://registry.npmjs.org/is-promise set size:18599 disposed:false
1979 silly placeDep ROOT negotiator@1.1.0 OK for: accepts@2.0.0 want: ^1.0.0
1980 silly fetch manifest content-type@^2.1.0
1981 silly packumentCache full:https://registry.npmjs.org/content-type cache-hit
1982 silly placeDep ROOT bytes@3.1.2 OK for: body-parser@2.3.0 want: ^3.1.2
1983 silly placeDep node_modules/body-parser content-type@2.1.0 OK for: body-parser@2.3.0 want: ^2.0.0
1984 silly placeDep ROOT ip-address@10.7.0 OK for: express-rate-limit@8.7.0 want: ^10.2.0
1985 silly placeDep node_modules/htmlparser2 entities@7.0.1 OK for: htmlparser2@10.1.0 want: ^7.0.1
1986 silly placeDep ROOT inherits@2.0.4 OK for: http-errors@2.0.1 want: ~2.0.4
1987 silly placeDep ROOT setprototypeof@1.2.0 OK for: http-errors@2.0.1 want: ~1.2.0
1988 silly placeDep ROOT toidentifier@1.0.1 OK for: http-errors@2.0.1 want: ~1.0.1
1989 silly placeDep ROOT agent-base@7.1.4 OK for: https-proxy-agent@7.0.6 want: ^7.1.2
1990 silly placeDep ROOT safer-buffer@2.1.2 OK for: iconv-lite@0.7.3 want: >= 2.1.2 < 3.0.0
1991 silly placeDep ROOT @istanbuljs/schema@0.1.6 OK for: istanbul-lib-instrument@6.0.3 want: ^0.1.3
1992 silly placeDep ROOT istanbul-lib-coverage@3.2.2 OK for: istanbul-lib-instrument@6.0.3 want: ^3.2.0
1993 silly fetch manifest @noble/hashes@^1.8.0 || ^2.0.0
1994 silly packumentCache full:https://registry.npmjs.org/@noble%2fhashes cache-miss
1995 http fetch GET 200 https://registry.npmjs.org/@noble%2fhashes 105ms (cache miss)
1996 silly packumentCache full:https://registry.npmjs.org/@noble%2fhashes set size:undefined disposed:false
1997 silly placeDep ROOT @acemir/cssom@0.9.31 OK for: jsdom@28.1.0 want: ^0.9.31
1998 silly placeDep ROOT @asamuzakjp/dom-selector@6.8.1 OK for: jsdom@28.1.0 want: ^6.8.1
1999 silly placeDep ROOT @bramus/specificity@2.4.2 OK for: jsdom@28.1.0 want: ^2.4.2
2000 silly placeDep ROOT @exodus/bytes@1.15.1 OK for: jsdom@28.1.0 want: ^1.11.0
2001 silly placeDep ROOT cssstyle@6.2.0 OK for: jsdom@28.1.0 want: ^6.0.1
2002 silly placeDep ROOT data-urls@7.0.0 OK for: jsdom@28.1.0 want: ^7.0.0
2003 silly placeDep ROOT decimal.js@10.6.0 OK for: jsdom@28.1.0 want: ^10.6.0
2004 silly placeDep ROOT html-encoding-sniffer@6.0.0 OK for: jsdom@28.1.0 want: ^6.0.0
2005 silly placeDep ROOT http-proxy-agent@7.0.2 OK for: jsdom@28.1.0 want: ^7.0.2
2006 silly placeDep ROOT is-potential-custom-element-name@1.0.1 OK for: jsdom@28.1.0 want: ^1.0.1
2007 silly placeDep ROOT parse5@8.0.1 OK for: jsdom@28.1.0 want: ^8.0.0
2008 silly placeDep ROOT saxes@6.0.0 OK for: jsdom@28.1.0 want: ^6.0.0
2009 silly placeDep ROOT symbol-tree@3.2.4 OK for: jsdom@28.1.0 want: ^3.2.4
2010 silly placeDep ROOT tough-cookie@6.0.2 OK for: jsdom@28.1.0 want: ^6.0.0
2011 silly placeDep ROOT w3c-xmlserializer@5.0.0 OK for: jsdom@28.1.0 want: ^5.0.0
2012 silly placeDep ROOT webidl-conversions@8.0.1 OK for: jsdom@28.1.0 want: ^8.0.1
2013 silly placeDep ROOT whatwg-mimetype@5.0.0 OK for: jsdom@28.1.0 want: ^5.0.0
2014 silly placeDep ROOT whatwg-url@16.0.1 OK for: jsdom@28.1.0 want: ^16.0.0
2015 silly placeDep ROOT xml-name-validator@5.0.0 OK for: jsdom@28.1.0 want: ^5.0.0
2016 silly fetch manifest bidi-js@^1.0.3
2017 silly packumentCache full:https://registry.npmjs.org/bidi-js cache-miss
2018 silly fetch manifest css-tree@^3.1.0
2019 silly packumentCache full:https://registry.npmjs.org/css-tree cache-miss
2020 silly fetch manifest lru-cache@^11.2.6
2021 silly packumentCache full:https://registry.npmjs.org/lru-cache cache-hit
2022 silly fetch manifest @asamuzakjp/nwsapi@^2.3.9
2023 silly packumentCache full:https://registry.npmjs.org/@asamuzakjp%2fnwsapi cache-miss
2024 silly fetch manifest css-tree@^3.0.0
2025 silly packumentCache full:https://registry.npmjs.org/css-tree cache-miss
2026 silly fetch manifest @asamuzakjp/css-color@^5.0.1
2027 silly packumentCache full:https://registry.npmjs.org/@asamuzakjp%2fcss-color cache-miss
2028 silly fetch manifest @csstools/css-syntax-patches-for-csstree@^1.0.28
2029 silly packumentCache full:https://registry.npmjs.org/@csstools%2fcss-syntax-patches-for-csstree cache-miss
2030 silly fetch manifest css-tree@^3.1.0
2031 silly packumentCache full:https://registry.npmjs.org/css-tree cache-miss
2032 silly fetch manifest lru-cache@^11.2.6
2033 silly packumentCache full:https://registry.npmjs.org/lru-cache cache-hit
2034 silly fetch manifest entities@^8.0.0
2035 silly packumentCache full:https://registry.npmjs.org/entities cache-hit
2036 silly fetch manifest xmlchars@^2.2.0
2037 silly packumentCache full:https://registry.npmjs.org/xmlchars cache-miss
2038 silly fetch manifest tldts@^7.0.5
2039 silly packumentCache full:https://registry.npmjs.org/tldts cache-miss
2040 silly fetch manifest tr46@^6.0.0
2041 silly packumentCache full:https://registry.npmjs.org/tr46 cache-miss
2042 http fetch GET 200 https://registry.npmjs.org/xmlchars 89ms (cache miss)
2043 silly packumentCache full:https://registry.npmjs.org/xmlchars set size:undefined disposed:false
2044 http fetch GET 200 https://registry.npmjs.org/tr46 98ms (cache miss)
2045 silly packumentCache full:https://registry.npmjs.org/tr46 set size:undefined disposed:false
2046 http fetch GET 200 https://registry.npmjs.org/css-tree 112ms (cache miss)
2047 silly packumentCache full:https://registry.npmjs.org/css-tree set size:undefined disposed:false
2048 http fetch GET 200 https://registry.npmjs.org/css-tree 116ms (cache miss)
2049 silly packumentCache full:https://registry.npmjs.org/css-tree set size:undefined disposed:false
2050 http fetch GET 200 https://registry.npmjs.org/css-tree 118ms (cache miss)
2051 silly packumentCache full:https://registry.npmjs.org/css-tree set size:undefined disposed:false
2052 http fetch GET 200 https://registry.npmjs.org/@csstools%2fcss-syntax-patches-for-csstree 123ms (cache miss)
2053 silly packumentCache full:https://registry.npmjs.org/@csstools%2fcss-syntax-patches-for-csstree set size:undefined disposed:false
2054 http fetch GET 200 https://registry.npmjs.org/@asamuzakjp%2fnwsapi 125ms (cache miss)
2055 silly packumentCache full:https://registry.npmjs.org/@asamuzakjp%2fnwsapi set size:undefined disposed:false
2056 http fetch GET 200 https://registry.npmjs.org/@asamuzakjp%2fcss-color 131ms (cache miss)
2057 silly packumentCache full:https://registry.npmjs.org/@asamuzakjp%2fcss-color set size:undefined disposed:false
2058 http fetch GET 200 https://registry.npmjs.org/tldts 155ms (cache miss)
2059 silly packumentCache full:https://registry.npmjs.org/tldts set size:undefined disposed:false
2060 http fetch GET 200 https://registry.npmjs.org/bidi-js 237ms (cache miss)
2061 silly packumentCache full:https://registry.npmjs.org/bidi-js set size:undefined disposed:false
2062 silly placeDep ROOT @asamuzakjp/nwsapi@2.3.9 OK for: @asamuzakjp/dom-selector@6.8.1 want: ^2.3.9
2063 silly placeDep ROOT bidi-js@1.0.3 OK for: @asamuzakjp/dom-selector@6.8.1 want: ^1.0.3
2064 silly placeDep ROOT css-tree@3.2.1 OK for: @asamuzakjp/dom-selector@6.8.1 want: ^3.1.0
2065 silly placeDep node_modules/@asamuzakjp/dom-selector lru-cache@11.5.2 OK for: @asamuzakjp/dom-selector@6.8.1 want: ^11.2.6
2066 silly fetch manifest mdn-data@2.27.1
2067 silly packumentCache full:https://registry.npmjs.org/mdn-data cache-miss
2068 http fetch GET 200 https://registry.npmjs.org/mdn-data 86ms (cache miss)
2069 silly packumentCache full:https://registry.npmjs.org/mdn-data set size:undefined disposed:false
2070 silly placeDep ROOT mdn-data@2.27.1 OK for: css-tree@3.2.1 want: 2.27.1
2071 silly placeDep ROOT source-map-js@1.2.1 OK for: css-tree@3.2.1 want: ^1.2.1
2072 silly placeDep ROOT @asamuzakjp/css-color@5.1.11 OK for: cssstyle@6.2.0 want: ^5.0.1
2073 silly placeDep ROOT @csstools/css-syntax-patches-for-csstree@1.1.10 OK for: cssstyle@6.2.0 want: ^1.0.28
2074 silly placeDep node_modules/cssstyle lru-cache@11.5.2 OK for: cssstyle@6.2.0 want: ^11.2.6
2075 silly fetch manifest @csstools/css-calc@^3.2.0
2076 silly packumentCache full:https://registry.npmjs.org/@csstools%2fcss-calc cache-miss
2077 silly fetch manifest @csstools/css-tokenizer@^4.0.0
2078 silly packumentCache full:https://registry.npmjs.org/@csstools%2fcss-tokenizer cache-miss
2079 silly fetch manifest @csstools/css-color-parser@^4.1.0
2080 silly packumentCache full:https://registry.npmjs.org/@csstools%2fcss-color-parser cache-miss
2081 silly fetch manifest @asamuzakjp/generational-cache@^1.0.1
2082 silly packumentCache full:https://registry.npmjs.org/@asamuzakjp%2fgenerational-cache cache-miss
2083 silly fetch manifest @csstools/css-parser-algorithms@^4.0.0
2084 silly packumentCache full:https://registry.npmjs.org/@csstools%2fcss-parser-algorithms cache-miss
2085 http fetch GET 200 https://registry.npmjs.org/@csstools%2fcss-parser-algorithms 98ms (cache miss)
2086 silly packumentCache full:https://registry.npmjs.org/@csstools%2fcss-parser-algorithms set size:undefined disposed:false
2087 http fetch GET 200 https://registry.npmjs.org/@asamuzakjp%2fgenerational-cache 242ms (cache miss)
2088 silly packumentCache full:https://registry.npmjs.org/@asamuzakjp%2fgenerational-cache set size:undefined disposed:false
2089 http fetch GET 200 https://registry.npmjs.org/@csstools%2fcss-calc 387ms (cache miss)
2090 silly packumentCache full:https://registry.npmjs.org/@csstools%2fcss-calc set size:undefined disposed:false
2091 http fetch GET 200 https://registry.npmjs.org/@csstools%2fcss-tokenizer 543ms (cache miss)
2092 silly packumentCache full:https://registry.npmjs.org/@csstools%2fcss-tokenizer set size:undefined disposed:false
2093 http fetch GET 200 https://registry.npmjs.org/@csstools%2fcss-color-parser 653ms (cache miss)
2094 silly packumentCache full:https://registry.npmjs.org/@csstools%2fcss-color-parser set size:undefined disposed:false
2095 silly placeDep ROOT @asamuzakjp/generational-cache@1.0.1 OK for: @asamuzakjp/css-color@5.1.11 want: ^1.0.1
2096 silly placeDep ROOT @csstools/css-calc@3.3.0 OK for: @asamuzakjp/css-color@5.1.11 want: ^3.2.0
2097 silly placeDep ROOT @csstools/css-parser-algorithms@4.0.0 OK for: @csstools/css-calc@3.3.0 want: ^4.0.0
2098 silly placeDep ROOT @csstools/css-tokenizer@4.0.0 OK for: @csstools/css-parser-algorithms@4.0.0 want: ^4.0.0
2099 silly placeDep ROOT @csstools/css-color-parser@4.2.2 OK for: @asamuzakjp/css-color@5.1.11 want: ^4.1.0
2100 silly fetch manifest @csstools/color-helpers@^6.1.1
2101 silly packumentCache full:https://registry.npmjs.org/@csstools%2fcolor-helpers cache-miss
2102 http fetch GET 200 https://registry.npmjs.org/@csstools%2fcolor-helpers 98ms (cache miss)
2103 silly packumentCache full:https://registry.npmjs.org/@csstools%2fcolor-helpers set size:undefined disposed:false
2104 silly placeDep ROOT @csstools/color-helpers@6.1.1 OK for: @csstools/css-color-parser@4.2.2 want: ^6.1.1
2105 silly placeDep ROOT cli-truncate@5.2.0 OK for: listr2@9.0.5 want: ^5.0.0
2106 silly placeDep ROOT colorette@2.0.20 OK for: listr2@9.0.5 want: ^2.0.20
2107 silly placeDep ROOT eventemitter3@5.0.4 OK for: listr2@9.0.5 want: ^5.0.1
2108 silly placeDep ROOT log-update@6.1.0 OK for: listr2@9.0.5 want: ^6.1.0
2109 silly placeDep ROOT rfdc@1.4.1 OK for: listr2@9.0.5 want: ^1.4.1
2110 silly placeDep node_modules/listr2 wrap-ansi@9.0.2 OK for: listr2@9.0.5 want: ^9.0.0
2111 silly fetch manifest slice-ansi@^8.0.0
2112 silly packumentCache full:https://registry.npmjs.org/slice-ansi cache-miss
2113 silly fetch manifest string-width@^8.2.0
2114 silly packumentCache full:https://registry.npmjs.org/string-width cache-hit
2115 silly fetch manifest slice-ansi@^7.1.0
2116 silly packumentCache full:https://registry.npmjs.org/slice-ansi cache-miss
2117 silly fetch manifest strip-ansi@^7.1.0
2118 silly packumentCache full:https://registry.npmjs.org/strip-ansi cache-hit
2119 silly fetch manifest ansi-escapes@^7.0.0
2120 silly packumentCache full:https://registry.npmjs.org/ansi-escapes cache-miss
2121 silly fetch manifest strip-ansi@^7.1.0
2122 silly packumentCache full:https://registry.npmjs.org/strip-ansi cache-hit
2123 silly fetch manifest ansi-styles@^6.2.1
2124 silly packumentCache full:https://registry.npmjs.org/ansi-styles cache-hit
2125 silly fetch manifest string-width@^7.0.0
2126 silly packumentCache full:https://registry.npmjs.org/string-width cache-hit
2127 http cache https://registry.npmjs.org/slice-ansi 29ms (cache hit)
2128 silly packumentCache full:https://registry.npmjs.org/slice-ansi set size:36418 disposed:false
2129 http cache https://registry.npmjs.org/ansi-escapes 29ms (cache hit)
2130 silly packumentCache full:https://registry.npmjs.org/ansi-escapes set size:70915 disposed:false
2131 http cache https://registry.npmjs.org/slice-ansi 33ms (cache hit)
2132 silly packumentCache full:https://registry.npmjs.org/slice-ansi set size:36418 disposed:false
2133 silly packumentCache full:https://registry.npmjs.org/slice-ansi dispose
2134 silly placeDep ROOT slice-ansi@8.0.0 OK for: cli-truncate@5.2.0 want: ^8.0.0
2135 silly placeDep ROOT string-width@8.2.2 OK for: cli-truncate@5.2.0 want: ^8.2.0
2136 silly fetch manifest ansi-styles@^6.2.3
2137 silly packumentCache full:https://registry.npmjs.org/ansi-styles cache-hit
2138 silly fetch manifest is-fullwidth-code-point@^5.1.0
2139 silly packumentCache full:https://registry.npmjs.org/is-fullwidth-code-point cache-miss
2140 silly fetch manifest get-east-asian-width@^1.5.0
2141 silly packumentCache full:https://registry.npmjs.org/get-east-asian-width cache-miss
2142 silly fetch manifest strip-ansi@^7.1.2
2143 silly packumentCache full:https://registry.npmjs.org/strip-ansi cache-hit
2144 http cache https://registry.npmjs.org/get-east-asian-width 5ms (cache hit)
2145 silly packumentCache full:https://registry.npmjs.org/get-east-asian-width set size:20538 disposed:false
2146 http cache https://registry.npmjs.org/is-fullwidth-code-point 5ms (cache hit)
2147 silly packumentCache full:https://registry.npmjs.org/is-fullwidth-code-point set size:14578 disposed:false
2148 silly placeDep ROOT @harperfast/extended-iterable@1.0.3 OK for: lmdb@3.5.1 want: ^1.0.3
2149 silly placeDep ROOT @lmdb/lmdb-darwin-arm64@3.5.1 OK for: lmdb@3.5.1 want: 3.5.1
2150 silly placeDep ROOT @lmdb/lmdb-darwin-x64@3.5.1 OK for: lmdb@3.5.1 want: 3.5.1
2151 silly placeDep ROOT @lmdb/lmdb-linux-arm@3.5.1 OK for: lmdb@3.5.1 want: 3.5.1
2152 silly placeDep ROOT @lmdb/lmdb-linux-arm64@3.5.1 OK for: lmdb@3.5.1 want: 3.5.1
2153 silly placeDep ROOT @lmdb/lmdb-linux-x64@3.5.1 OK for: lmdb@3.5.1 want: 3.5.1
2154 silly placeDep ROOT @lmdb/lmdb-win32-arm64@3.5.1 OK for: lmdb@3.5.1 want: 3.5.1
2155 silly placeDep ROOT @lmdb/lmdb-win32-x64@3.5.1 OK for: lmdb@3.5.1 want: 3.5.1
2156 silly placeDep ROOT msgpackr@1.12.1 OK for: lmdb@3.5.1 want: ^1.11.2
2157 silly placeDep ROOT node-addon-api@6.1.0 OK for: lmdb@3.5.1 want: ^6.1.0
2158 silly placeDep ROOT node-gyp-build-optional-packages@5.2.2 OK for: lmdb@3.5.1 want: 5.2.2
2159 silly placeDep ROOT ordered-binary@1.6.1 OK for: lmdb@3.5.1 want: ^1.5.3
2160 silly placeDep ROOT weak-lru-cache@1.2.2 OK for: lmdb@3.5.1 want: ^1.2.2
2161 silly fetch manifest msgpackr-extract@^3.0.2
2162 silly packumentCache full:https://registry.npmjs.org/msgpackr-extract cache-miss
2163 silly fetch manifest detect-libc@^2.0.1
2164 silly packumentCache full:https://registry.npmjs.org/detect-libc cache-miss
2165 http fetch GET 200 https://registry.npmjs.org/detect-libc 90ms (cache miss)
2166 silly packumentCache full:https://registry.npmjs.org/detect-libc set size:undefined disposed:false
2167 http fetch GET 200 https://registry.npmjs.org/msgpackr-extract 94ms (cache miss)
2168 silly packumentCache full:https://registry.npmjs.org/msgpackr-extract set size:undefined disposed:false
2169 silly placeDep ROOT ansi-escapes@7.3.0 OK for: log-update@6.1.0 want: ^7.0.0
2170 silly placeDep ROOT cli-cursor@5.0.0 OK for: log-update@6.1.0 want: ^5.0.0
2171 silly placeDep node_modules/log-update slice-ansi@7.1.2 OK for: log-update@6.1.0 want: ^7.1.0
2172 silly placeDep ROOT strip-ansi@7.2.0 OK for: log-update@6.1.0 want: ^7.1.0
2173 silly placeDep node_modules/log-update wrap-ansi@9.0.2 OK for: log-update@6.1.0 want: ^9.0.0
2174 silly fetch manifest environment@^1.0.0
2175 silly packumentCache full:https://registry.npmjs.org/environment cache-miss
2176 silly fetch manifest restore-cursor@^5.0.0
2177 silly packumentCache full:https://registry.npmjs.org/restore-cursor cache-miss
2178 silly fetch manifest is-fullwidth-code-point@^5.0.0
2179 silly packumentCache full:https://registry.npmjs.org/is-fullwidth-code-point cache-hit
2180 silly fetch manifest ansi-regex@^6.2.2
2181 silly packumentCache full:https://registry.npmjs.org/ansi-regex cache-miss
2182 http cache https://registry.npmjs.org/environment 5ms (cache hit)
2183 silly packumentCache full:https://registry.npmjs.org/environment set size:13915 disposed:false
2184 http cache https://registry.npmjs.org/restore-cursor 6ms (cache hit)
2185 silly packumentCache full:https://registry.npmjs.org/restore-cursor set size:17895 disposed:false
2186 http cache https://registry.npmjs.org/ansi-regex 5ms (cache hit)
2187 silly packumentCache full:https://registry.npmjs.org/ansi-regex set size:48203 disposed:false
2188 silly placeDep ROOT environment@1.1.0 OK for: ansi-escapes@7.3.0 want: ^1.0.0
2189 silly placeDep ROOT restore-cursor@5.1.0 OK for: cli-cursor@5.0.0 want: ^5.0.0
2190 silly fetch manifest onetime@^7.0.0
2191 silly packumentCache full:https://registry.npmjs.org/onetime cache-miss
2192 http cache https://registry.npmjs.org/onetime 3ms (cache hit)
2193 silly packumentCache full:https://registry.npmjs.org/onetime set size:32314 disposed:false
2194 silly placeDep ROOT yallist@3.1.1 OK for: lru-cache@5.1.1 want: ^3.0.2
2195 silly placeDep ROOT mime-db@1.54.0 OK for: mime-types@3.0.2 want: ^1.54.0
2196 silly placeDep ROOT msgpackr-extract@3.0.4 OK for: msgpackr@1.12.1 want: ^3.0.2
2197 silly fetch manifest @msgpackr-extract/msgpackr-extract-darwin-arm64@3.0.4
2198 silly packumentCache full:https://registry.npmjs.org/@msgpackr-extract%2fmsgpackr-extract-darwin-arm64 cache-miss
2199 silly fetch manifest @msgpackr-extract/msgpackr-extract-darwin-x64@3.0.4
2200 silly packumentCache full:https://registry.npmjs.org/@msgpackr-extract%2fmsgpackr-extract-darwin-x64 cache-miss
2201 silly fetch manifest @msgpackr-extract/msgpackr-extract-linux-arm@3.0.4
2202 silly packumentCache full:https://registry.npmjs.org/@msgpackr-extract%2fmsgpackr-extract-linux-arm cache-miss
2203 silly fetch manifest @msgpackr-extract/msgpackr-extract-linux-arm64@3.0.4
2204 silly packumentCache full:https://registry.npmjs.org/@msgpackr-extract%2fmsgpackr-extract-linux-arm64 cache-miss
2205 silly fetch manifest @msgpackr-extract/msgpackr-extract-linux-x64@3.0.4
2206 silly packumentCache full:https://registry.npmjs.org/@msgpackr-extract%2fmsgpackr-extract-linux-x64 cache-miss
2207 silly fetch manifest @msgpackr-extract/msgpackr-extract-win32-x64@3.0.4
2208 silly packumentCache full:https://registry.npmjs.org/@msgpackr-extract%2fmsgpackr-extract-win32-x64 cache-miss
2209 http fetch GET 200 https://registry.npmjs.org/@msgpackr-extract%2fmsgpackr-extract-linux-x64 230ms (cache miss)
2210 silly packumentCache full:https://registry.npmjs.org/@msgpackr-extract%2fmsgpackr-extract-linux-x64 set size:undefined disposed:false
2211 http fetch GET 200 https://registry.npmjs.org/@msgpackr-extract%2fmsgpackr-extract-darwin-arm64 262ms (cache miss)
2212 silly packumentCache full:https://registry.npmjs.org/@msgpackr-extract%2fmsgpackr-extract-darwin-arm64 set size:undefined disposed:false
2213 http fetch GET 200 https://registry.npmjs.org/@msgpackr-extract%2fmsgpackr-extract-darwin-x64 272ms (cache miss)
2214 silly packumentCache full:https://registry.npmjs.org/@msgpackr-extract%2fmsgpackr-extract-darwin-x64 set size:undefined disposed:false
2215 http fetch GET 200 https://registry.npmjs.org/@msgpackr-extract%2fmsgpackr-extract-linux-arm64 315ms (cache miss)
2216 silly packumentCache full:https://registry.npmjs.org/@msgpackr-extract%2fmsgpackr-extract-linux-arm64 set size:undefined disposed:false
2217 http fetch GET 200 https://registry.npmjs.org/@msgpackr-extract%2fmsgpackr-extract-win32-x64 385ms (cache miss)
2218 silly packumentCache full:https://registry.npmjs.org/@msgpackr-extract%2fmsgpackr-extract-win32-x64 set size:undefined disposed:false
2219 http fetch GET 200 https://registry.npmjs.org/@msgpackr-extract%2fmsgpackr-extract-linux-arm 440ms (cache miss)
2220 silly packumentCache full:https://registry.npmjs.org/@msgpackr-extract%2fmsgpackr-extract-linux-arm set size:undefined disposed:false
2221 silly placeDep ROOT @msgpackr-extract/msgpackr-extract-darwin-arm64@3.0.4 OK for: msgpackr-extract@3.0.4 want: 3.0.4
2222 silly placeDep ROOT @msgpackr-extract/msgpackr-extract-darwin-x64@3.0.4 OK for: msgpackr-extract@3.0.4 want: 3.0.4
2223 silly placeDep ROOT @msgpackr-extract/msgpackr-extract-linux-arm@3.0.4 OK for: msgpackr-extract@3.0.4 want: 3.0.4
2224 silly placeDep ROOT @msgpackr-extract/msgpackr-extract-linux-arm64@3.0.4 OK for: msgpackr-extract@3.0.4 want: 3.0.4
2225 silly placeDep ROOT @msgpackr-extract/msgpackr-extract-linux-x64@3.0.4 OK for: msgpackr-extract@3.0.4 want: 3.0.4
2226 silly placeDep ROOT @msgpackr-extract/msgpackr-extract-win32-x64@3.0.4 OK for: msgpackr-extract@3.0.4 want: 3.0.4
2227 silly placeDep node_modules/negotiator content-type@2.1.0 OK for: negotiator@1.1.0 want: ^2.1.0
2228 silly placeDep ROOT detect-libc@2.1.2 OK for: node-gyp-build-optional-packages@5.2.2 want: ^2.0.1
2229 silly placeDep ROOT hosted-git-info@9.0.3 OK for: npm-package-arg@13.0.2 want: ^9.0.0
2230 silly placeDep ROOT proc-log@6.1.0 OK for: npm-package-arg@13.0.2 want: ^6.0.0
2231 silly placeDep ROOT validate-npm-package-name@7.0.2 OK for: npm-package-arg@13.0.2 want: ^7.0.0
2232 silly fetch manifest lru-cache@^11.1.0
2233 silly packumentCache full:https://registry.npmjs.org/lru-cache cache-hit
2234 silly placeDep node_modules/hosted-git-info lru-cache@11.5.2 OK for: hosted-git-info@9.0.3 want: ^11.1.0
2235 silly placeDep ROOT ee-first@1.1.1 OK for: on-finished@2.4.1 want: 1.1.1
2236 silly placeDep ROOT wrappy@1.0.2 OK for: once@1.4.0 want: 1
2237 silly placeDep ROOT chalk@5.6.2 OK for: ora@9.3.0 want: ^5.6.2
2238 silly placeDep ROOT cli-spinners@3.4.0 OK for: ora@9.3.0 want: ^3.2.0
2239 silly placeDep ROOT is-interactive@2.0.0 OK for: ora@9.3.0 want: ^2.0.0
2240 silly placeDep ROOT is-unicode-supported@2.1.0 OK for: ora@9.3.0 want: ^2.1.0
2241 silly placeDep ROOT log-symbols@7.0.1 OK for: ora@9.3.0 want: ^7.0.1
2242 silly placeDep ROOT stdin-discarder@0.3.2 OK for: ora@9.3.0 want: ^0.3.1
2243 silly fetch manifest yoctocolors@^2.1.1
2244 silly packumentCache full:https://registry.npmjs.org/yoctocolors cache-miss
2245 http cache https://registry.npmjs.org/yoctocolors 3ms (cache hit)
2246 silly packumentCache full:https://registry.npmjs.org/yoctocolors set size:29077 disposed:false
2247 silly placeDep ROOT yoctocolors@2.2.0 OK for: log-symbols@7.0.1 want: ^2.1.1
2248 silly placeDep ROOT @gar/promise-retry@1.0.3 OK for: pacote@21.5.1 want: ^1.0.0
2249 silly placeDep ROOT @npmcli/git@7.0.2 OK for: pacote@21.5.1 want: ^7.0.0
2250 silly placeDep ROOT @npmcli/installed-package-contents@4.0.0 OK for: pacote@21.5.1 want: ^4.0.0
2251 silly placeDep ROOT @npmcli/package-json@7.0.5 OK for: pacote@21.5.1 want: ^7.0.0
2252 silly placeDep ROOT @npmcli/promise-spawn@9.0.1 OK for: pacote@21.5.1 want: ^9.0.0
2253 silly placeDep ROOT @npmcli/run-script@10.0.4 OK for: pacote@21.5.1 want: ^10.0.0
2254 silly placeDep ROOT cacache@20.0.4 OK for: pacote@21.5.1 want: ^20.0.0
2255 silly placeDep ROOT fs-minipass@3.0.3 OK for: pacote@21.5.1 want: ^3.0.0
2256 silly placeDep ROOT minipass@7.1.3 OK for: pacote@21.5.1 want: ^7.0.2
2257 silly placeDep ROOT npm-packlist@10.0.4 OK for: pacote@21.5.1 want: ^10.0.1
2258 silly placeDep ROOT npm-pick-manifest@11.0.3 OK for: pacote@21.5.1 want: ^11.0.1
2259 silly placeDep ROOT npm-registry-fetch@19.1.1 OK for: pacote@21.5.1 want: ^19.0.0
2260 silly placeDep ROOT sigstore@4.1.1 OK for: pacote@21.5.1 want: ^4.0.0
2261 silly placeDep ROOT ssri@13.0.1 OK for: pacote@21.5.1 want: ^13.0.0
2262 silly placeDep ROOT tar@7.5.22 OK for: pacote@21.5.1 want: ^7.4.3
2263 silly fetch manifest which@^6.0.0
2264 silly packumentCache full:https://registry.npmjs.org/which cache-hit
2265 silly fetch manifest lru-cache@^11.2.1
2266 silly packumentCache full:https://registry.npmjs.org/lru-cache cache-hit
2267 silly fetch manifest npm-bundled@^5.0.0
2268 silly packumentCache full:https://registry.npmjs.org/npm-bundled cache-miss
2269 silly fetch manifest npm-normalize-package-bin@^5.0.0
2270 silly packumentCache full:https://registry.npmjs.org/npm-normalize-package-bin cache-miss
2271 silly fetch manifest glob@^13.0.0
2272 silly packumentCache full:https://registry.npmjs.org/glob cache-miss
2273 silly fetch manifest spdx-expression-parse@^4.0.0
2274 silly packumentCache full:https://registry.npmjs.org/spdx-expression-parse cache-miss
2275 silly fetch manifest json-parse-even-better-errors@^5.0.0
2276 silly packumentCache full:https://registry.npmjs.org/json-parse-even-better-errors cache-miss
2277 silly fetch manifest which@^6.0.0
2278 silly packumentCache full:https://registry.npmjs.org/which cache-hit
2279 silly fetch manifest node-gyp@^12.1.0
2280 silly packumentCache full:https://registry.npmjs.org/node-gyp cache-miss
2281 silly fetch manifest @npmcli/node-gyp@^5.0.0
2282 silly packumentCache full:https://registry.npmjs.org/@npmcli%2fnode-gyp cache-miss
2283 silly fetch manifest glob@^13.0.0
2284 silly packumentCache full:https://registry.npmjs.org/glob cache-miss
2285 silly fetch manifest p-map@^7.0.2
2286 silly packumentCache full:https://registry.npmjs.org/p-map cache-miss
2287 silly fetch manifest minipass@^7.0.3
2288 silly packumentCache full:https://registry.npmjs.org/minipass cache-hit
2289 silly fetch manifest @npmcli/fs@^5.0.0
2290 silly packumentCache full:https://registry.npmjs.org/@npmcli%2ffs cache-miss
2291 silly fetch manifest minipass-flush@^1.0.5
2292 silly packumentCache full:https://registry.npmjs.org/minipass-flush cache-miss
2293 silly fetch manifest minipass-collect@^2.0.1
2294 silly packumentCache full:https://registry.npmjs.org/minipass-collect cache-miss
2295 silly fetch manifest minipass-pipeline@^1.2.4
2296 silly packumentCache full:https://registry.npmjs.org/minipass-pipeline cache-miss
2297 silly fetch manifest ignore-walk@^8.0.0
2298 silly packumentCache full:https://registry.npmjs.org/ignore-walk cache-miss
2299 silly fetch manifest npm-install-checks@^8.0.0
2300 silly packumentCache full:https://registry.npmjs.org/npm-install-checks cache-miss
2301 http cache https://registry.npmjs.org/npm-normalize-package-bin 46ms (cache hit)
2302 silly packumentCache full:https://registry.npmjs.org/npm-normalize-package-bin set size:24405 disposed:false
2303 silly fetch manifest minizlib@^3.0.1
2304 silly packumentCache full:https://registry.npmjs.org/minizlib cache-miss
2305 http cache https://registry.npmjs.org/json-parse-even-better-errors 46ms (cache hit)
2306 silly packumentCache full:https://registry.npmjs.org/json-parse-even-better-errors set size:37218 disposed:false
2307 silly fetch manifest jsonparse@^1.3.1
2308 silly packumentCache full:https://registry.npmjs.org/jsonparse cache-miss
2309 http cache https://registry.npmjs.org/spdx-expression-parse 48ms (cache hit)
2310 silly packumentCache full:https://registry.npmjs.org/spdx-expression-parse set size:31758 disposed:false
2311 silly fetch manifest @npmcli/redact@^4.0.0
2312 silly packumentCache full:https://registry.npmjs.org/@npmcli%2fredact cache-miss
2313 http cache https://registry.npmjs.org/glob 50ms (cache hit)
2314 silly packumentCache full:https://registry.npmjs.org/glob set size:469465 disposed:false
2315 silly fetch manifest minipass-fetch@^5.0.0
2316 silly packumentCache full:https://registry.npmjs.org/minipass-fetch cache-miss
2317 http cache https://registry.npmjs.org/npm-bundled 54ms (cache hit)
2318 silly packumentCache full:https://registry.npmjs.org/npm-bundled set size:43748 disposed:false
2319 silly fetch manifest make-fetch-happen@^15.0.0
2320 silly packumentCache full:https://registry.npmjs.org/make-fetch-happen cache-miss
2321 http cache https://registry.npmjs.org/@npmcli%2ffs 52ms (cache hit)
2322 silly packumentCache full:https://registry.npmjs.org/@npmcli%2ffs set size:42808 disposed:false
2323 silly fetch manifest @sigstore/tuf@^4.0.2
2324 silly packumentCache full:https://registry.npmjs.org/@sigstore%2ftuf cache-miss
2325 http cache https://registry.npmjs.org/node-gyp 56ms (cache hit)
2326 silly packumentCache full:https://registry.npmjs.org/node-gyp set size:328165 disposed:false
2327 silly fetch manifest @sigstore/core@^3.2.1
2328 silly packumentCache full:https://registry.npmjs.org/@sigstore%2fcore cache-miss
2329 http cache https://registry.npmjs.org/glob 58ms (cache hit)
2330 silly packumentCache full:https://registry.npmjs.org/glob set size:469465 disposed:false
2331 silly packumentCache full:https://registry.npmjs.org/glob dispose
2332 silly fetch manifest @sigstore/sign@^4.1.1
2333 silly packumentCache full:https://registry.npmjs.org/@sigstore%2fsign cache-miss
2334 http cache https://registry.npmjs.org/minipass-flush 60ms (cache hit)
2335 silly packumentCache full:https://registry.npmjs.org/minipass-flush set size:24771 disposed:false
2336 silly fetch manifest @sigstore/bundle@^4.0.0
2337 silly packumentCache full:https://registry.npmjs.org/@sigstore%2fbundle cache-miss
2338 http cache https://registry.npmjs.org/@npmcli%2fnode-gyp 63ms (cache hit)
2339 silly packumentCache full:https://registry.npmjs.org/@npmcli%2fnode-gyp set size:24222 disposed:false
2340 silly fetch manifest @sigstore/verify@^3.1.1
2341 silly packumentCache full:https://registry.npmjs.org/@sigstore%2fverify cache-miss
2342 http cache https://registry.npmjs.org/p-map 63ms (cache hit)
2343 silly packumentCache full:https://registry.npmjs.org/p-map set size:58783 disposed:false
2344 silly fetch manifest @sigstore/protobuf-specs@^0.5.0
2345 silly packumentCache full:https://registry.npmjs.org/@sigstore%2fprotobuf-specs cache-miss
2346 http cache https://registry.npmjs.org/minipass-collect 62ms (cache hit)
2347 silly packumentCache full:https://registry.npmjs.org/minipass-collect set size:12471 disposed:false
2348 silly fetch manifest chownr@^3.0.0
2349 silly packumentCache full:https://registry.npmjs.org/chownr cache-miss
2350 http cache https://registry.npmjs.org/minipass-pipeline 62ms (cache hit)
2351 silly packumentCache full:https://registry.npmjs.org/minipass-pipeline set size:34695 disposed:false
2352 silly fetch manifest yallist@^5.0.0
2353 silly packumentCache full:https://registry.npmjs.org/yallist cache-hit
2354 silly fetch manifest minizlib@^3.1.0
2355 silly packumentCache full:https://registry.npmjs.org/minizlib cache-miss
2356 http cache https://registry.npmjs.org/ignore-walk 63ms (cache hit)
2357 silly packumentCache full:https://registry.npmjs.org/ignore-walk set size:70975 disposed:false
2358 silly fetch manifest @isaacs/fs-minipass@^4.0.0
2359 silly packumentCache full:https://registry.npmjs.org/@isaacs%2ffs-minipass cache-miss
2360 http cache https://registry.npmjs.org/npm-install-checks 63ms (cache hit)
2361 silly packumentCache full:https://registry.npmjs.org/npm-install-checks set size:61650 disposed:false
2362 http cache https://registry.npmjs.org/jsonparse 34ms (cache hit)
2363 silly packumentCache full:https://registry.npmjs.org/jsonparse set size:15932 disposed:false
2364 http cache https://registry.npmjs.org/minizlib 37ms (cache hit)
2365 silly packumentCache full:https://registry.npmjs.org/minizlib set size:62862 disposed:false
2366 http cache https://registry.npmjs.org/@npmcli%2fredact 35ms (cache hit)
2367 silly packumentCache full:https://registry.npmjs.org/@npmcli%2fredact set size:32855 disposed:false
2368 http cache https://registry.npmjs.org/minipass-fetch 31ms (cache hit)
2369 silly packumentCache full:https://registry.npmjs.org/minipass-fetch set size:109022 disposed:false
2370 http cache https://registry.npmjs.org/make-fetch-happen 31ms (cache hit)
2371 silly packumentCache full:https://registry.npmjs.org/make-fetch-happen set size:382317 disposed:false
2372 http cache https://registry.npmjs.org/@sigstore%2fcore 31ms (cache hit)
2373 silly packumentCache full:https://registry.npmjs.org/@sigstore%2fcore set size:20827 disposed:false
2374 http cache https://registry.npmjs.org/@sigstore%2ftuf 35ms (cache hit)
2375 silly packumentCache full:https://registry.npmjs.org/@sigstore%2ftuf set size:41391 disposed:false
2376 http cache https://registry.npmjs.org/@sigstore%2fbundle 29ms (cache hit)
2377 silly packumentCache full:https://registry.npmjs.org/@sigstore%2fbundle set size:25054 disposed:false
2378 http cache https://registry.npmjs.org/@sigstore%2fsign 31ms (cache hit)
2379 silly packumentCache full:https://registry.npmjs.org/@sigstore%2fsign set size:41793 disposed:false
2380 http cache https://registry.npmjs.org/@sigstore%2fverify 30ms (cache hit)
2381 silly packumentCache full:https://registry.npmjs.org/@sigstore%2fverify set size:32052 disposed:false
2382 http cache https://registry.npmjs.org/@sigstore%2fprotobuf-specs 30ms (cache hit)
2383 silly packumentCache full:https://registry.npmjs.org/@sigstore%2fprotobuf-specs set size:30047 disposed:false
2384 http cache https://registry.npmjs.org/@isaacs%2ffs-minipass 29ms (cache hit)
2385 silly packumentCache full:https://registry.npmjs.org/@isaacs%2ffs-minipass set size:7912 disposed:false
2386 http cache https://registry.npmjs.org/chownr 32ms (cache hit)
2387 silly packumentCache full:https://registry.npmjs.org/chownr set size:22157 disposed:false
2388 http cache https://registry.npmjs.org/minizlib 32ms (cache hit)
2389 silly packumentCache full:https://registry.npmjs.org/minizlib set size:62862 disposed:false
2390 silly packumentCache full:https://registry.npmjs.org/minizlib dispose
2391 silly placeDep node_modules/@npmcli/git lru-cache@11.5.2 OK for: @npmcli/git@7.0.2 want: ^11.2.1
2392 silly placeDep node_modules/@npmcli/git which@6.0.1 OK for: @npmcli/git@7.0.2 want: ^6.0.0
2393 silly fetch manifest isexe@^4.0.0
2394 silly packumentCache full:https://registry.npmjs.org/isexe cache-hit
2395 silly placeDep ROOT npm-bundled@5.0.0 OK for: @npmcli/installed-package-contents@4.0.0 want: ^5.0.0
2396 silly placeDep ROOT npm-normalize-package-bin@5.0.0 OK for: @npmcli/installed-package-contents@4.0.0 want: ^5.0.0
2397 silly placeDep ROOT glob@13.0.6 OK for: @npmcli/package-json@7.0.5 want: ^13.0.0
2398 silly placeDep ROOT json-parse-even-better-errors@5.0.0 OK for: @npmcli/package-json@7.0.5 want: ^5.0.0
2399 silly placeDep ROOT spdx-expression-parse@4.0.0 OK for: @npmcli/package-json@7.0.5 want: ^4.0.0
2400 silly fetch manifest minimatch@^10.2.2
2401 silly packumentCache full:https://registry.npmjs.org/minimatch cache-miss
2402 silly fetch manifest path-scurry@^2.0.2
2403 silly packumentCache full:https://registry.npmjs.org/path-scurry cache-miss
2404 silly fetch manifest spdx-exceptions@^2.1.0
2405 silly packumentCache full:https://registry.npmjs.org/spdx-exceptions cache-miss
2406 silly fetch manifest spdx-license-ids@^3.0.0
2407 silly packumentCache full:https://registry.npmjs.org/spdx-license-ids cache-miss
2408 http cache https://registry.npmjs.org/path-scurry 5ms (cache hit)
2409 silly packumentCache full:https://registry.npmjs.org/path-scurry set size:117612 disposed:false
2410 http cache https://registry.npmjs.org/spdx-exceptions 6ms (cache hit)
2411 silly packumentCache full:https://registry.npmjs.org/spdx-exceptions set size:21227 disposed:false
2412 http cache https://registry.npmjs.org/spdx-license-ids 7ms (cache hit)
2413 silly packumentCache full:https://registry.npmjs.org/spdx-license-ids set size:81601 disposed:false
2414 http cache https://registry.npmjs.org/minimatch 8ms (cache hit)
2415 silly packumentCache full:https://registry.npmjs.org/minimatch set size:377924 disposed:false
2416 silly placeDep node_modules/@npmcli/promise-spawn which@6.0.1 OK for: @npmcli/promise-spawn@9.0.1 want: ^6.0.0
2417 silly placeDep ROOT @npmcli/node-gyp@5.0.0 OK for: @npmcli/run-script@10.0.4 want: ^5.0.0
2418 silly placeDep ROOT node-gyp@12.4.0 OK for: @npmcli/run-script@10.0.4 want: ^12.1.0
2419 silly fetch manifest nopt@^9.0.0
2420 silly packumentCache full:https://registry.npmjs.org/nopt cache-miss
2421 silly fetch manifest undici@^6.25.0
2422 silly packumentCache full:https://registry.npmjs.org/undici cache-miss
2423 silly fetch manifest env-paths@^2.2.0
2424 silly packumentCache full:https://registry.npmjs.org/env-paths cache-miss
2425 silly fetch manifest graceful-fs@^4.2.6
2426 silly packumentCache full:https://registry.npmjs.org/graceful-fs cache-hit
2427 silly fetch manifest exponential-backoff@^3.1.1
2428 silly packumentCache full:https://registry.npmjs.org/exponential-backoff cache-miss
2429 http cache https://registry.npmjs.org/env-paths 6ms (cache hit)
2430 silly packumentCache full:https://registry.npmjs.org/env-paths set size:26913 disposed:false
2431 http cache https://registry.npmjs.org/undici 9ms (cache hit)
2432 silly packumentCache full:https://registry.npmjs.org/undici set size:1531430 disposed:false
2433 http cache https://registry.npmjs.org/exponential-backoff 18ms (cache hit)
2434 silly packumentCache full:https://registry.npmjs.org/exponential-backoff set size:55896 disposed:false
2435 http cache https://registry.npmjs.org/nopt 21ms (cache hit)
2436 silly packumentCache full:https://registry.npmjs.org/nopt set size:76679 disposed:false
2437 silly placeDep ROOT @npmcli/fs@5.0.0 OK for: cacache@20.0.4 want: ^5.0.0
2438 silly placeDep node_modules/cacache lru-cache@11.5.2 OK for: cacache@20.0.4 want: ^11.1.0
2439 silly placeDep ROOT minipass-collect@2.0.1 OK for: cacache@20.0.4 want: ^2.0.1
2440 silly placeDep ROOT minipass-flush@1.0.7 OK for: cacache@20.0.4 want: ^1.0.5
2441 silly placeDep ROOT minipass-pipeline@1.2.4 OK for: cacache@20.0.4 want: ^1.2.4
2442 silly placeDep ROOT p-map@7.0.7 OK for: cacache@20.0.4 want: ^7.0.2
2443 silly fetch manifest minipass@^3.0.0
2444 silly packumentCache full:https://registry.npmjs.org/minipass cache-hit
2445 silly fetch manifest minipass@^3.0.0
2446 silly packumentCache full:https://registry.npmjs.org/minipass cache-hit
2447 silly placeDep ROOT minimatch@10.2.6 OK for: glob@13.0.6 want: ^10.2.2
2448 silly placeDep ROOT path-scurry@2.0.2 OK for: glob@13.0.6 want: ^2.0.2
2449 silly fetch manifest brace-expansion@^5.0.8
2450 silly packumentCache full:https://registry.npmjs.org/brace-expansion cache-miss
2451 silly fetch manifest lru-cache@^11.0.0
2452 silly packumentCache full:https://registry.npmjs.org/lru-cache cache-hit
2453 http cache https://registry.npmjs.org/brace-expansion 5ms (cache hit)
2454 silly packumentCache full:https://registry.npmjs.org/brace-expansion set size:101024 disposed:false
2455 silly placeDep ROOT brace-expansion@5.0.9 OK for: minimatch@10.2.6 want: ^5.0.8
2456 silly fetch manifest balanced-match@^4.0.2
2457 silly packumentCache full:https://registry.npmjs.org/balanced-match cache-miss
2458 http cache https://registry.npmjs.org/balanced-match 3ms (cache hit)
2459 silly packumentCache full:https://registry.npmjs.org/balanced-match set size:39082 disposed:false
2460 silly placeDep ROOT balanced-match@4.0.4 OK for: brace-expansion@5.0.9 want: ^4.0.2
2461 silly placeDep node_modules/minipass-flush minipass@3.3.6 OK for: minipass-flush@1.0.7 want: ^3.0.0
2462 silly fetch manifest yallist@^4.0.0
2463 silly packumentCache full:https://registry.npmjs.org/yallist cache-hit
2464 silly placeDep node_modules/minipass-pipeline minipass@3.3.6 OK for: minipass-pipeline@1.2.4 want: ^3.0.0
2465 silly placeDep ROOT env-paths@2.2.1 OK for: node-gyp@12.4.0 want: ^2.2.0
2466 silly placeDep ROOT exponential-backoff@3.1.3 OK for: node-gyp@12.4.0 want: ^3.1.1
2467 silly placeDep ROOT graceful-fs@4.2.11 OK for: node-gyp@12.4.0 want: ^4.2.6
2468 silly placeDep ROOT nopt@9.0.0 OK for: node-gyp@12.4.0 want: ^9.0.0
2469 silly placeDep node_modules/node-gyp undici@6.28.0 OK for: node-gyp@12.4.0 want: ^6.25.0
2470 silly placeDep node_modules/node-gyp which@6.0.1 OK for: node-gyp@12.4.0 want: ^6.0.0
2471 silly fetch manifest abbrev@^4.0.0
2472 silly packumentCache full:https://registry.npmjs.org/abbrev cache-miss
2473 http cache https://registry.npmjs.org/abbrev 21ms (cache hit)
2474 silly packumentCache full:https://registry.npmjs.org/abbrev set size:24188 disposed:false
2475 silly placeDep ROOT abbrev@4.0.0 OK for: nopt@9.0.0 want: ^4.0.0
2476 silly placeDep ROOT ignore-walk@8.0.0 OK for: npm-packlist@10.0.4 want: ^8.0.0
2477 silly placeDep ROOT npm-install-checks@8.0.0 OK for: npm-pick-manifest@11.0.3 want: ^8.0.0
2478 silly placeDep ROOT @npmcli/redact@4.0.0 OK for: npm-registry-fetch@19.1.1 want: ^4.0.0
2479 silly placeDep ROOT jsonparse@1.3.1 OK for: npm-registry-fetch@19.1.1 want: ^1.3.1
2480 silly placeDep ROOT make-fetch-happen@15.0.6 OK for: npm-registry-fetch@19.1.1 want: ^15.0.0
2481 silly placeDep ROOT minipass-fetch@5.0.2 OK for: npm-registry-fetch@19.1.1 want: ^5.0.0
2482 silly placeDep ROOT minizlib@3.1.0 OK for: npm-registry-fetch@19.1.1 want: ^3.0.1
2483 silly fetch manifest @npmcli/agent@^4.0.0
2484 silly packumentCache full:https://registry.npmjs.org/@npmcli%2fagent cache-miss
2485 silly fetch manifest http-cache-semantics@^4.1.1
2486 silly packumentCache full:https://registry.npmjs.org/http-cache-semantics cache-miss
2487 silly fetch manifest minipass-sized@^2.0.0
2488 silly packumentCache full:https://registry.npmjs.org/minipass-sized cache-miss
2489 http cache https://registry.npmjs.org/@npmcli%2fagent 23ms (cache hit)
2490 silly packumentCache full:https://registry.npmjs.org/@npmcli%2fagent set size:38702 disposed:false
2491 http cache https://registry.npmjs.org/http-cache-semantics 24ms (cache hit)
2492 silly packumentCache full:https://registry.npmjs.org/http-cache-semantics set size:66288 disposed:false
2493 http cache https://registry.npmjs.org/minipass-sized 25ms (cache hit)
2494 silly packumentCache full:https://registry.npmjs.org/minipass-sized set size:14420 disposed:false
2495 silly placeDep ROOT @npmcli/agent@4.0.2 OK for: make-fetch-happen@15.0.6 want: ^4.0.0
2496 silly placeDep ROOT http-cache-semantics@4.2.0 OK for: make-fetch-happen@15.0.6 want: ^4.1.1
2497 silly fetch manifest socks-proxy-agent@^8.0.3
2498 silly packumentCache full:https://registry.npmjs.org/socks-proxy-agent cache-miss
2499 http cache https://registry.npmjs.org/socks-proxy-agent 25ms (cache hit)
2500 silly packumentCache full:https://registry.npmjs.org/socks-proxy-agent set size:108698 disposed:false
2501 silly placeDep node_modules/@npmcli/agent lru-cache@11.5.2 OK for: @npmcli/agent@4.0.2 want: ^11.2.1
2502 silly placeDep ROOT socks-proxy-agent@8.0.5 OK for: @npmcli/agent@4.0.2 want: ^8.0.3
2503 silly fetch manifest socks@^2.8.3
2504 silly packumentCache full:https://registry.npmjs.org/socks cache-miss
2505 http cache https://registry.npmjs.org/socks 4ms (cache hit)
2506 silly packumentCache full:https://registry.npmjs.org/socks set size:173143 disposed:false
2507 silly placeDep ROOT minipass-sized@2.0.0 OK for: minipass-fetch@5.0.2 want: ^2.0.0
2508 silly placeDep node_modules/parse5 entities@8.0.0 OK for: parse5@8.0.1 want: ^8.0.0
2509 silly placeDep node_modules/parse5-html-rewriting-stream entities@6.0.1 OK for: parse5-html-rewriting-stream@8.0.0 want: ^6.0.0
2510 silly placeDep ROOT parse5-sax-parser@8.0.0 OK for: parse5-html-rewriting-stream@8.0.0 want: ^8.0.0
2511 silly placeDep node_modules/path-scurry lru-cache@11.5.2 OK for: path-scurry@2.0.2 want: ^11.0.0
2512 silly placeDep ROOT @napi-rs/nice@1.1.1 OK for: piscina@5.2.0 want: ^1.0.4
2513 silly fetch manifest @napi-rs/nice-darwin-x64@1.1.1
2514 silly packumentCache full:https://registry.npmjs.org/@napi-rs%2fnice-darwin-x64 cache-miss
2515 silly fetch manifest @napi-rs/nice-darwin-arm64@1.1.1
2516 silly packumentCache full:https://registry.npmjs.org/@napi-rs%2fnice-darwin-arm64 cache-miss
2517 silly fetch manifest @napi-rs/nice-linux-x64-gnu@1.1.1
2518 silly packumentCache full:https://registry.npmjs.org/@napi-rs%2fnice-linux-x64-gnu cache-miss
2519 silly fetch manifest @napi-rs/nice-win32-x64-msvc@1.1.1
2520 silly packumentCache full:https://registry.npmjs.org/@napi-rs%2fnice-win32-x64-msvc cache-miss
2521 silly fetch manifest @napi-rs/nice-linux-x64-musl@1.1.1
2522 silly packumentCache full:https://registry.npmjs.org/@napi-rs%2fnice-linux-x64-musl cache-miss
2523 silly fetch manifest @napi-rs/nice-linux-arm64-gnu@1.1.1
2524 silly packumentCache full:https://registry.npmjs.org/@napi-rs%2fnice-linux-arm64-gnu cache-miss
2525 silly fetch manifest @napi-rs/nice-win32-ia32-msvc@1.1.1
2526 silly packumentCache full:https://registry.npmjs.org/@napi-rs%2fnice-win32-ia32-msvc cache-miss
2527 silly fetch manifest @napi-rs/nice-linux-arm-gnueabihf@1.1.1
2528 silly packumentCache full:https://registry.npmjs.org/@napi-rs%2fnice-linux-arm-gnueabihf cache-miss
2529 silly fetch manifest @napi-rs/nice-android-arm64@1.1.1
2530 silly packumentCache full:https://registry.npmjs.org/@napi-rs%2fnice-android-arm64 cache-miss
2531 silly fetch manifest @napi-rs/nice-freebsd-x64@1.1.1
2532 silly packumentCache full:https://registry.npmjs.org/@napi-rs%2fnice-freebsd-x64 cache-miss
2533 silly fetch manifest @napi-rs/nice-linux-arm64-musl@1.1.1
2534 silly packumentCache full:https://registry.npmjs.org/@napi-rs%2fnice-linux-arm64-musl cache-miss
2535 silly fetch manifest @napi-rs/nice-android-arm-eabi@1.1.1
2536 silly packumentCache full:https://registry.npmjs.org/@napi-rs%2fnice-android-arm-eabi cache-miss
2537 silly fetch manifest @napi-rs/nice-win32-arm64-msvc@1.1.1
2538 silly packumentCache full:https://registry.npmjs.org/@napi-rs%2fnice-win32-arm64-msvc cache-miss
2539 silly fetch manifest @napi-rs/nice-linux-ppc64-gnu@1.1.1
2540 silly packumentCache full:https://registry.npmjs.org/@napi-rs%2fnice-linux-ppc64-gnu cache-miss
2541 silly fetch manifest @napi-rs/nice-linux-s390x-gnu@1.1.1
2542 silly packumentCache full:https://registry.npmjs.org/@napi-rs%2fnice-linux-s390x-gnu cache-miss
2543 http fetch GET 200 https://registry.npmjs.org/@napi-rs%2fnice-darwin-arm64 228ms (cache miss)
2544 silly packumentCache full:https://registry.npmjs.org/@napi-rs%2fnice-darwin-arm64 set size:undefined disposed:false
2545 silly fetch manifest @napi-rs/nice-linux-riscv64-gnu@1.1.1
2546 silly packumentCache full:https://registry.npmjs.org/@napi-rs%2fnice-linux-riscv64-gnu cache-miss
2547 http fetch GET 200 https://registry.npmjs.org/@napi-rs%2fnice-darwin-x64 233ms (cache miss)
2548 silly packumentCache full:https://registry.npmjs.org/@napi-rs%2fnice-darwin-x64 set size:undefined disposed:false
2549 silly fetch manifest @napi-rs/nice-openharmony-arm64@1.1.1
2550 silly packumentCache full:https://registry.npmjs.org/@napi-rs%2fnice-openharmony-arm64 cache-miss
2551 http fetch GET 200 https://registry.npmjs.org/@napi-rs%2fnice-freebsd-x64 233ms (cache miss)
2552 silly packumentCache full:https://registry.npmjs.org/@napi-rs%2fnice-freebsd-x64 set size:undefined disposed:false
2553 http fetch GET 200 https://registry.npmjs.org/@napi-rs%2fnice-linux-x64-gnu 246ms (cache miss)
2554 silly packumentCache full:https://registry.npmjs.org/@napi-rs%2fnice-linux-x64-gnu set size:undefined disposed:false
2555 http fetch GET 200 https://registry.npmjs.org/@napi-rs%2fnice-android-arm64 246ms (cache miss)
2556 silly packumentCache full:https://registry.npmjs.org/@napi-rs%2fnice-android-arm64 set size:undefined disposed:false
2557 http fetch GET 200 https://registry.npmjs.org/@napi-rs%2fnice-linux-s390x-gnu 284ms (cache miss)
2558 silly packumentCache full:https://registry.npmjs.org/@napi-rs%2fnice-linux-s390x-gnu set size:undefined disposed:false
2559 http fetch GET 200 https://registry.npmjs.org/@napi-rs%2fnice-linux-ppc64-gnu 392ms (cache miss)
2560 silly packumentCache full:https://registry.npmjs.org/@napi-rs%2fnice-linux-ppc64-gnu set size:undefined disposed:false
2561 http fetch GET 200 https://registry.npmjs.org/@napi-rs%2fnice-linux-riscv64-gnu 227ms (cache miss)
2562 silly packumentCache full:https://registry.npmjs.org/@napi-rs%2fnice-linux-riscv64-gnu set size:undefined disposed:false
2563 http fetch GET 200 https://registry.npmjs.org/@napi-rs%2fnice-win32-arm64-msvc 476ms (cache miss)
2564 silly packumentCache full:https://registry.npmjs.org/@napi-rs%2fnice-win32-arm64-msvc set size:undefined disposed:false
2565 http fetch GET 200 https://registry.npmjs.org/@napi-rs%2fnice-win32-x64-msvc 541ms (cache miss)
2566 silly packumentCache full:https://registry.npmjs.org/@napi-rs%2fnice-win32-x64-msvc set size:undefined disposed:false
2567 http fetch GET 200 https://registry.npmjs.org/@napi-rs%2fnice-linux-x64-musl 555ms (cache miss)
2568 silly packumentCache full:https://registry.npmjs.org/@napi-rs%2fnice-linux-x64-musl set size:undefined disposed:false
2569 http fetch GET 200 https://registry.npmjs.org/@napi-rs%2fnice-openharmony-arm64 381ms (cache miss)
2570 silly packumentCache full:https://registry.npmjs.org/@napi-rs%2fnice-openharmony-arm64 set size:undefined disposed:false
2571 http fetch GET 200 https://registry.npmjs.org/@napi-rs%2fnice-linux-arm64-musl 617ms (cache miss)
2572 silly packumentCache full:https://registry.npmjs.org/@napi-rs%2fnice-linux-arm64-musl set size:undefined disposed:false
2573 http fetch GET 200 https://registry.npmjs.org/@napi-rs%2fnice-linux-arm64-gnu 631ms (cache miss)
2574 silly packumentCache full:https://registry.npmjs.org/@napi-rs%2fnice-linux-arm64-gnu set size:undefined disposed:false
2575 http fetch GET 200 https://registry.npmjs.org/@napi-rs%2fnice-win32-ia32-msvc 632ms (cache miss)
2576 silly packumentCache full:https://registry.npmjs.org/@napi-rs%2fnice-win32-ia32-msvc set size:undefined disposed:false
2577 http fetch GET 200 https://registry.npmjs.org/@napi-rs%2fnice-android-arm-eabi 631ms (cache miss)
2578 silly packumentCache full:https://registry.npmjs.org/@napi-rs%2fnice-android-arm-eabi set size:undefined disposed:false
2579 http fetch GET 200 https://registry.npmjs.org/@napi-rs%2fnice-linux-arm-gnueabihf 661ms (cache miss)
2580 silly packumentCache full:https://registry.npmjs.org/@napi-rs%2fnice-linux-arm-gnueabihf set size:undefined disposed:false
2581 silly placeDep ROOT @napi-rs/nice-android-arm-eabi@1.1.1 OK for: @napi-rs/nice@1.1.1 want: 1.1.1
2582 silly placeDep ROOT @napi-rs/nice-android-arm64@1.1.1 OK for: @napi-rs/nice@1.1.1 want: 1.1.1
2583 silly placeDep ROOT @napi-rs/nice-darwin-arm64@1.1.1 OK for: @napi-rs/nice@1.1.1 want: 1.1.1
2584 silly placeDep ROOT @napi-rs/nice-darwin-x64@1.1.1 OK for: @napi-rs/nice@1.1.1 want: 1.1.1
2585 silly placeDep ROOT @napi-rs/nice-freebsd-x64@1.1.1 OK for: @napi-rs/nice@1.1.1 want: 1.1.1
2586 silly placeDep ROOT @napi-rs/nice-linux-arm-gnueabihf@1.1.1 OK for: @napi-rs/nice@1.1.1 want: 1.1.1
2587 silly placeDep ROOT @napi-rs/nice-linux-arm64-gnu@1.1.1 OK for: @napi-rs/nice@1.1.1 want: 1.1.1
2588 silly placeDep ROOT @napi-rs/nice-linux-arm64-musl@1.1.1 OK for: @napi-rs/nice@1.1.1 want: 1.1.1
2589 silly placeDep ROOT @napi-rs/nice-linux-ppc64-gnu@1.1.1 OK for: @napi-rs/nice@1.1.1 want: 1.1.1
2590 silly placeDep ROOT @napi-rs/nice-linux-riscv64-gnu@1.1.1 OK for: @napi-rs/nice@1.1.1 want: 1.1.1
2591 silly placeDep ROOT @napi-rs/nice-linux-s390x-gnu@1.1.1 OK for: @napi-rs/nice@1.1.1 want: 1.1.1
2592 silly placeDep ROOT @napi-rs/nice-linux-x64-gnu@1.1.1 OK for: @napi-rs/nice@1.1.1 want: 1.1.1
2593 silly placeDep ROOT @napi-rs/nice-linux-x64-musl@1.1.1 OK for: @napi-rs/nice@1.1.1 want: 1.1.1
2594 silly placeDep ROOT @napi-rs/nice-openharmony-arm64@1.1.1 OK for: @napi-rs/nice@1.1.1 want: 1.1.1
2595 silly placeDep ROOT @napi-rs/nice-win32-arm64-msvc@1.1.1 OK for: @napi-rs/nice@1.1.1 want: 1.1.1
2596 silly placeDep ROOT @napi-rs/nice-win32-ia32-msvc@1.1.1 OK for: @napi-rs/nice@1.1.1 want: 1.1.1
2597 silly placeDep ROOT @napi-rs/nice-win32-x64-msvc@1.1.1 OK for: @napi-rs/nice@1.1.1 want: 1.1.1
2598 silly placeDep ROOT nanoid@3.3.18 OK for: postcss@8.5.26 want: ^3.3.17
2599 silly placeDep ROOT forwarded@0.2.0 OK for: proxy-addr@2.0.7 want: 0.2.0
2600 silly placeDep ROOT ipaddr.js@1.9.1 OK for: proxy-addr@2.0.7 want: 1.9.1
2601 silly placeDep ROOT es-define-property@1.0.1 OK for: qs@6.16.0 want: ^1.0.1
2602 silly placeDep ROOT side-channel@1.1.1 OK for: qs@6.16.0 want: ^1.1.1
2603 silly fetch manifest es-errors@^1.3.0
2604 silly packumentCache full:https://registry.npmjs.org/es-errors cache-miss
2605 silly fetch manifest object-inspect@^1.13.4
2606 silly packumentCache full:https://registry.npmjs.org/object-inspect cache-miss
2607 silly fetch manifest side-channel-list@^1.0.1
2608 silly packumentCache full:https://registry.npmjs.org/side-channel-list cache-miss
2609 silly fetch manifest side-channel-map@^1.0.1
2610 silly packumentCache full:https://registry.npmjs.org/side-channel-map cache-miss
2611 silly fetch manifest side-channel-weakmap@^1.0.2
2612 silly packumentCache full:https://registry.npmjs.org/side-channel-weakmap cache-miss
2613 http cache https://registry.npmjs.org/side-channel-list 6ms (cache hit)
2614 silly packumentCache full:https://registry.npmjs.org/side-channel-list set size:9021 disposed:false
2615 http cache https://registry.npmjs.org/object-inspect 7ms (cache hit)
2616 silly packumentCache full:https://registry.npmjs.org/object-inspect set size:101927 disposed:false
2617 http cache https://registry.npmjs.org/es-errors 9ms (cache hit)
2618 silly packumentCache full:https://registry.npmjs.org/es-errors set size:16918 disposed:false
2619 http cache https://registry.npmjs.org/side-channel-map 8ms (cache hit)
2620 silly packumentCache full:https://registry.npmjs.org/side-channel-map set size:9126 disposed:false
2621 http cache https://registry.npmjs.org/side-channel-weakmap 9ms (cache hit)
2622 silly packumentCache full:https://registry.npmjs.org/side-channel-weakmap set size:12620 disposed:false
2623 silly placeDep ROOT unpipe@1.0.0 OK for: raw-body@3.0.2 want: ~1.0.0
2624 silly placeDep ROOT onetime@7.0.0 OK for: restore-cursor@5.1.0 want: ^7.0.0
2625 silly fetch manifest mimic-function@^5.0.0
2626 silly packumentCache full:https://registry.npmjs.org/mimic-function cache-miss
2627 http cache https://registry.npmjs.org/mimic-function 3ms (cache hit)
2628 silly packumentCache full:https://registry.npmjs.org/mimic-function set size:6356 disposed:false
2629 silly placeDep ROOT mimic-function@5.0.1 OK for: onetime@7.0.0 want: ^5.0.0
2630 silly placeDep ROOT @oxc-project/types@0.113.0 OK for: rolldown@1.0.0-rc.4 want: =0.113.0
2631 silly placeDep ROOT @rolldown/binding-android-arm64@1.0.0-rc.4 OK for: rolldown@1.0.0-rc.4 want: 1.0.0-rc.4
2632 silly placeDep ROOT @rolldown/binding-darwin-arm64@1.0.0-rc.4 OK for: rolldown@1.0.0-rc.4 want: 1.0.0-rc.4
2633 silly placeDep ROOT @rolldown/binding-darwin-x64@1.0.0-rc.4 OK for: rolldown@1.0.0-rc.4 want: 1.0.0-rc.4
2634 silly placeDep ROOT @rolldown/binding-freebsd-x64@1.0.0-rc.4 OK for: rolldown@1.0.0-rc.4 want: 1.0.0-rc.4
2635 silly placeDep ROOT @rolldown/binding-linux-arm-gnueabihf@1.0.0-rc.4 OK for: rolldown@1.0.0-rc.4 want: 1.0.0-rc.4
2636 silly placeDep ROOT @rolldown/binding-linux-arm64-gnu@1.0.0-rc.4 OK for: rolldown@1.0.0-rc.4 want: 1.0.0-rc.4
2637 silly placeDep ROOT @rolldown/binding-linux-arm64-musl@1.0.0-rc.4 OK for: rolldown@1.0.0-rc.4 want: 1.0.0-rc.4
2638 silly placeDep ROOT @rolldown/binding-linux-x64-gnu@1.0.0-rc.4 OK for: rolldown@1.0.0-rc.4 want: 1.0.0-rc.4
2639 silly placeDep ROOT @rolldown/binding-linux-x64-musl@1.0.0-rc.4 OK for: rolldown@1.0.0-rc.4 want: 1.0.0-rc.4
2640 silly placeDep ROOT @rolldown/binding-openharmony-arm64@1.0.0-rc.4 OK for: rolldown@1.0.0-rc.4 want: 1.0.0-rc.4
2641 silly placeDep ROOT @rolldown/binding-wasm32-wasi@1.0.0-rc.4 OK for: rolldown@1.0.0-rc.4 want: 1.0.0-rc.4
2642 silly placeDep ROOT @rolldown/binding-win32-arm64-msvc@1.0.0-rc.4 OK for: rolldown@1.0.0-rc.4 want: 1.0.0-rc.4
2643 silly placeDep ROOT @rolldown/binding-win32-x64-msvc@1.0.0-rc.4 OK for: rolldown@1.0.0-rc.4 want: 1.0.0-rc.4
2644 silly placeDep ROOT @rolldown/pluginutils@1.0.0-rc.4 OK for: rolldown@1.0.0-rc.4 want: 1.0.0-rc.4
2645 silly fetch manifest @napi-rs/wasm-runtime@^1.1.1
2646 silly packumentCache full:https://registry.npmjs.org/@napi-rs%2fwasm-runtime cache-miss
2647 http fetch GET 200 https://registry.npmjs.org/@napi-rs%2fwasm-runtime 100ms (cache miss)
2648 silly packumentCache full:https://registry.npmjs.org/@napi-rs%2fwasm-runtime set size:undefined disposed:false
2649 silly fetch manifest @emnapi/core@^1.7.1 || ^2.0.0-alpha.4
2650 silly packumentCache full:https://registry.npmjs.org/@emnapi%2fcore cache-miss
2651 http fetch GET 200 https://registry.npmjs.org/@emnapi%2fcore 100ms (cache miss)
2652 silly packumentCache full:https://registry.npmjs.org/@emnapi%2fcore set size:undefined disposed:false
2653 silly fetch manifest @emnapi/runtime@^1.7.1 || ^2.0.0-alpha.4
2654 silly packumentCache full:https://registry.npmjs.org/@emnapi%2fruntime cache-miss
2655 http fetch GET 200 https://registry.npmjs.org/@emnapi%2fruntime 106ms (cache miss)
2656 silly packumentCache full:https://registry.npmjs.org/@emnapi%2fruntime set size:undefined disposed:false
2657 silly placeDep ROOT @napi-rs/wasm-runtime@1.2.3 OK for: @rolldown/binding-wasm32-wasi@1.0.0-rc.4 want: ^1.1.1
2658 silly placeDep ROOT @emnapi/core@1.11.3 OK for: @napi-rs/wasm-runtime@1.2.3 want: ^1.7.1 || ^2.0.0-alpha.4
2659 silly placeDep ROOT @emnapi/runtime@1.11.3 OK for: @napi-rs/wasm-runtime@1.2.3 want: ^1.7.1 || ^2.0.0-alpha.4
2660 silly fetch manifest @tybys/wasm-util@^0.10.3
2661 silly packumentCache full:https://registry.npmjs.org/@tybys%2fwasm-util cache-miss
2662 silly fetch manifest @emnapi/wasi-threads@1.2.3
2663 silly packumentCache full:https://registry.npmjs.org/@emnapi%2fwasi-threads cache-miss
2664 http fetch GET 200 https://registry.npmjs.org/@emnapi%2fwasi-threads 86ms (cache miss)
2665 silly packumentCache full:https://registry.npmjs.org/@emnapi%2fwasi-threads set size:undefined disposed:false
2666 http fetch GET 200 https://registry.npmjs.org/@tybys%2fwasm-util 99ms (cache miss)
2667 silly packumentCache full:https://registry.npmjs.org/@tybys%2fwasm-util set size:undefined disposed:false
2668 silly placeDep ROOT @emnapi/wasi-threads@1.2.3 OK for: @emnapi/core@1.11.3 want: 1.2.3
2669 silly placeDep ROOT @tybys/wasm-util@0.10.3 OK for: @napi-rs/wasm-runtime@1.2.3 want: ^0.10.3
2670 silly placeDep ROOT is-promise@4.0.0 OK for: router@2.2.0 want: ^4.0.0
2671 silly placeDep ROOT path-to-regexp@8.4.2 OK for: router@2.2.0 want: ^8.0.0
2672 silly placeDep ROOT @parcel/watcher@2.6.0 OK for: sass@1.97.3 want: ^2.4.1
2673 silly placeDep node_modules/sass chokidar@4.0.3 OK for: sass@1.97.3 want: ^4.0.0
2674 silly placeDep ROOT immutable@5.1.9 OK for: sass@1.97.3 want: ^5.0.2
2675 silly fetch manifest is-glob@^4.0.3
2676 silly packumentCache full:https://registry.npmjs.org/is-glob cache-miss
2677 silly fetch manifest node-addon-api@^7.0.0
2678 silly packumentCache full:https://registry.npmjs.org/node-addon-api cache-miss
2679 silly fetch manifest @parcel/watcher-darwin-x64@2.6.0
2680 silly packumentCache full:https://registry.npmjs.org/@parcel%2fwatcher-darwin-x64 cache-miss
2681 silly fetch manifest @parcel/watcher-darwin-arm64@2.6.0
2682 silly packumentCache full:https://registry.npmjs.org/@parcel%2fwatcher-darwin-arm64 cache-miss
2683 silly fetch manifest @parcel/watcher-win32-x64@2.6.0
2684 silly packumentCache full:https://registry.npmjs.org/@parcel%2fwatcher-win32-x64 cache-miss
2685 silly fetch manifest @parcel/watcher-win32-arm64@2.6.0
2686 silly packumentCache full:https://registry.npmjs.org/@parcel%2fwatcher-win32-arm64 cache-miss
2687 silly fetch manifest @parcel/watcher-linux-x64-glibc@2.6.0
2688 silly packumentCache full:https://registry.npmjs.org/@parcel%2fwatcher-linux-x64-glibc cache-miss
2689 silly fetch manifest @parcel/watcher-linux-x64-musl@2.6.0
2690 silly packumentCache full:https://registry.npmjs.org/@parcel%2fwatcher-linux-x64-musl cache-miss
2691 silly fetch manifest @parcel/watcher-linux-arm64-glibc@2.6.0
2692 silly packumentCache full:https://registry.npmjs.org/@parcel%2fwatcher-linux-arm64-glibc cache-miss
2693 silly fetch manifest @parcel/watcher-linux-arm64-musl@2.6.0
2694 silly packumentCache full:https://registry.npmjs.org/@parcel%2fwatcher-linux-arm64-musl cache-miss
2695 silly fetch manifest @parcel/watcher-linux-arm-glibc@2.6.0
2696 silly packumentCache full:https://registry.npmjs.org/@parcel%2fwatcher-linux-arm-glibc cache-miss
2697 silly fetch manifest @parcel/watcher-linux-arm-musl@2.6.0
2698 silly packumentCache full:https://registry.npmjs.org/@parcel%2fwatcher-linux-arm-musl cache-miss
2699 silly fetch manifest @parcel/watcher-android-arm64@2.6.0
2700 silly packumentCache full:https://registry.npmjs.org/@parcel%2fwatcher-android-arm64 cache-miss
2701 silly fetch manifest @parcel/watcher-freebsd-x64@2.6.0
2702 silly packumentCache full:https://registry.npmjs.org/@parcel%2fwatcher-freebsd-x64 cache-miss
2703 silly fetch manifest readdirp@^4.0.1
2704 silly packumentCache full:https://registry.npmjs.org/readdirp cache-miss
2705 http cache https://registry.npmjs.org/readdirp 9ms (cache hit)
2706 silly packumentCache full:https://registry.npmjs.org/readdirp set size:110119 disposed:false
2707 http cache https://registry.npmjs.org/node-addon-api 13ms (cache hit)
2708 silly packumentCache full:https://registry.npmjs.org/node-addon-api set size:385298 disposed:false
2709 http fetch GET 200 https://registry.npmjs.org/is-glob 82ms (cache miss)
2710 silly packumentCache full:https://registry.npmjs.org/is-glob set size:undefined disposed:false
2711 http fetch GET 200 https://registry.npmjs.org/@parcel%2fwatcher-darwin-arm64 93ms (cache miss)
2712 silly packumentCache full:https://registry.npmjs.org/@parcel%2fwatcher-darwin-arm64 set size:undefined disposed:false
2713 http fetch GET 200 https://registry.npmjs.org/@parcel%2fwatcher-linux-arm-musl 92ms (cache miss)
2714 silly packumentCache full:https://registry.npmjs.org/@parcel%2fwatcher-linux-arm-musl set size:undefined disposed:false
2715 http fetch GET 200 https://registry.npmjs.org/@parcel%2fwatcher-android-arm64 107ms (cache miss)
2716 silly packumentCache full:https://registry.npmjs.org/@parcel%2fwatcher-android-arm64 set size:undefined disposed:false
2717 http fetch GET 200 https://registry.npmjs.org/@parcel%2fwatcher-win32-x64 250ms (cache miss)
2718 silly packumentCache full:https://registry.npmjs.org/@parcel%2fwatcher-win32-x64 set size:undefined disposed:false
2719 http fetch GET 200 https://registry.npmjs.org/@parcel%2fwatcher-win32-arm64 399ms (cache miss)
2720 silly packumentCache full:https://registry.npmjs.org/@parcel%2fwatcher-win32-arm64 set size:undefined disposed:false
2721 http fetch GET 200 https://registry.npmjs.org/@parcel%2fwatcher-freebsd-x64 413ms (cache miss)
2722 silly packumentCache full:https://registry.npmjs.org/@parcel%2fwatcher-freebsd-x64 set size:undefined disposed:false
2723 http fetch GET 200 https://registry.npmjs.org/@parcel%2fwatcher-linux-arm64-musl 444ms (cache miss)
2724 silly packumentCache full:https://registry.npmjs.org/@parcel%2fwatcher-linux-arm64-musl set size:undefined disposed:false
2725 http fetch GET 200 https://registry.npmjs.org/@parcel%2fwatcher-linux-arm64-glibc 453ms (cache miss)
2726 silly packumentCache full:https://registry.npmjs.org/@parcel%2fwatcher-linux-arm64-glibc set size:undefined disposed:false
2727 http fetch GET 200 https://registry.npmjs.org/@parcel%2fwatcher-linux-x64-glibc 614ms (cache miss)
2728 silly packumentCache full:https://registry.npmjs.org/@parcel%2fwatcher-linux-x64-glibc set size:undefined disposed:false
2729 http fetch GET 200 https://registry.npmjs.org/@parcel%2fwatcher-darwin-x64 623ms (cache miss)
2730 silly packumentCache full:https://registry.npmjs.org/@parcel%2fwatcher-darwin-x64 set size:undefined disposed:false
2731 http fetch GET 200 https://registry.npmjs.org/@parcel%2fwatcher-linux-arm-glibc 623ms (cache miss)
2732 silly packumentCache full:https://registry.npmjs.org/@parcel%2fwatcher-linux-arm-glibc set size:undefined disposed:false
2733 http fetch GET 200 https://registry.npmjs.org/@parcel%2fwatcher-linux-x64-musl 688ms (cache miss)
2734 silly packumentCache full:https://registry.npmjs.org/@parcel%2fwatcher-linux-x64-musl set size:undefined disposed:false
2735 silly placeDep ROOT @parcel/watcher-android-arm64@2.6.0 OK for: @parcel/watcher@2.6.0 want: 2.6.0
2736 silly placeDep ROOT @parcel/watcher-darwin-arm64@2.6.0 OK for: @parcel/watcher@2.6.0 want: 2.6.0
2737 silly placeDep ROOT @parcel/watcher-darwin-x64@2.6.0 OK for: @parcel/watcher@2.6.0 want: 2.6.0
2738 silly placeDep ROOT @parcel/watcher-freebsd-x64@2.6.0 OK for: @parcel/watcher@2.6.0 want: 2.6.0
2739 silly placeDep ROOT @parcel/watcher-linux-arm-glibc@2.6.0 OK for: @parcel/watcher@2.6.0 want: 2.6.0
2740 silly placeDep ROOT @parcel/watcher-linux-arm-musl@2.6.0 OK for: @parcel/watcher@2.6.0 want: 2.6.0
2741 silly placeDep ROOT @parcel/watcher-linux-arm64-glibc@2.6.0 OK for: @parcel/watcher@2.6.0 want: 2.6.0
2742 silly placeDep ROOT @parcel/watcher-linux-arm64-musl@2.6.0 OK for: @parcel/watcher@2.6.0 want: 2.6.0
2743 silly placeDep ROOT @parcel/watcher-linux-x64-glibc@2.6.0 OK for: @parcel/watcher@2.6.0 want: 2.6.0
2744 silly placeDep ROOT @parcel/watcher-linux-x64-musl@2.6.0 OK for: @parcel/watcher@2.6.0 want: 2.6.0
2745 silly placeDep ROOT @parcel/watcher-win32-arm64@2.6.0 OK for: @parcel/watcher@2.6.0 want: 2.6.0
2746 silly placeDep ROOT @parcel/watcher-win32-x64@2.6.0 OK for: @parcel/watcher@2.6.0 want: 2.6.0
2747 silly placeDep ROOT is-glob@4.0.3 OK for: @parcel/watcher@2.6.0 want: ^4.0.3
2748 silly placeDep node_modules/@parcel/watcher node-addon-api@7.1.1 OK for: @parcel/watcher@2.6.0 want: ^7.0.0
2749 silly fetch manifest is-extglob@^2.1.1
2750 silly packumentCache full:https://registry.npmjs.org/is-extglob cache-miss
2751 http fetch GET 200 https://registry.npmjs.org/is-extglob 73ms (cache miss)
2752 silly packumentCache full:https://registry.npmjs.org/is-extglob set size:undefined disposed:false
2753 silly placeDep ROOT is-extglob@2.1.1 OK for: is-glob@4.0.3 want: ^2.1.1
2754 silly placeDep ROOT xmlchars@2.2.0 OK for: saxes@6.0.0 want: ^2.2.0
2755 silly placeDep ROOT shebang-regex@3.0.0 OK for: shebang-command@2.0.0 want: ^3.0.0
2756 silly placeDep ROOT es-errors@1.3.0 OK for: side-channel@1.1.1 want: ^1.3.0
2757 silly placeDep ROOT object-inspect@1.13.4 OK for: side-channel@1.1.1 want: ^1.13.4
2758 silly placeDep ROOT side-channel-list@1.0.1 OK for: side-channel@1.1.1 want: ^1.0.1
2759 silly placeDep ROOT side-channel-map@1.0.1 OK for: side-channel@1.1.1 want: ^1.0.1
2760 silly placeDep ROOT side-channel-weakmap@1.0.2 OK for: side-channel@1.1.1 want: ^1.0.2
2761 silly fetch manifest call-bound@^1.0.2
2762 silly packumentCache full:https://registry.npmjs.org/call-bound cache-miss
2763 silly fetch manifest get-intrinsic@^1.2.5
2764 silly packumentCache full:https://registry.npmjs.org/get-intrinsic cache-miss
2765 silly fetch manifest call-bound@^1.0.2
2766 silly packumentCache full:https://registry.npmjs.org/call-bound cache-miss
2767 silly fetch manifest get-intrinsic@^1.2.5
2768 silly packumentCache full:https://registry.npmjs.org/get-intrinsic cache-miss
2769 http cache https://registry.npmjs.org/call-bound 4ms (cache hit)
2770 silly packumentCache full:https://registry.npmjs.org/call-bound set size:15317 disposed:false
2771 http cache https://registry.npmjs.org/get-intrinsic 6ms (cache hit)
2772 silly packumentCache full:https://registry.npmjs.org/get-intrinsic set size:60985 disposed:false
2773 http cache https://registry.npmjs.org/call-bound 7ms (cache hit)
2774 silly packumentCache full:https://registry.npmjs.org/call-bound set size:15317 disposed:false
2775 silly packumentCache full:https://registry.npmjs.org/call-bound dispose
2776 http cache https://registry.npmjs.org/get-intrinsic 6ms (cache hit)
2777 silly packumentCache full:https://registry.npmjs.org/get-intrinsic set size:60985 disposed:false
2778 silly packumentCache full:https://registry.npmjs.org/get-intrinsic dispose
2779 silly placeDep ROOT call-bound@1.0.4 OK for: side-channel-map@1.0.1 want: ^1.0.2
2780 silly placeDep ROOT get-intrinsic@1.3.0 OK for: side-channel-map@1.0.1 want: ^1.2.5
2781 silly fetch manifest call-bind-apply-helpers@^1.0.2
2782 silly packumentCache full:https://registry.npmjs.org/call-bind-apply-helpers cache-miss
2783 silly fetch manifest get-intrinsic@^1.3.0
2784 silly packumentCache full:https://registry.npmjs.org/get-intrinsic cache-hit
2785 silly fetch manifest gopd@^1.2.0
2786 silly packumentCache full:https://registry.npmjs.org/gopd cache-miss
2787 silly fetch manifest hasown@^2.0.2
2788 silly packumentCache full:https://registry.npmjs.org/hasown cache-miss
2789 silly fetch manifest get-proto@^1.0.1
2790 silly packumentCache full:https://registry.npmjs.org/get-proto cache-miss
2791 silly fetch manifest has-symbols@^1.1.0
2792 silly packumentCache full:https://registry.npmjs.org/has-symbols cache-miss
2793 silly fetch manifest function-bind@^1.1.2
2794 silly packumentCache full:https://registry.npmjs.org/function-bind cache-miss
2795 silly fetch manifest es-object-atoms@^1.1.1
2796 silly packumentCache full:https://registry.npmjs.org/es-object-atoms cache-miss
2797 silly fetch manifest math-intrinsics@^1.1.0
2798 silly packumentCache full:https://registry.npmjs.org/math-intrinsics cache-miss
2799 silly fetch manifest call-bind-apply-helpers@^1.0.2
2800 silly packumentCache full:https://registry.npmjs.org/call-bind-apply-helpers cache-miss
2801 http cache https://registry.npmjs.org/hasown 10ms (cache hit)
2802 silly packumentCache full:https://registry.npmjs.org/hasown set size:18361 disposed:false
2803 http cache https://registry.npmjs.org/get-proto 11ms (cache hit)
2804 silly packumentCache full:https://registry.npmjs.org/get-proto set size:8300 disposed:false
2805 http cache https://registry.npmjs.org/call-bind-apply-helpers 11ms (cache hit)
2806 silly packumentCache full:https://registry.npmjs.org/call-bind-apply-helpers set size:12744 disposed:false
2807 http cache https://registry.npmjs.org/gopd 12ms (cache hit)
2808 silly packumentCache full:https://registry.npmjs.org/gopd set size:11483 disposed:false
2809 http cache https://registry.npmjs.org/has-symbols 12ms (cache hit)
2810 silly packumentCache full:https://registry.npmjs.org/has-symbols set size:21550 disposed:false
2811 http cache https://registry.npmjs.org/es-object-atoms 13ms (cache hit)
2812 silly packumentCache full:https://registry.npmjs.org/es-object-atoms set size:18278 disposed:false
2813 http cache https://registry.npmjs.org/function-bind 13ms (cache hit)
2814 silly packumentCache full:https://registry.npmjs.org/function-bind set size:15733 disposed:false
2815 http cache https://registry.npmjs.org/call-bind-apply-helpers 14ms (cache hit)
2816 silly packumentCache full:https://registry.npmjs.org/call-bind-apply-helpers set size:12744 disposed:false
2817 silly packumentCache full:https://registry.npmjs.org/call-bind-apply-helpers dispose
2818 http cache https://registry.npmjs.org/math-intrinsics 15ms (cache hit)
2819 silly packumentCache full:https://registry.npmjs.org/math-intrinsics set size:9265 disposed:false
2820 silly placeDep ROOT call-bind-apply-helpers@1.0.2 OK for: call-bound@1.0.4 want: ^1.0.2
2821 silly placeDep ROOT function-bind@1.1.2 OK for: call-bind-apply-helpers@1.0.2 want: ^1.1.2
2822 silly placeDep ROOT es-object-atoms@1.1.2 OK for: get-intrinsic@1.3.0 want: ^1.1.1
2823 silly placeDep ROOT get-proto@1.0.1 OK for: get-intrinsic@1.3.0 want: ^1.0.1
2824 silly placeDep ROOT gopd@1.2.0 OK for: get-intrinsic@1.3.0 want: ^1.2.0
2825 silly placeDep ROOT has-symbols@1.1.0 OK for: get-intrinsic@1.3.0 want: ^1.1.0
2826 silly placeDep ROOT hasown@2.0.4 OK for: get-intrinsic@1.3.0 want: ^2.0.2
2827 silly placeDep ROOT math-intrinsics@1.1.0 OK for: get-intrinsic@1.3.0 want: ^1.1.0
2828 silly fetch manifest dunder-proto@^1.0.1
2829 silly packumentCache full:https://registry.npmjs.org/dunder-proto cache-miss
2830 http cache https://registry.npmjs.org/dunder-proto 3ms (cache hit)
2831 silly packumentCache full:https://registry.npmjs.org/dunder-proto set size:8256 disposed:false
2832 silly placeDep ROOT dunder-proto@1.0.1 OK for: get-proto@1.0.1 want: ^1.0.1
2833 silly placeDep ROOT @sigstore/bundle@4.0.0 OK for: sigstore@4.1.1 want: ^4.0.0
2834 silly placeDep ROOT @sigstore/core@3.2.1 OK for: sigstore@4.1.1 want: ^3.2.1
2835 silly placeDep ROOT @sigstore/protobuf-specs@0.5.2 OK for: sigstore@4.1.1 want: ^0.5.0
2836 silly placeDep ROOT @sigstore/sign@4.1.1 OK for: sigstore@4.1.1 want: ^4.1.1
2837 silly placeDep ROOT @sigstore/tuf@4.0.2 OK for: sigstore@4.1.1 want: ^4.0.2
2838 silly placeDep ROOT @sigstore/verify@3.1.1 OK for: sigstore@4.1.1 want: ^3.1.1
2839 silly fetch manifest tuf-js@^4.1.0
2840 silly packumentCache full:https://registry.npmjs.org/tuf-js cache-miss
2841 http cache https://registry.npmjs.org/tuf-js 4ms (cache hit)
2842 silly packumentCache full:https://registry.npmjs.org/tuf-js set size:69593 disposed:false
2843 silly placeDep ROOT tuf-js@4.1.0 OK for: @sigstore/tuf@4.0.2 want: ^4.1.0
2844 silly fetch manifest @tufjs/models@4.1.0
2845 silly packumentCache full:https://registry.npmjs.org/@tufjs%2fmodels cache-miss
2846 http cache https://registry.npmjs.org/@tufjs%2fmodels 17ms (cache hit)
2847 silly packumentCache full:https://registry.npmjs.org/@tufjs%2fmodels set size:33329 disposed:false
2848 silly placeDep ROOT ansi-styles@6.2.3 OK for: slice-ansi@8.0.0 want: ^6.2.3
2849 silly placeDep ROOT is-fullwidth-code-point@5.1.0 OK for: slice-ansi@8.0.0 want: ^5.1.0
2850 silly fetch manifest get-east-asian-width@^1.3.1
2851 silly packumentCache full:https://registry.npmjs.org/get-east-asian-width cache-hit
2852 silly placeDep ROOT get-east-asian-width@1.6.0 OK for: is-fullwidth-code-point@5.1.0 want: ^1.3.1
2853 silly placeDep ROOT socks@2.8.9 OK for: socks-proxy-agent@8.0.5 want: ^2.8.3
2854 silly fetch manifest smart-buffer@^4.2.0
2855 silly packumentCache full:https://registry.npmjs.org/smart-buffer cache-miss
2856 http cache https://registry.npmjs.org/smart-buffer 3ms (cache hit)
2857 silly packumentCache full:https://registry.npmjs.org/smart-buffer set size:87065 disposed:false
2858 silly placeDep ROOT smart-buffer@4.2.0 OK for: socks@2.8.9 want: ^4.2.0
2859 silly placeDep ROOT buffer-from@1.1.2 OK for: source-map-support@0.5.21 want: ^1.0.0
2860 silly placeDep node_modules/source-map-support source-map@0.6.1 OK for: source-map-support@0.5.21 want: ^0.6.0
2861 silly placeDep ROOT spdx-exceptions@2.5.0 OK for: spdx-expression-parse@4.0.0 want: ^2.1.0
2862 silly placeDep ROOT spdx-license-ids@3.0.23 OK for: spdx-expression-parse@4.0.0 want: ^3.0.0
2863 silly placeDep ROOT ansi-regex@6.3.0 OK for: strip-ansi@7.2.0 want: ^6.2.2
2864 silly placeDep ROOT @isaacs/fs-minipass@4.0.1 OK for: tar@7.5.22 want: ^4.0.0
2865 silly placeDep ROOT chownr@3.0.0 OK for: tar@7.5.22 want: ^3.0.0
2866 silly placeDep node_modules/tar yallist@5.0.0 OK for: tar@7.5.22 want: ^5.0.0
2867 silly placeDep ROOT fdir@6.5.0 OK for: tinyglobby@0.2.15 want: ^6.5.0
2868 silly placeDep ROOT tldts@7.4.11 OK for: tough-cookie@6.0.2 want: ^7.0.5
2869 silly fetch manifest tldts-core@^7.4.11
2870 silly packumentCache full:https://registry.npmjs.org/tldts-core cache-miss
2871 http fetch GET 200 https://registry.npmjs.org/tldts-core 265ms (cache miss)
2872 silly packumentCache full:https://registry.npmjs.org/tldts-core set size:undefined disposed:false
2873 silly placeDep ROOT tldts-core@7.4.11 OK for: tldts@7.4.11 want: ^7.4.11
2874 silly placeDep ROOT @tufjs/models@4.1.0 OK for: tuf-js@4.1.0 want: 4.1.0
2875 silly fetch manifest @tufjs/canonical-json@2.0.0
2876 silly packumentCache full:https://registry.npmjs.org/@tufjs%2fcanonical-json cache-miss
2877 http cache https://registry.npmjs.org/@tufjs%2fcanonical-json 23ms (cache hit)
2878 silly packumentCache full:https://registry.npmjs.org/@tufjs%2fcanonical-json set size:7336 disposed:false
2879 silly placeDep ROOT @tufjs/canonical-json@2.0.0 OK for: @tufjs/models@4.1.0 want: 2.0.0
2880 silly placeDep node_modules/type-is content-type@2.1.0 OK for: type-is@2.1.0 want: ^2.0.0
2881 silly placeDep ROOT media-typer@1.1.1 OK for: type-is@2.1.0 want: ^1.1.0
2882 silly placeDep ROOT escalade@3.2.0 OK for: update-browserslist-db@1.3.2 want: ^3.2.0
2883 silly placeDep ROOT fsevents@2.3.3 OK for: vite@7.3.6 want: ~2.3.3
2884 silly placeDep ROOT rollup@4.63.1 OK for: vite@7.3.6 want: ^4.43.0
2885 silly fetch manifest @types/estree@1.0.9
2886 silly packumentCache full:https://registry.npmjs.org/@types%2festree cache-miss
2887 silly fetch manifest @rollup/rollup-darwin-x64@4.63.1
2888 silly packumentCache full:https://registry.npmjs.org/@rollup%2frollup-darwin-x64 cache-miss
2889 silly fetch manifest @rollup/rollup-freebsd-x64@4.63.1
2890 silly packumentCache full:https://registry.npmjs.org/@rollup%2frollup-freebsd-x64 cache-miss
2891 silly fetch manifest @rollup/rollup-openbsd-x64@4.63.1
2892 silly packumentCache full:https://registry.npmjs.org/@rollup%2frollup-openbsd-x64 cache-miss
2893 silly fetch manifest @napi-rs/lzma-linux-x64-gnu@1.5.1
2894 silly packumentCache full:https://registry.npmjs.org/@napi-rs%2flzma-linux-x64-gnu cache-miss
2895 silly fetch manifest @rollup/rollup-darwin-arm64@4.63.1
2896 silly packumentCache full:https://registry.npmjs.org/@rollup%2frollup-darwin-arm64 cache-miss
2897 silly fetch manifest @rollup/rollup-android-arm64@4.63.1
2898 silly packumentCache full:https://registry.npmjs.org/@rollup%2frollup-android-arm64 cache-miss
2899 silly fetch manifest @rollup/rollup-freebsd-arm64@4.63.1
2900 silly packumentCache full:https://registry.npmjs.org/@rollup%2frollup-freebsd-arm64 cache-miss
2901 silly fetch manifest @rollup/rollup-linux-x64-gnu@4.63.1
2902 silly packumentCache full:https://registry.npmjs.org/@rollup%2frollup-linux-x64-gnu cache-miss
2903 silly fetch manifest @rollup/rollup-win32-x64-gnu@4.63.1
2904 silly packumentCache full:https://registry.npmjs.org/@rollup%2frollup-win32-x64-gnu cache-miss
2905 silly fetch manifest @rollup/rollup-linux-x64-musl@4.63.1
2906 silly packumentCache full:https://registry.npmjs.org/@rollup%2frollup-linux-x64-musl cache-miss
2907 silly fetch manifest @rollup/rollup-win32-x64-msvc@4.63.1
2908 silly packumentCache full:https://registry.npmjs.org/@rollup%2frollup-win32-x64-msvc cache-miss
2909 silly fetch manifest @rollup/rollup-linux-arm64-gnu@4.63.1
2910 silly packumentCache full:https://registry.npmjs.org/@rollup%2frollup-linux-arm64-gnu cache-miss
2911 silly fetch manifest @rollup/rollup-linux-ppc64-gnu@4.63.1
2912 silly packumentCache full:https://registry.npmjs.org/@rollup%2frollup-linux-ppc64-gnu cache-miss
2913 silly fetch manifest @rollup/rollup-linux-s390x-gnu@4.63.1
2914 silly packumentCache full:https://registry.npmjs.org/@rollup%2frollup-linux-s390x-gnu cache-miss
2915 http fetch GET 200 https://registry.npmjs.org/@types%2festree 90ms (cache miss)
2916 silly packumentCache full:https://registry.npmjs.org/@types%2festree set size:undefined disposed:false
2917 silly fetch manifest @rollup/rollup-win32-ia32-msvc@4.63.1
2918 silly packumentCache full:https://registry.npmjs.org/@rollup%2frollup-win32-ia32-msvc cache-miss
2919 http fetch GET 200 https://registry.npmjs.org/@rollup%2frollup-freebsd-x64 95ms (cache miss)
2920 silly packumentCache full:https://registry.npmjs.org/@rollup%2frollup-freebsd-x64 set size:undefined disposed:false
2921 silly fetch manifest @rollup/rollup-android-arm-eabi@4.63.1
2922 silly packumentCache full:https://registry.npmjs.org/@rollup%2frollup-android-arm-eabi cache-miss
2923 http fetch GET 200 https://registry.npmjs.org/@rollup%2frollup-linux-ppc64-gnu 95ms (cache miss)
2924 silly packumentCache full:https://registry.npmjs.org/@rollup%2frollup-linux-ppc64-gnu set size:undefined disposed:false
2925 silly fetch manifest @rollup/rollup-linux-arm64-musl@4.63.1
2926 silly packumentCache full:https://registry.npmjs.org/@rollup%2frollup-linux-arm64-musl cache-miss
2927 http fetch GET 200 https://registry.npmjs.org/@napi-rs%2flzma-linux-x64-gnu 103ms (cache miss)
2928 silly packumentCache full:https://registry.npmjs.org/@napi-rs%2flzma-linux-x64-gnu set size:undefined disposed:false
2929 silly fetch manifest @rollup/rollup-linux-ppc64-musl@4.63.1
2930 silly packumentCache full:https://registry.npmjs.org/@rollup%2frollup-linux-ppc64-musl cache-miss
2931 http fetch GET 200 https://registry.npmjs.org/@rollup%2frollup-darwin-arm64 108ms (cache miss)
2932 silly packumentCache full:https://registry.npmjs.org/@rollup%2frollup-darwin-arm64 set size:undefined disposed:false
2933 silly fetch manifest @rollup/rollup-win32-arm64-msvc@4.63.1
2934 silly packumentCache full:https://registry.npmjs.org/@rollup%2frollup-win32-arm64-msvc cache-miss
2935 http fetch GET 200 https://registry.npmjs.org/@rollup%2frollup-openbsd-x64 112ms (cache miss)
2936 silly packumentCache full:https://registry.npmjs.org/@rollup%2frollup-openbsd-x64 set size:undefined disposed:false
2937 silly fetch manifest @rollup/rollup-linux-loong64-gnu@4.63.1
2938 silly packumentCache full:https://registry.npmjs.org/@rollup%2frollup-linux-loong64-gnu cache-miss
2939 http fetch GET 200 https://registry.npmjs.org/@rollup%2frollup-android-arm64 115ms (cache miss)
2940 silly packumentCache full:https://registry.npmjs.org/@rollup%2frollup-android-arm64 set size:undefined disposed:false
2941 silly fetch manifest @rollup/rollup-linux-riscv64-gnu@4.63.1
2942 silly packumentCache full:https://registry.npmjs.org/@rollup%2frollup-linux-riscv64-gnu cache-miss
2943 http fetch GET 200 https://registry.npmjs.org/@rollup%2frollup-linux-x64-gnu 125ms (cache miss)
2944 silly packumentCache full:https://registry.npmjs.org/@rollup%2frollup-linux-x64-gnu set size:undefined disposed:false
2945 silly fetch manifest @rollup/rollup-openharmony-arm64@4.63.1
2946 silly packumentCache full:https://registry.npmjs.org/@rollup%2frollup-openharmony-arm64 cache-miss
2947 http fetch GET 200 https://registry.npmjs.org/@rollup%2frollup-linux-x64-musl 150ms (cache miss)
2948 silly packumentCache full:https://registry.npmjs.org/@rollup%2frollup-linux-x64-musl set size:undefined disposed:false
2949 silly fetch manifest @rollup/rollup-linux-loong64-musl@4.63.1
2950 silly packumentCache full:https://registry.npmjs.org/@rollup%2frollup-linux-loong64-musl cache-miss
2951 http fetch GET 200 https://registry.npmjs.org/@rollup%2frollup-win32-ia32-msvc 101ms (cache miss)
2952 silly packumentCache full:https://registry.npmjs.org/@rollup%2frollup-win32-ia32-msvc set size:undefined disposed:false
2953 silly fetch manifest @rollup/rollup-linux-riscv64-musl@4.63.1
2954 silly packumentCache full:https://registry.npmjs.org/@rollup%2frollup-linux-riscv64-musl cache-miss
2955 http fetch GET 200 https://registry.npmjs.org/@rollup%2frollup-linux-ppc64-musl 93ms (cache miss)
2956 silly packumentCache full:https://registry.npmjs.org/@rollup%2frollup-linux-ppc64-musl set size:undefined disposed:false
2957 silly fetch manifest @rollup/rollup-linux-arm-gnueabihf@4.63.1
2958 silly packumentCache full:https://registry.npmjs.org/@rollup%2frollup-linux-arm-gnueabihf cache-miss
2959 http fetch GET 200 https://registry.npmjs.org/@rollup%2frollup-linux-arm64-musl 104ms (cache miss)
2960 silly packumentCache full:https://registry.npmjs.org/@rollup%2frollup-linux-arm64-musl set size:undefined disposed:false
2961 silly fetch manifest @rollup/rollup-linux-arm-musleabihf@4.63.1
2962 silly packumentCache full:https://registry.npmjs.org/@rollup%2frollup-linux-arm-musleabihf cache-miss
2963 http fetch GET 200 https://registry.npmjs.org/@rollup%2frollup-linux-loong64-gnu 105ms (cache miss)
2964 silly packumentCache full:https://registry.npmjs.org/@rollup%2frollup-linux-loong64-gnu set size:undefined disposed:false
2965 http fetch GET 200 https://registry.npmjs.org/@rollup%2frollup-linux-riscv64-gnu 101ms (cache miss)
2966 silly packumentCache full:https://registry.npmjs.org/@rollup%2frollup-linux-riscv64-gnu set size:undefined disposed:false
2967 http fetch GET 200 https://registry.npmjs.org/@rollup%2frollup-darwin-x64 261ms (cache miss)
2968 silly packumentCache full:https://registry.npmjs.org/@rollup%2frollup-darwin-x64 set size:undefined disposed:false
2969 http fetch GET 200 https://registry.npmjs.org/@rollup%2frollup-win32-x64-gnu 271ms (cache miss)
2970 silly packumentCache full:https://registry.npmjs.org/@rollup%2frollup-win32-x64-gnu set size:undefined disposed:false
2971 http fetch GET 200 https://registry.npmjs.org/@rollup%2frollup-linux-s390x-gnu 271ms (cache miss)
2972 silly packumentCache full:https://registry.npmjs.org/@rollup%2frollup-linux-s390x-gnu set size:undefined disposed:false
2973 http fetch GET 200 https://registry.npmjs.org/@rollup%2frollup-linux-riscv64-musl 87ms (cache miss)
2974 silly packumentCache full:https://registry.npmjs.org/@rollup%2frollup-linux-riscv64-musl set size:undefined disposed:false
2975 http fetch GET 200 https://registry.npmjs.org/@rollup%2frollup-android-arm-eabi 245ms (cache miss)
2976 silly packumentCache full:https://registry.npmjs.org/@rollup%2frollup-android-arm-eabi set size:undefined disposed:false
2977 http fetch GET 200 https://registry.npmjs.org/@rollup%2frollup-win32-arm64-msvc 247ms (cache miss)
2978 silly packumentCache full:https://registry.npmjs.org/@rollup%2frollup-win32-arm64-msvc set size:undefined disposed:false
2979 http fetch GET 200 https://registry.npmjs.org/@rollup%2frollup-linux-arm-musleabihf 252ms (cache miss)
2980 silly packumentCache full:https://registry.npmjs.org/@rollup%2frollup-linux-arm-musleabihf set size:undefined disposed:false
2981 http fetch GET 200 https://registry.npmjs.org/@rollup%2frollup-win32-x64-msvc 456ms (cache miss)
2982 silly packumentCache full:https://registry.npmjs.org/@rollup%2frollup-win32-x64-msvc set size:undefined disposed:false
2983 http fetch GET 200 https://registry.npmjs.org/@rollup%2frollup-linux-arm-gnueabihf 293ms (cache miss)
2984 silly packumentCache full:https://registry.npmjs.org/@rollup%2frollup-linux-arm-gnueabihf set size:undefined disposed:false
2985 http fetch GET 200 https://registry.npmjs.org/@rollup%2frollup-linux-loong64-musl 340ms (cache miss)
2986 silly packumentCache full:https://registry.npmjs.org/@rollup%2frollup-linux-loong64-musl set size:undefined disposed:false
2987 http fetch GET 200 https://registry.npmjs.org/@rollup%2frollup-freebsd-arm64 522ms (cache miss)
2988 silly packumentCache full:https://registry.npmjs.org/@rollup%2frollup-freebsd-arm64 set size:undefined disposed:false
2989 http fetch GET 200 https://registry.npmjs.org/@rollup%2frollup-openharmony-arm64 465ms (cache miss)
2990 silly packumentCache full:https://registry.npmjs.org/@rollup%2frollup-openharmony-arm64 set size:undefined disposed:false
2991 http fetch GET 200 https://registry.npmjs.org/@rollup%2frollup-linux-arm64-gnu 676ms (cache miss)
2992 silly packumentCache full:https://registry.npmjs.org/@rollup%2frollup-linux-arm64-gnu set size:undefined disposed:false
2993 silly placeDep ROOT @napi-rs/lzma-linux-x64-gnu@1.5.1 OK for: rollup@4.63.1 want: 1.5.1
2994 silly placeDep ROOT @rollup/rollup-android-arm-eabi@4.63.1 OK for: rollup@4.63.1 want: 4.63.1
2995 silly placeDep ROOT @rollup/rollup-android-arm64@4.63.1 OK for: rollup@4.63.1 want: 4.63.1
2996 silly placeDep ROOT @rollup/rollup-darwin-arm64@4.63.1 OK for: rollup@4.63.1 want: 4.63.1
2997 silly placeDep ROOT @rollup/rollup-darwin-x64@4.63.1 OK for: rollup@4.63.1 want: 4.63.1
2998 silly placeDep ROOT @rollup/rollup-freebsd-arm64@4.63.1 OK for: rollup@4.63.1 want: 4.63.1
2999 silly placeDep ROOT @rollup/rollup-freebsd-x64@4.63.1 OK for: rollup@4.63.1 want: 4.63.1
3000 silly placeDep ROOT @rollup/rollup-linux-arm-gnueabihf@4.63.1 OK for: rollup@4.63.1 want: 4.63.1
3001 silly placeDep ROOT @rollup/rollup-linux-arm-musleabihf@4.63.1 OK for: rollup@4.63.1 want: 4.63.1
3002 silly placeDep ROOT @rollup/rollup-linux-arm64-gnu@4.63.1 OK for: rollup@4.63.1 want: 4.63.1
3003 silly placeDep ROOT @rollup/rollup-linux-arm64-musl@4.63.1 OK for: rollup@4.63.1 want: 4.63.1
3004 silly placeDep ROOT @rollup/rollup-linux-loong64-gnu@4.63.1 OK for: rollup@4.63.1 want: 4.63.1
3005 silly placeDep ROOT @rollup/rollup-linux-loong64-musl@4.63.1 OK for: rollup@4.63.1 want: 4.63.1
3006 silly placeDep ROOT @rollup/rollup-linux-ppc64-gnu@4.63.1 OK for: rollup@4.63.1 want: 4.63.1
3007 silly placeDep ROOT @rollup/rollup-linux-ppc64-musl@4.63.1 OK for: rollup@4.63.1 want: 4.63.1
3008 silly placeDep ROOT @rollup/rollup-linux-riscv64-gnu@4.63.1 OK for: rollup@4.63.1 want: 4.63.1
3009 silly placeDep ROOT @rollup/rollup-linux-riscv64-musl@4.63.1 OK for: rollup@4.63.1 want: 4.63.1
3010 silly placeDep ROOT @rollup/rollup-linux-s390x-gnu@4.63.1 OK for: rollup@4.63.1 want: 4.63.1
3011 silly placeDep ROOT @rollup/rollup-linux-x64-gnu@4.63.1 OK for: rollup@4.63.1 want: 4.63.1
3012 silly placeDep ROOT @rollup/rollup-linux-x64-musl@4.63.1 OK for: rollup@4.63.1 want: 4.63.1
3013 silly placeDep ROOT @rollup/rollup-openbsd-x64@4.63.1 OK for: rollup@4.63.1 want: 4.63.1
3014 silly placeDep ROOT @rollup/rollup-openharmony-arm64@4.63.1 OK for: rollup@4.63.1 want: 4.63.1
3015 silly placeDep ROOT @rollup/rollup-win32-arm64-msvc@4.63.1 OK for: rollup@4.63.1 want: 4.63.1
3016 silly placeDep ROOT @rollup/rollup-win32-ia32-msvc@4.63.1 OK for: rollup@4.63.1 want: 4.63.1
3017 silly placeDep ROOT @rollup/rollup-win32-x64-gnu@4.63.1 OK for: rollup@4.63.1 want: 4.63.1
3018 silly placeDep ROOT @rollup/rollup-win32-x64-msvc@4.63.1 OK for: rollup@4.63.1 want: 4.63.1
3019 silly placeDep ROOT @types/estree@1.0.9 OK for: rollup@4.63.1 want: 1.0.9
3020 silly fetch manifest msw@^2.4.9
3021 silly packumentCache full:https://registry.npmjs.org/msw cache-miss
3022 http fetch GET 200 https://registry.npmjs.org/msw 162ms (cache miss)
3023 silly packumentCache full:https://registry.npmjs.org/msw set size:undefined disposed:false
3024 silly fetch manifest typescript@>= 4.8.x
3025 silly packumentCache full:https://registry.npmjs.org/typescript cache-miss
3026 http cache https://registry.npmjs.org/typescript 26ms (cache hit)
3027 silly packumentCache full:https://registry.npmjs.org/typescript set size:15614421 disposed:false
3028 silly fetch manifest @vitejs/devtools@^0.4.0 || ^0.5.0
3029 silly packumentCache full:https://registry.npmjs.org/@vitejs%2fdevtools cache-miss
3030 http fetch GET 200 https://registry.npmjs.org/@vitejs%2fdevtools 251ms (cache miss)
3031 silly packumentCache full:https://registry.npmjs.org/@vitejs%2fdevtools set size:undefined disposed:false
3032 silly fetch manifest @vitejs/devtools-oxc@^0.5.2
3033 silly packumentCache full:https://registry.npmjs.org/@vitejs%2fdevtools-oxc cache-miss
3034 http fetch GET 200 https://registry.npmjs.org/@vitejs%2fdevtools-oxc 87ms (cache miss)
3035 silly packumentCache full:https://registry.npmjs.org/@vitejs%2fdevtools-oxc set size:undefined disposed:false
3036 silly fetch manifest @vitejs/devtools-rolldown@^0.5.2
3037 silly packumentCache full:https://registry.npmjs.org/@vitejs%2fdevtools-rolldown cache-miss
3038 http fetch GET 200 https://registry.npmjs.org/@vitejs%2fdevtools-rolldown 103ms (cache miss)
3039 silly packumentCache full:https://registry.npmjs.org/@vitejs%2fdevtools-rolldown set size:undefined disposed:false
3040 silly fetch manifest @vitejs/devtools-vite@^0.5.2
3041 silly packumentCache full:https://registry.npmjs.org/@vitejs%2fdevtools-vite cache-miss
3042 http fetch GET 200 https://registry.npmjs.org/@vitejs%2fdevtools-vite 95ms (cache miss)
3043 silly packumentCache full:https://registry.npmjs.org/@vitejs%2fdevtools-vite set size:undefined disposed:false
3044 silly fetch manifest @vitejs/devtools-vitest@^0.5.2
3045 silly packumentCache full:https://registry.npmjs.org/@vitejs%2fdevtools-vitest cache-miss
3046 http fetch GET 200 https://registry.npmjs.org/@vitejs%2fdevtools-vitest 92ms (cache miss)
3047 silly packumentCache full:https://registry.npmjs.org/@vitejs%2fdevtools-vitest set size:undefined disposed:false
3048 silly fetch manifest vitest@*
3049 silly packumentCache full:https://registry.npmjs.org/vitest cache-miss
3050 http cache https://registry.npmjs.org/vitest 5ms (cache hit)
3051 silly packumentCache full:https://registry.npmjs.org/vitest set size:2246949 disposed:false
3052 silly fetch manifest jsdom@*
3053 silly packumentCache full:https://registry.npmjs.org/jsdom cache-miss
3054 http cache https://registry.npmjs.org/jsdom 4ms (cache hit)
3055 silly packumentCache full:https://registry.npmjs.org/jsdom set size:1074418 disposed:false
3056 silly fetch manifest less@^4.0.0
3057 silly packumentCache full:https://registry.npmjs.org/less cache-miss
3058 http cache https://registry.npmjs.org/less 5ms (cache hit)
3059 silly packumentCache full:https://registry.npmjs.org/less set size:500352 disposed:false
3060 silly fetch manifest sass@^1.70.0
3061 silly packumentCache full:https://registry.npmjs.org/sass cache-miss
3062 http cache https://registry.npmjs.org/sass 5ms (cache hit)
3063 silly packumentCache full:https://registry.npmjs.org/sass set size:747752 disposed:false
3064 silly fetch manifest postcss@^8.3.3
3065 silly packumentCache full:https://registry.npmjs.org/postcss cache-hit
3066 silly placeDep ROOT @vitest/expect@4.1.11 OK for: vitest@4.1.11 want: 4.1.11
3067 silly placeDep ROOT @vitest/mocker@4.1.11 OK for: vitest@4.1.11 want: 4.1.11
3068 silly placeDep ROOT @vitest/pretty-format@4.1.11 OK for: vitest@4.1.11 want: 4.1.11
3069 silly placeDep ROOT @vitest/runner@4.1.11 OK for: vitest@4.1.11 want: 4.1.11
3070 silly placeDep ROOT @vitest/snapshot@4.1.11 OK for: vitest@4.1.11 want: 4.1.11
3071 silly placeDep ROOT @vitest/spy@4.1.11 OK for: vitest@4.1.11 want: 4.1.11
3072 silly placeDep ROOT @vitest/utils@4.1.11 OK for: vitest@4.1.11 want: 4.1.11
3073 silly placeDep ROOT es-module-lexer@2.3.2 OK for: vitest@4.1.11 want: ^2.0.0
3074 silly placeDep ROOT expect-type@1.4.0 OK for: vitest@4.1.11 want: ^1.3.0
3075 silly placeDep ROOT obug@2.1.4 OK for: vitest@4.1.11 want: ^2.1.1
3076 silly placeDep ROOT pathe@2.0.3 OK for: vitest@4.1.11 want: ^2.0.3
3077 silly placeDep ROOT std-env@4.2.0 OK for: vitest@4.1.11 want: ^4.0.0-rc.1
3078 silly placeDep ROOT tinybench@2.9.0 OK for: vitest@4.1.11 want: ^2.9.0
3079 silly placeDep ROOT tinyexec@1.3.0 OK for: vitest@4.1.11 want: ^1.0.2
3080 silly placeDep ROOT tinyrainbow@3.1.1 OK for: vitest@4.1.11 want: ^3.1.0
3081 silly placeDep ROOT why-is-node-running@2.3.0 OK for: vitest@4.1.11 want: ^2.3.0
3082 silly fetch manifest chai@^6.2.2
3083 silly packumentCache full:https://registry.npmjs.org/chai cache-miss
3084 silly fetch manifest @types/chai@^5.2.2
3085 silly packumentCache full:https://registry.npmjs.org/@types%2fchai cache-miss
3086 silly fetch manifest estree-walker@^3.0.3
3087 silly packumentCache full:https://registry.npmjs.org/estree-walker cache-miss
3088 silly fetch manifest siginfo@^2.0.0
3089 silly packumentCache full:https://registry.npmjs.org/siginfo cache-miss
3090 silly fetch manifest stackback@0.0.2
3091 silly packumentCache full:https://registry.npmjs.org/stackback cache-miss
3092 http fetch GET 200 https://registry.npmjs.org/stackback 78ms (cache miss)
3093 silly packumentCache full:https://registry.npmjs.org/stackback set size:undefined disposed:false
3094 http fetch GET 200 https://registry.npmjs.org/chai 85ms (cache miss)
3095 silly packumentCache full:https://registry.npmjs.org/chai set size:undefined disposed:false
3096 http fetch GET 200 https://registry.npmjs.org/estree-walker 87ms (cache miss)
3097 silly packumentCache full:https://registry.npmjs.org/estree-walker set size:undefined disposed:false
3098 http fetch GET 200 https://registry.npmjs.org/siginfo 231ms (cache miss)
3099 silly packumentCache full:https://registry.npmjs.org/siginfo set size:undefined disposed:false
3100 http fetch GET 200 https://registry.npmjs.org/@types%2fchai 403ms (cache miss)
3101 silly packumentCache full:https://registry.npmjs.org/@types%2fchai set size:undefined disposed:false
3102 silly placeDep ROOT @types/chai@5.2.3 OK for: @vitest/expect@4.1.11 want: ^5.2.2
3103 silly placeDep ROOT chai@6.2.2 OK for: @vitest/expect@4.1.11 want: ^6.2.2
3104 silly fetch manifest @types/deep-eql@*
3105 silly packumentCache full:https://registry.npmjs.org/@types%2fdeep-eql cache-miss
3106 silly fetch manifest assertion-error@^2.0.1
3107 silly packumentCache full:https://registry.npmjs.org/assertion-error cache-miss
3108 http fetch GET 200 https://registry.npmjs.org/assertion-error 259ms (cache miss)
3109 silly packumentCache full:https://registry.npmjs.org/assertion-error set size:undefined disposed:false
3110 http fetch GET 200 https://registry.npmjs.org/@types%2fdeep-eql 275ms (cache miss)
3111 silly packumentCache full:https://registry.npmjs.org/@types%2fdeep-eql set size:undefined disposed:false
3112 silly placeDep ROOT @types/deep-eql@4.0.2 OK for: @types/chai@5.2.3 want: *
3113 silly placeDep ROOT assertion-error@2.0.1 OK for: @types/chai@5.2.3 want: ^2.0.1
3114 silly placeDep ROOT estree-walker@3.0.3 OK for: @vitest/mocker@4.1.11 want: ^3.0.3
3115 silly placeDep node_modules/@vitest/utils convert-source-map@2.0.0 OK for: @vitest/utils@4.1.11 want: ^2.0.0
3116 silly placeDep ROOT glob-to-regexp@0.4.1 OK for: watchpack@2.5.1 want: ^0.4.1
3117 silly placeDep ROOT tr46@6.0.0 OK for: whatwg-url@16.0.1 want: ^6.0.0
3118 silly fetch manifest punycode@^2.3.1
3119 silly packumentCache full:https://registry.npmjs.org/punycode cache-miss
3120 http fetch GET 200 https://registry.npmjs.org/punycode 84ms (cache miss)
3121 silly packumentCache full:https://registry.npmjs.org/punycode set size:undefined disposed:false
3122 silly placeDep ROOT punycode@2.3.1 OK for: tr46@6.0.0 want: ^2.3.1
3123 silly placeDep ROOT isexe@2.0.0 OK for: which@2.0.2 want: ^2.0.0
3124 silly placeDep ROOT siginfo@2.0.0 OK for: why-is-node-running@2.3.0 want: ^2.0.0
3125 silly placeDep ROOT stackback@0.0.2 OK for: why-is-node-running@2.3.0 want: 0.0.2
3126 silly placeDep node_modules/wrap-ansi ansi-styles@4.3.0 OK for: wrap-ansi@6.2.0 want: ^4.0.0
3127 silly placeDep node_modules/wrap-ansi string-width@4.2.3 OK for: wrap-ansi@6.2.0 want: ^4.1.0
3128 silly placeDep node_modules/wrap-ansi strip-ansi@6.0.1 OK for: wrap-ansi@6.2.0 want: ^6.0.0
3129 silly fetch manifest color-convert@^2.0.1
3130 silly packumentCache full:https://registry.npmjs.org/color-convert cache-miss
3131 silly fetch manifest strip-ansi@^6.0.1
3132 silly packumentCache full:https://registry.npmjs.org/strip-ansi cache-hit
3133 silly fetch manifest emoji-regex@^8.0.0
3134 silly packumentCache full:https://registry.npmjs.org/emoji-regex cache-miss
3135 silly fetch manifest is-fullwidth-code-point@^3.0.0
3136 silly packumentCache full:https://registry.npmjs.org/is-fullwidth-code-point cache-hit
3137 silly fetch manifest ansi-regex@^5.0.1
3138 silly packumentCache full:https://registry.npmjs.org/ansi-regex cache-hit
3139 http cache https://registry.npmjs.org/color-convert 4ms (cache hit)
3140 silly packumentCache full:https://registry.npmjs.org/color-convert set size:72663 disposed:false
3141 http cache https://registry.npmjs.org/emoji-regex 6ms (cache hit)
3142 silly packumentCache full:https://registry.npmjs.org/emoji-regex set size:89064 disposed:false
3143 silly placeDep ROOT cliui@9.0.1 OK for: yargs@18.0.0 want: ^9.0.1
3144 silly placeDep ROOT get-caller-file@2.0.5 OK for: yargs@18.0.0 want: ^2.0.5
3145 silly placeDep node_modules/yargs string-width@7.2.0 OK for: yargs@18.0.0 want: ^7.2.0
3146 silly placeDep ROOT y18n@5.0.8 OK for: yargs@18.0.0 want: ^5.0.5
3147 silly placeDep ROOT yargs-parser@22.0.0 OK for: yargs@18.0.0 want: ^22.0.0
3148 silly fetch manifest emoji-regex@^10.3.0
3149 silly packumentCache full:https://registry.npmjs.org/emoji-regex cache-hit
3150 silly placeDep node_modules/cliui string-width@7.2.0 OK for: cliui@9.0.1 want: ^7.2.0
3151 silly placeDep node_modules/cliui wrap-ansi@9.0.2 OK for: cliui@9.0.1 want: ^9.0.0
3152 silly placeDep node_modules/@npmcli/git isexe@4.0.0 OK for: which@6.0.1 want: ^4.0.0
3153 silly placeDep node_modules/@npmcli/promise-spawn isexe@4.0.0 OK for: which@6.0.1 want: ^4.0.0
3154 silly placeDep ROOT emoji-regex@10.6.0 OK for: string-width@7.2.0 want: ^10.3.0
3155 silly placeDep node_modules/listr2 string-width@7.2.0 OK for: wrap-ansi@9.0.2 want: ^7.0.0
3156 silly placeDep node_modules/log-update string-width@7.2.0 OK for: wrap-ansi@9.0.2 want: ^7.0.0
3157 silly placeDep node_modules/minipass-flush yallist@4.0.0 OK for: minipass@3.3.6 want: ^4.0.0
3158 silly placeDep node_modules/minipass-pipeline yallist@4.0.0 OK for: minipass@3.3.6 want: ^4.0.0
3159 silly placeDep node_modules/node-gyp isexe@4.0.0 OK for: which@6.0.1 want: ^4.0.0
3160 silly placeDep node_modules/sass readdirp@4.1.2 OK for: chokidar@4.0.3 want: ^4.0.1
3161 silly placeDep ROOT color-convert@2.0.1 OK for: ansi-styles@4.3.0 want: ^2.0.1
3162 silly fetch manifest color-name@~1.1.4
3163 silly packumentCache full:https://registry.npmjs.org/color-name cache-miss
3164 http cache https://registry.npmjs.org/color-name 29ms (cache hit)
3165 silly packumentCache full:https://registry.npmjs.org/color-name set size:20968 disposed:false
3166 silly placeDep ROOT color-name@1.1.4 OK for: color-convert@2.0.1 want: ~1.1.4
3167 silly placeDep node_modules/wrap-ansi emoji-regex@8.0.0 OK for: string-width@4.2.3 want: ^8.0.0
3168 silly placeDep node_modules/wrap-ansi is-fullwidth-code-point@3.0.0 OK for: string-width@4.2.3 want: ^3.0.0
3169 silly placeDep node_modules/wrap-ansi ansi-regex@5.0.1 OK for: strip-ansi@6.0.1 want: ^5.0.1
3170 silly reify moves {}
3171 silly audit bulk request {
3171 silly audit   '@angular/build': [ '21.2.22' ],
3171 silly audit   tslib: [ '2.8.1' ],
3171 silly audit   typescript: [ '5.9.3' ],
3171 silly audit   '@angular/compiler': [ '21.2.22' ],
3171 silly audit   '@angular/compiler-cli': [ '21.2.22' ],
3171 silly audit   '@angular/cli': [ '21.2.22' ],
3171 silly audit   '@angular/common': [ '21.2.22' ],
3171 silly audit   rxjs: [ '7.8.2' ],
3171 silly audit   '@angular/core': [ '21.2.22' ],
3171 silly audit   '@angular/forms': [ '21.2.22' ],
3171 silly audit   '@angular/platform-browser': [ '21.2.22' ],
3171 silly audit   '@angular/router': [ '21.2.22' ],
3171 silly audit   jsdom: [ '28.1.0' ],
3171 silly audit   prettier: [ '3.9.6' ],
3171 silly audit   vitest: [ '4.1.11' ],
3171 silly audit   '@ampproject/remapping': [ '2.3.0' ],
3171 silly audit   '@angular-devkit/architect': [ '0.2102.22' ],
3171 silly audit   '@babel/core': [ '7.29.7' ],
3171 silly audit   '@babel/helper-annotate-as-pure': [ '7.27.3' ],
3171 silly audit   '@babel/helper-split-export-declaration': [ '7.24.7' ],
3171 silly audit   '@inquirer/confirm': [ '5.1.21' ],
3171 silly audit   '@vitejs/plugin-basic-ssl': [ '2.1.4' ],
3171 silly audit   vite: [ '7.3.6' ],
3171 silly audit   beasties: [ '0.4.1' ],
3171 silly audit   browserslist: [ '4.28.8' ],
3171 silly audit   esbuild: [ '0.28.1' ],
3171 silly audit   'https-proxy-agent': [ '7.0.6' ],
3171 silly audit   'istanbul-lib-instrument': [ '6.0.3' ],
3171 silly audit   'jsonc-parser': [ '3.3.1' ],
3171 silly audit   listr2: [ '9.0.5' ],
3171 silly audit   lmdb: [ '3.5.1' ],
3171 silly audit   'magic-string': [ '0.30.21' ],
3171 silly audit   mrmime: [ '2.0.1' ],
3171 silly audit   'parse5-html-rewriting-stream': [ '8.0.0' ],
3171 silly audit   picomatch: [ '4.0.4' ],
3171 silly audit   piscina: [ '5.2.0' ],
3171 silly audit   rolldown: [ '1.0.0-rc.4' ],
3171 silly audit   sass: [ '1.97.3' ],
3171 silly audit   semver: [ '7.7.4', '6.3.1' ],
3171 silly audit   'source-map-support': [ '0.5.21' ],
3171 silly audit   tinyglobby: [ '0.2.15' ],
3171 silly audit   undici: [ '7.29.0', '6.28.0' ],
3171 silly audit   watchpack: [ '2.5.1' ],
3171 silly audit   '@jridgewell/gen-mapping': [ '0.3.13' ],
3171 silly audit   '@jridgewell/trace-mapping': [ '0.3.31' ],
3171 silly audit   '@angular-devkit/core': [ '21.2.22' ],
3171 silly audit   ajv: [ '8.18.0' ],
3171 silly audit   'ajv-formats': [ '3.0.1' ],
3171 silly audit   'source-map': [ '0.7.6', '0.6.1' ],
3171 silly audit   '@angular-devkit/schematics': [ '21.2.22' ],
3171 silly audit   '@inquirer/prompts': [ '7.10.1' ],
3171 silly audit   '@listr2/prompt-adapter-inquirer': [ '3.0.5' ],
3171 silly audit   '@modelcontextprotocol/sdk': [ '1.30.0' ],
3171 silly audit   '@schematics/angular': [ '21.2.22' ],
3171 silly audit   '@yarnpkg/lockfile': [ '1.1.0' ],
3171 silly audit   algoliasearch: [ '5.48.1' ],
3171 silly audit   ini: [ '6.0.0' ],
3171 silly audit   'npm-package-arg': [ '13.0.2' ],
3171 silly audit   pacote: [ '21.5.1' ],
3171 silly audit   yargs: [ '18.0.0' ],
3171 silly audit   zod: [ '4.3.6' ],
3171 silly audit   ora: [ '9.3.0' ],
3171 silly audit   '@jridgewell/sourcemap-codec': [ '1.6.0' ],
3171 silly audit   chokidar: [ '5.0.0', '4.0.3' ],
3171 silly audit   'convert-source-map': [ '1.9.0', '2.0.0' ],
3171 silly audit   'reflect-metadata': [ '0.2.2' ],
3171 silly audit   '@standard-schema/spec': [ '1.1.0' ],
3171 silly audit   '@babel/code-frame': [ '7.29.7' ],
3171 silly audit   '@babel/generator': [ '7.29.8' ],
3171 silly audit   '@babel/helper-compilation-targets': [ '7.29.7' ],
3171 silly audit   '@babel/helper-module-transforms': [ '7.29.7' ],
3171 silly audit   '@babel/helpers': [ '7.29.7' ],
3171 silly audit   '@babel/parser': [ '7.29.8' ],
3171 silly audit   '@babel/template': [ '7.29.7' ],
3171 silly audit   '@babel/traverse': [ '7.29.8' ],
3171 silly audit   '@babel/types': [ '7.29.8' ],
3171 silly audit   '@jridgewell/remapping': [ '2.3.5' ],
3171 silly audit   debug: [ '4.4.3' ],
3171 silly audit   gensync: [ '1.0.0-beta.2' ],
3171 silly audit   json5: [ '2.2.3' ],
3171 silly audit   '@babel/helper-validator-identifier': [ '7.29.7' ],
3171 silly audit   'js-tokens': [ '4.0.0' ],
3171 silly audit   picocolors: [ '1.1.1' ],
3171 silly audit   jsesc: [ '3.1.0' ],
3171 silly audit   '@babel/compat-data': [ '7.29.7' ],
3171 silly audit   '@babel/helper-validator-option': [ '7.29.7' ],
3171 silly audit   'lru-cache': [ '5.1.1', '11.5.2' ],
3171 silly audit   '@babel/helper-module-imports': [ '7.29.7' ],
3171 silly audit   '@babel/helper-globals': [ '7.29.7' ],
3171 silly audit   '@babel/helper-string-parser': [ '7.29.7' ],
3171 silly audit   '@inquirer/core': [ '10.3.2' ],
3171 silly audit   '@inquirer/type': [ '3.0.10' ],
3171 silly audit   '@inquirer/ansi': [ '1.0.2' ],
3171 silly audit   '@inquirer/figures': [ '1.0.15' ],
3171 silly audit   'cli-width': [ '4.1.0' ],
3171 silly audit   'mute-stream': [ '2.0.0' ],
3171 silly audit   'signal-exit': [ '4.1.0' ],
3171 silly audit   'wrap-ansi': [ '6.2.0', '9.0.2' ],
3171 silly audit   'yoctocolors-cjs': [ '2.1.3' ],
3171 silly audit   '@inquirer/checkbox': [ '4.3.2' ],
3171 silly audit   '@inquirer/editor': [ '4.2.23' ],
3171 silly audit   '@inquirer/expand': [ '4.0.23' ],
3171 silly audit   '@inquirer/input': [ '4.3.1' ],
3171 silly audit   '@inquirer/number': [ '3.0.23' ],
3171 silly audit   '@inquirer/password': [ '4.0.23' ],
3171 silly audit   '@inquirer/rawlist': [ '4.1.11' ],
3171 silly audit   '@inquirer/search': [ '3.2.2' ],
3171 silly audit   '@inquirer/select': [ '4.4.2' ],
3171 silly audit   '@inquirer/external-editor': [ '1.0.3' ],
3171 silly audit   chardet: [ '2.2.0' ],
3171 silly audit   'iconv-lite': [ '0.7.3' ],
3171 silly audit   '@jridgewell/resolve-uri': [ '3.1.2' ],
3171 silly audit   '@hono/node-server': [ '2.1.1' ],
3171 silly audit   hono: [ '4.13.5' ],
3171 silly audit   'content-type': [ '1.0.5', '2.1.0' ],
3171 silly audit   cors: [ '2.8.6' ],
3171 silly audit   'cross-spawn': [ '7.0.6' ],
3171 silly audit   eventsource: [ '3.0.7' ],
3171 silly audit   'eventsource-parser': [ '3.1.1' ],
3171 silly audit   express: [ '5.2.1' ],
3171 silly audit   'express-rate-limit': [ '8.7.0' ],
3171 silly audit   jose: [ '6.2.10' ],
3171 silly audit   'json-schema-typed': [ '8.0.2' ],
3171 silly audit   'pkce-challenge': [ '5.0.1' ],
3171 silly audit   'raw-body': [ '3.0.2' ],
3171 silly audit   'zod-to-json-schema': [ '3.25.2' ],
3171 silly audit   'fast-deep-equal': [ '3.1.3' ],
3171 silly audit   'fast-uri': [ '3.1.6' ],
3171 silly audit   'json-schema-traverse': [ '1.0.0' ],
3171 silly audit   'require-from-string': [ '2.0.2' ],
3171 silly audit   '@algolia/abtesting': [ '1.14.1' ],
3171 silly audit   '@algolia/client-abtesting': [ '5.48.1' ],
3171 silly audit   '@algolia/client-analytics': [ '5.48.1' ],
3171 silly audit   '@algolia/client-common': [ '5.48.1' ],
3171 silly audit   '@algolia/client-insights': [ '5.48.1' ],
3171 silly audit   '@algolia/client-personalization': [ '5.48.1' ],
3171 silly audit   '@algolia/client-query-suggestions': [ '5.48.1' ],
3171 silly audit   '@algolia/client-search': [ '5.48.1' ],
3171 silly audit   '@algolia/ingestion': [ '1.48.1' ],
3171 silly audit   '@algolia/monitoring': [ '1.48.1' ],
3171 silly audit   '@algolia/recommend': [ '5.48.1' ],
3171 silly audit   '@algolia/requester-browser-xhr': [ '5.48.1' ],
3171 silly audit   '@algolia/requester-fetch': [ '5.48.1' ],
3171 silly audit   '@algolia/requester-node-http': [ '5.48.1' ],
3171 silly audit   'css-select': [ '6.0.0' ],
3171 silly audit   'css-what': [ '7.0.0' ],
3171 silly audit   'dom-serializer': [ '2.0.0' ],
3171 silly audit   domhandler: [ '5.0.3' ],
3171 silly audit   htmlparser2: [ '10.1.0' ],
3171 silly audit   postcss: [ '8.5.26' ],
3171 silly audit   'postcss-media-query-parser': [ '0.2.3' ],
3171 silly audit   'postcss-safe-parser': [ '7.0.1' ],
3171 silly audit   'baseline-browser-mapping': [ '2.11.20' ],
3171 silly audit   'caniuse-lite': [ '1.0.30001810' ],
3171 silly audit   'electron-to-chromium': [ '1.5.416' ],
3171 silly audit   'node-releases': [ '2.0.54' ],
3171 silly audit   'update-browserslist-db': [ '1.3.2' ],
3171 silly audit   readdirp: [ '5.1.1', '4.1.2' ],
3171 silly audit   'object-assign': [ '4.1.1' ],
3171 silly audit   vary: [ '1.1.2' ],
3171 silly audit   'path-key': [ '3.1.1' ],
3171 silly audit   'shebang-command': [ '2.0.0' ],
3171 silly audit   which: [ '2.0.2', '6.0.1' ],
3171 silly audit   boolbase: [ '1.0.0' ],
3171 silly audit   domutils: [ '3.2.2' ],
3171 silly audit   'nth-check': [ '2.1.1' ],
3171 silly audit   ms: [ '2.1.3' ],
3171 silly audit   domelementtype: [ '2.3.0' ],
3171 silly audit   entities: [ '4.5.0', '7.0.1', '8.0.0', '6.0.1' ],
3171 silly audit   '@esbuild/aix-ppc64': [ '0.28.1' ],
3171 silly audit   '@esbuild/android-arm': [ '0.28.1' ],
3171 silly audit   '@esbuild/android-arm64': [ '0.28.1' ],
3171 silly audit   '@esbuild/android-x64': [ '0.28.1' ],
3171 silly audit   '@esbuild/darwin-arm64': [ '0.28.1' ],
3171 silly audit   '@esbuild/darwin-x64': [ '0.28.1' ],
3171 silly audit   '@esbuild/freebsd-arm64': [ '0.28.1' ],
3171 silly audit   '@esbuild/freebsd-x64': [ '0.28.1' ],
3171 silly audit   '@esbuild/linux-arm': [ '0.28.1' ],
3171 silly audit   '@esbuild/linux-arm64': [ '0.28.1' ],
3171 silly audit   '@esbuild/linux-ia32': [ '0.28.1' ],
3171 silly audit   '@esbuild/linux-loong64': [ '0.28.1' ],
3171 silly audit   '@esbuild/linux-mips64el': [ '0.28.1' ],
3171 silly audit   '@esbuild/linux-ppc64': [ '0.28.1' ],
3171 silly audit   '@esbuild/linux-riscv64': [ '0.28.1' ],
3171 silly audit   '@esbuild/linux-s390x': [ '0.28.1' ],
3171 silly audit   '@esbuild/linux-x64': [ '0.28.1' ],
3171 silly audit   '@esbuild/netbsd-arm64': [ '0.28.1' ],
3171 silly audit   '@esbuild/netbsd-x64': [ '0.28.1' ],
3171 silly audit   '@esbuild/openbsd-arm64': [ '0.28.1' ],
3171 silly audit   '@esbuild/openbsd-x64': [ '0.28.1' ],
3171 silly audit   '@esbuild/openharmony-arm64': [ '0.28.1' ],
3171 silly audit   '@esbuild/sunos-x64': [ '0.28.1' ],
3171 silly audit   '@esbuild/win32-arm64': [ '0.28.1' ],
3171 silly audit   '@esbuild/win32-ia32': [ '0.28.1' ],
3171 silly audit   '@esbuild/win32-x64': [ '0.28.1' ],
3171 silly audit   accepts: [ '2.0.0' ],
3171 silly audit   'body-parser': [ '2.3.0' ],
3171 silly audit   'content-disposition': [ '1.1.0' ],
3171 silly audit   cookie: [ '0.7.2' ],
3171 silly audit   'cookie-signature': [ '1.2.2' ],
3171 silly audit   depd: [ '2.0.0' ],
3171 silly audit   encodeurl: [ '2.0.0' ],
3171 silly audit   'escape-html': [ '1.0.3' ],
3171 silly audit   etag: [ '1.8.1' ],
3171 silly audit   finalhandler: [ '2.1.1' ],
3171 silly audit   fresh: [ '2.0.0' ],
3171 silly audit   'http-errors': [ '2.0.1' ],
3171 silly audit   'merge-descriptors': [ '2.0.0' ],
3171 silly audit   'mime-types': [ '3.0.2' ],
3171 silly audit   'on-finished': [ '2.4.1' ],
3171 silly audit   once: [ '1.4.0' ],
3171 silly audit   parseurl: [ '1.3.3' ],
3171 silly audit   'proxy-addr': [ '2.0.7' ],
3171 silly audit   qs: [ '6.16.0' ],
3171 silly audit   'range-parser': [ '1.3.0' ],
3171 silly audit   router: [ '2.2.0' ],
3171 silly audit   send: [ '1.2.1' ],
3171 silly audit   'serve-static': [ '2.2.1' ],
3171 silly audit   statuses: [ '2.0.2' ],
3171 silly audit   'type-is': [ '2.1.0' ],
3171 silly audit   negotiator: [ '1.1.0' ],
3171 silly audit   bytes: [ '3.1.2' ],
3171 silly audit   'ip-address': [ '10.7.0' ],
3171 silly audit   inherits: [ '2.0.4' ],
3171 silly audit   setprototypeof: [ '1.2.0' ],
3171 silly audit   toidentifier: [ '1.0.1' ],
3171 silly audit   'agent-base': [ '7.1.4' ],
3171 silly audit   'safer-buffer': [ '2.1.2' ],
3171 silly audit   '@istanbuljs/schema': [ '0.1.6' ],
3171 silly audit   'istanbul-lib-coverage': [ '3.2.2' ],
3171 silly audit   '@acemir/cssom': [ '0.9.31' ],
3171 silly audit   '@asamuzakjp/dom-selector': [ '6.8.1' ],
3171 silly audit   '@bramus/specificity': [ '2.4.2' ],
3171 silly audit   '@exodus/bytes': [ '1.15.1' ],
3171 silly audit   cssstyle: [ '6.2.0' ],
3171 silly audit   'data-urls': [ '7.0.0' ],
3171 silly audit   'decimal.js': [ '10.6.0' ],
3171 silly audit   'html-encoding-sniffer': [ '6.0.0' ],
3171 silly audit   'http-proxy-agent': [ '7.0.2' ],
3171 silly audit   'is-potential-custom-element-name': [ '1.0.1' ],
3171 silly audit   parse5: [ '8.0.1' ],
3171 silly audit   saxes: [ '6.0.0' ],
3171 silly audit   'symbol-tree': [ '3.2.4' ],
3171 silly audit   'tough-cookie': [ '6.0.2' ],
3171 silly audit   'w3c-xmlserializer': [ '5.0.0' ],
3171 silly audit   'webidl-conversions': [ '8.0.1' ],
3171 silly audit   'whatwg-mimetype': [ '5.0.0' ],
3171 silly audit   'whatwg-url': [ '16.0.1' ],
3171 silly audit   'xml-name-validator': [ '5.0.0' ],
3171 silly audit   '@asamuzakjp/nwsapi': [ '2.3.9' ],
3171 silly audit   'bidi-js': [ '1.0.3' ],
3171 silly audit   'css-tree': [ '3.2.1' ],
3171 silly audit   'mdn-data': [ '2.27.1' ],
3171 silly audit   'source-map-js': [ '1.2.1' ],
3171 silly audit   '@asamuzakjp/css-color': [ '5.1.11' ],
3171 silly audit   '@csstools/css-syntax-patches-for-csstree': [ '1.1.10' ],
3171 silly audit   '@asamuzakjp/generational-cache': [ '1.0.1' ],
3171 silly audit   '@csstools/css-calc': [ '3.3.0' ],
3171 silly audit   '@csstools/css-parser-algorithms': [ '4.0.0' ],
3171 silly audit   '@csstools/css-tokenizer': [ '4.0.0' ],
3171 silly audit   '@csstools/css-color-parser': [ '4.2.2' ],
3171 silly audit   '@csstools/color-helpers': [ '6.1.1' ],
3171 silly audit   'cli-truncate': [ '5.2.0' ],
3171 silly audit   colorette: [ '2.0.20' ],
3171 silly audit   eventemitter3: [ '5.0.4' ],
3171 silly audit   'log-update': [ '6.1.0' ],
3171 silly audit   rfdc: [ '1.4.1' ],
3171 silly audit   'slice-ansi': [ '8.0.0', '7.1.2' ],
3171 silly audit   'string-width': [ '8.2.2', '4.2.3', '7.2.0' ],
3171 silly audit   '@harperfast/extended-iterable': [ '1.0.3' ],
3171 silly audit   '@lmdb/lmdb-darwin-arm64': [ '3.5.1' ],
3171 silly audit   '@lmdb/lmdb-darwin-x64': [ '3.5.1' ],
3171 silly audit   '@lmdb/lmdb-linux-arm': [ '3.5.1' ],
3171 silly audit   '@lmdb/lmdb-linux-arm64': [ '3.5.1' ],
3171 silly audit   '@lmdb/lmdb-linux-x64': [ '3.5.1' ],
3171 silly audit   '@lmdb/lmdb-win32-arm64': [ '3.5.1' ],
3171 silly audit   '@lmdb/lmdb-win32-x64': [ '3.5.1' ],
3171 silly audit   msgpackr: [ '1.12.1' ],
3171 silly audit   'node-addon-api': [ '6.1.0', '7.1.1' ],
3171 silly audit   'node-gyp-build-optional-packages': [ '5.2.2' ],
3171 silly audit   'ordered-binary': [ '1.6.1' ],
3171 silly audit   'weak-lru-cache': [ '1.2.2' ],
3171 silly audit   'ansi-escapes': [ '7.3.0' ],
3171 silly audit   'cli-cursor': [ '5.0.0' ],
3171 silly audit   'strip-ansi': [ '7.2.0', '6.0.1' ],
3171 silly audit   environment: [ '1.1.0' ],
3171 silly audit   'restore-cursor': [ '5.1.0' ],
3171 silly audit   yallist: [ '3.1.1', '5.0.0', '4.0.0' ],
3171 silly audit   'mime-db': [ '1.54.0' ],
3171 silly audit   'msgpackr-extract': [ '3.0.4' ],
3171 silly audit   '@msgpackr-extract/msgpackr-extract-darwin-arm64': [ '3.0.4' ],
3171 silly audit   '@msgpackr-extract/msgpackr-extract-darwin-x64': [ '3.0.4' ],
3171 silly audit   '@msgpackr-extract/msgpackr-extract-linux-arm': [ '3.0.4' ],
3171 silly audit   '@msgpackr-extract/msgpackr-extract-linux-arm64': [ '3.0.4' ],
3171 silly audit   '@msgpackr-extract/msgpackr-extract-linux-x64': [ '3.0.4' ],
3171 silly audit   '@msgpackr-extract/msgpackr-extract-win32-x64': [ '3.0.4' ],
3171 silly audit   'detect-libc': [ '2.1.2' ],
3171 silly audit   'hosted-git-info': [ '9.0.3' ],
3171 silly audit   'proc-log': [ '6.1.0' ],
3171 silly audit   'validate-npm-package-name': [ '7.0.2' ],
3171 silly audit   'ee-first': [ '1.1.1' ],
3171 silly audit   wrappy: [ '1.0.2' ],
3171 silly audit   chalk: [ '5.6.2' ],
3171 silly audit   'cli-spinners': [ '3.4.0' ],
3171 silly audit   'is-interactive': [ '2.0.0' ],
3171 silly audit   'is-unicode-supported': [ '2.1.0' ],
3171 silly audit   'log-symbols': [ '7.0.1' ],
3171 silly audit   'stdin-discarder': [ '0.3.2' ],
3171 silly audit   yoctocolors: [ '2.2.0' ],
3171 silly audit   '@gar/promise-retry': [ '1.0.3' ],
3171 silly audit   '@npmcli/git': [ '7.0.2' ],
3171 silly audit   '@npmcli/installed-package-contents': [ '4.0.0' ],
3171 silly audit   '@npmcli/package-json': [ '7.0.5' ],
3171 silly audit   '@npmcli/promise-spawn': [ '9.0.1' ],
3171 silly audit   '@npmcli/run-script': [ '10.0.4' ],
3171 silly audit   cacache: [ '20.0.4' ],
3171 silly audit   'fs-minipass': [ '3.0.3' ],
3171 silly audit   minipass: [ '7.1.3', '3.3.6' ],
3171 silly audit   'npm-packlist': [ '10.0.4' ],
3171 silly audit   'npm-pick-manifest': [ '11.0.3' ],
3171 silly audit   'npm-registry-fetch': [ '19.1.1' ],
3171 silly audit   sigstore: [ '4.1.1' ],
3171 silly audit   ssri: [ '13.0.1' ],
3171 silly audit   tar: [ '7.5.22' ],
3171 silly audit   'npm-bundled': [ '5.0.0' ],
3171 silly audit   'npm-normalize-package-bin': [ '5.0.0' ],
3171 silly audit   glob: [ '13.0.6' ],
3171 silly audit   'json-parse-even-better-errors': [ '5.0.0' ],
3171 silly audit   'spdx-expression-parse': [ '4.0.0' ],
3171 silly audit   '@npmcli/node-gyp': [ '5.0.0' ],
3171 silly audit   'node-gyp': [ '12.4.0' ],
3171 silly audit   '@npmcli/fs': [ '5.0.0' ],
3171 silly audit   'minipass-collect': [ '2.0.1' ],
3171 silly audit   'minipass-flush': [ '1.0.7' ],
3171 silly audit   'minipass-pipeline': [ '1.2.4' ],
3171 silly audit   'p-map': [ '7.0.7' ],
3171 silly audit   minimatch: [ '10.2.6' ],
3171 silly audit   'path-scurry': [ '2.0.2' ],
3171 silly audit   'brace-expansion': [ '5.0.9' ],
3171 silly audit   'balanced-match': [ '4.0.4' ],
3171 silly audit   'env-paths': [ '2.2.1' ],
3171 silly audit   'exponential-backoff': [ '3.1.3' ],
3171 silly audit   'graceful-fs': [ '4.2.11' ],
3171 silly audit   nopt: [ '9.0.0' ],
3171 silly audit   abbrev: [ '4.0.0' ],
3171 silly audit   'ignore-walk': [ '8.0.0' ],
3171 silly audit   'npm-install-checks': [ '8.0.0' ],
3171 silly audit   '@npmcli/redact': [ '4.0.0' ],
3171 silly audit   jsonparse: [ '1.3.1' ],
3171 silly audit   'make-fetch-happen': [ '15.0.6' ],
3171 silly audit   'minipass-fetch': [ '5.0.2' ],
3171 silly audit   minizlib: [ '3.1.0' ],
3171 silly audit   '@npmcli/agent': [ '4.0.2' ],
3171 silly audit   'http-cache-semantics': [ '4.2.0' ],
3171 silly audit   'socks-proxy-agent': [ '8.0.5' ],
3171 silly audit   'minipass-sized': [ '2.0.0' ],
3171 silly audit   'parse5-sax-parser': [ '8.0.0' ],
3171 silly audit   '@napi-rs/nice': [ '1.1.1' ],
3171 silly audit   '@napi-rs/nice-android-arm-eabi': [ '1.1.1' ],
3171 silly audit   '@napi-rs/nice-android-arm64': [ '1.1.1' ],
3171 silly audit   '@napi-rs/nice-darwin-arm64': [ '1.1.1' ],
3171 silly audit   '@napi-rs/nice-darwin-x64': [ '1.1.1' ],
3171 silly audit   '@napi-rs/nice-freebsd-x64': [ '1.1.1' ],
3171 silly audit   '@napi-rs/nice-linux-arm-gnueabihf': [ '1.1.1' ],
3171 silly audit   '@napi-rs/nice-linux-arm64-gnu': [ '1.1.1' ],
3171 silly audit   '@napi-rs/nice-linux-arm64-musl': [ '1.1.1' ],
3171 silly audit   '@napi-rs/nice-linux-ppc64-gnu': [ '1.1.1' ],
3171 silly audit   '@napi-rs/nice-linux-riscv64-gnu': [ '1.1.1' ],
3171 silly audit   '@napi-rs/nice-linux-s390x-gnu': [ '1.1.1' ],
3171 silly audit   '@napi-rs/nice-linux-x64-gnu': [ '1.1.1' ],
3171 silly audit   '@napi-rs/nice-linux-x64-musl': [ '1.1.1' ],
3171 silly audit   '@napi-rs/nice-openharmony-arm64': [ '1.1.1' ],
3171 silly audit   '@napi-rs/nice-win32-arm64-msvc': [ '1.1.1' ],
3171 silly audit   '@napi-rs/nice-win32-ia32-msvc': [ '1.1.1' ],
3171 silly audit   '@napi-rs/nice-win32-x64-msvc': [ '1.1.1' ],
3171 silly audit   nanoid: [ '3.3.18' ],
3171 silly audit   forwarded: [ '0.2.0' ],
3171 silly audit   'ipaddr.js': [ '1.9.1' ],
3171 silly audit   'es-define-property': [ '1.0.1' ],
3171 silly audit   'side-channel': [ '1.1.1' ],
3171 silly audit   unpipe: [ '1.0.0' ],
3171 silly audit   onetime: [ '7.0.0' ],
3171 silly audit   'mimic-function': [ '5.0.1' ],
3171 silly audit   '@oxc-project/types': [ '0.113.0' ],
3171 silly audit   '@rolldown/binding-android-arm64': [ '1.0.0-rc.4' ],
3171 silly audit   '@rolldown/binding-darwin-arm64': [ '1.0.0-rc.4' ],
3171 silly audit   '@rolldown/binding-darwin-x64': [ '1.0.0-rc.4' ],
3171 silly audit   '@rolldown/binding-freebsd-x64': [ '1.0.0-rc.4' ],
3171 silly audit   '@rolldown/binding-linux-arm-gnueabihf': [ '1.0.0-rc.4' ],
3171 silly audit   '@rolldown/binding-linux-arm64-gnu': [ '1.0.0-rc.4' ],
3171 silly audit   '@rolldown/binding-linux-arm64-musl': [ '1.0.0-rc.4' ],
3171 silly audit   '@rolldown/binding-linux-x64-gnu': [ '1.0.0-rc.4' ],
3171 silly audit   '@rolldown/binding-linux-x64-musl': [ '1.0.0-rc.4' ],
3171 silly audit   '@rolldown/binding-openharmony-arm64': [ '1.0.0-rc.4' ],
3171 silly audit   '@rolldown/binding-wasm32-wasi': [ '1.0.0-rc.4' ],
3171 silly audit   '@rolldown/binding-win32-arm64-msvc': [ '1.0.0-rc.4' ],
3171 silly audit   '@rolldown/binding-win32-x64-msvc': [ '1.0.0-rc.4' ],
3171 silly audit   '@rolldown/pluginutils': [ '1.0.0-rc.4' ],
3171 silly audit   '@napi-rs/wasm-runtime': [ '1.2.3' ],
3171 silly audit   '@emnapi/core': [ '1.11.3' ],
3171 silly audit   '@emnapi/runtime': [ '1.11.3' ],
3171 silly audit   '@emnapi/wasi-threads': [ '1.2.3' ],
3171 silly audit   '@tybys/wasm-util': [ '0.10.3' ],
3171 silly audit   'is-promise': [ '4.0.0' ],
3171 silly audit   'path-to-regexp': [ '8.4.2' ],
3171 silly audit   '@parcel/watcher': [ '2.6.0' ],
3171 silly audit   immutable: [ '5.1.9' ],
3171 silly audit   '@parcel/watcher-android-arm64': [ '2.6.0' ],
3171 silly audit   '@parcel/watcher-darwin-arm64': [ '2.6.0' ],
3171 silly audit   '@parcel/watcher-darwin-x64': [ '2.6.0' ],
3171 silly audit   '@parcel/watcher-freebsd-x64': [ '2.6.0' ],
3171 silly audit   '@parcel/watcher-linux-arm-glibc': [ '2.6.0' ],
3171 silly audit   '@parcel/watcher-linux-arm-musl': [ '2.6.0' ],
3171 silly audit   '@parcel/watcher-linux-arm64-glibc': [ '2.6.0' ],
3171 silly audit   '@parcel/watcher-linux-arm64-musl': [ '2.6.0' ],
3171 silly audit   '@parcel/watcher-linux-x64-glibc': [ '2.6.0' ],
3171 silly audit   '@parcel/watcher-linux-x64-musl': [ '2.6.0' ],
3171 silly audit   '@parcel/watcher-win32-arm64': [ '2.6.0' ],
3171 silly audit   '@parcel/watcher-win32-x64': [ '2.6.0' ],
3171 silly audit   'is-glob': [ '4.0.3' ],
3171 silly audit   'is-extglob': [ '2.1.1' ],
3171 silly audit   xmlchars: [ '2.2.0' ],
3171 silly audit   'shebang-regex': [ '3.0.0' ],
3171 silly audit   'es-errors': [ '1.3.0' ],
3171 silly audit   'object-inspect': [ '1.13.4' ],
3171 silly audit   'side-channel-list': [ '1.0.1' ],
3171 silly audit   'side-channel-map': [ '1.0.1' ],
3171 silly audit   'side-channel-weakmap': [ '1.0.2' ],
3171 silly audit   'call-bound': [ '1.0.4' ],
3171 silly audit   'get-intrinsic': [ '1.3.0' ],
3171 silly audit   'call-bind-apply-helpers': [ '1.0.2' ],
3171 silly audit   'function-bind': [ '1.1.2' ],
3171 silly audit   'es-object-atoms': [ '1.1.2' ],
3171 silly audit   'get-proto': [ '1.0.1' ],
3171 silly audit   gopd: [ '1.2.0' ],
3171 silly audit   'has-symbols': [ '1.1.0' ],
3171 silly audit   hasown: [ '2.0.4' ],
3171 silly audit   'math-intrinsics': [ '1.1.0' ],
3171 silly audit   'dunder-proto': [ '1.0.1' ],
3171 silly audit   '@sigstore/bundle': [ '4.0.0' ],
3171 silly audit   '@sigstore/core': [ '3.2.1' ],
3171 silly audit   '@sigstore/protobuf-specs': [ '0.5.2' ],
3171 silly audit   '@sigstore/sign': [ '4.1.1' ],
3171 silly audit   '@sigstore/tuf': [ '4.0.2' ],
3171 silly audit   '@sigstore/verify': [ '3.1.1' ],
3171 silly audit   'tuf-js': [ '4.1.0' ],
3171 silly audit   'ansi-styles': [ '6.2.3', '4.3.0' ],
3171 silly audit   'is-fullwidth-code-point': [ '5.1.0', '3.0.0' ],
3171 silly audit   'get-east-asian-width': [ '1.6.0' ],
3171 silly audit   socks: [ '2.8.9' ],
3171 silly audit   'smart-buffer': [ '4.2.0' ],
3171 silly audit   'buffer-from': [ '1.1.2' ],
3171 silly audit   'spdx-exceptions': [ '2.5.0' ],
3171 silly audit   'spdx-license-ids': [ '3.0.23' ],
3171 silly audit   'ansi-regex': [ '6.3.0', '5.0.1' ],
3171 silly audit   '@isaacs/fs-minipass': [ '4.0.1' ],
3171 silly audit   chownr: [ '3.0.0' ],
3171 silly audit   fdir: [ '6.5.0' ],
3171 silly audit   tldts: [ '7.4.11' ],
3171 silly audit   'tldts-core': [ '7.4.11' ],
3171 silly audit   '@tufjs/models': [ '4.1.0' ],
3171 silly audit   '@tufjs/canonical-json': [ '2.0.0' ],
3171 silly audit   'media-typer': [ '1.1.1' ],
3171 silly audit   escalade: [ '3.2.0' ],
3171 silly audit   fsevents: [ '2.3.3' ],
3171 silly audit   rollup: [ '4.63.1' ],
3171 silly audit   '@napi-rs/lzma-linux-x64-gnu': [ '1.5.1' ],
3171 silly audit   '@rollup/rollup-android-arm-eabi': [ '4.63.1' ],
3171 silly audit   '@rollup/rollup-android-arm64': [ '4.63.1' ],
3171 silly audit   '@rollup/rollup-darwin-arm64': [ '4.63.1' ],
3171 silly audit   '@rollup/rollup-darwin-x64': [ '4.63.1' ],
3171 silly audit   '@rollup/rollup-freebsd-arm64': [ '4.63.1' ],
3171 silly audit   '@rollup/rollup-freebsd-x64': [ '4.63.1' ],
3171 silly audit   '@rollup/rollup-linux-arm-gnueabihf': [ '4.63.1' ],
3171 silly audit   '@rollup/rollup-linux-arm-musleabihf': [ '4.63.1' ],
3171 silly audit   '@rollup/rollup-linux-arm64-gnu': [ '4.63.1' ],
3171 silly audit   '@rollup/rollup-linux-arm64-musl': [ '4.63.1' ],
3171 silly audit   '@rollup/rollup-linux-loong64-gnu': [ '4.63.1' ],
3171 silly audit   '@rollup/rollup-linux-loong64-musl': [ '4.63.1' ],
3171 silly audit   '@rollup/rollup-linux-ppc64-gnu': [ '4.63.1' ],
3171 silly audit   '@rollup/rollup-linux-ppc64-musl': [ '4.63.1' ],
3171 silly audit   '@rollup/rollup-linux-riscv64-gnu': [ '4.63.1' ],
3171 silly audit   '@rollup/rollup-linux-riscv64-musl': [ '4.63.1' ],
3171 silly audit   '@rollup/rollup-linux-s390x-gnu': [ '4.63.1' ],
3171 silly audit   '@rollup/rollup-linux-x64-gnu': [ '4.63.1' ],
3171 silly audit   '@rollup/rollup-linux-x64-musl': [ '4.63.1' ],
3171 silly audit   '@rollup/rollup-openbsd-x64': [ '4.63.1' ],
3171 silly audit   '@rollup/rollup-openharmony-arm64': [ '4.63.1' ],
3171 silly audit   '@rollup/rollup-win32-arm64-msvc': [ '4.63.1' ],
3171 silly audit   '@rollup/rollup-win32-ia32-msvc': [ '4.63.1' ],
3171 silly audit   '@rollup/rollup-win32-x64-gnu': [ '4.63.1' ],
3171 silly audit   '@rollup/rollup-win32-x64-msvc': [ '4.63.1' ],
3171 silly audit   '@types/estree': [ '1.0.9' ],
3171 silly audit   '@vitest/expect': [ '4.1.11' ],
3171 silly audit   '@vitest/mocker': [ '4.1.11' ],
3171 silly audit   '@vitest/pretty-format': [ '4.1.11' ],
3171 silly audit   '@vitest/runner': [ '4.1.11' ],
3171 silly audit   '@vitest/snapshot': [ '4.1.11' ],
3171 silly audit   '@vitest/spy': [ '4.1.11' ],
3171 silly audit   '@vitest/utils': [ '4.1.11' ],
3171 silly audit   'es-module-lexer': [ '2.3.2' ],
3171 silly audit   'expect-type': [ '1.4.0' ],
3171 silly audit   obug: [ '2.1.4' ],
3171 silly audit   pathe: [ '2.0.3' ],
3171 silly audit   'std-env': [ '4.2.0' ],
3171 silly audit   tinybench: [ '2.9.0' ],
3171 silly audit   tinyexec: [ '1.3.0' ],
3171 silly audit   tinyrainbow: [ '3.1.1' ],
3171 silly audit   'why-is-node-running': [ '2.3.0' ],
3171 silly audit   '@types/chai': [ '5.2.3' ],
3171 silly audit   chai: [ '6.2.2' ],
3171 silly audit   '@types/deep-eql': [ '4.0.2' ],
3171 silly audit   'assertion-error': [ '2.0.1' ],
3171 silly audit   'estree-walker': [ '3.0.3' ],
3171 silly audit   'glob-to-regexp': [ '0.4.1' ],
3171 silly audit   tr46: [ '6.0.0' ],
3171 silly audit   punycode: [ '2.3.1' ],
3171 silly audit   isexe: [ '2.0.0', '4.0.0' ],
3171 silly audit   siginfo: [ '2.0.0' ],
3171 silly audit   stackback: [ '0.0.2' ],
3171 silly audit   cliui: [ '9.0.1' ],
3171 silly audit   'get-caller-file': [ '2.0.5' ],
3171 silly audit   y18n: [ '5.0.8' ],
3171 silly audit   'yargs-parser': [ '22.0.0' ],
3171 silly audit   'emoji-regex': [ '10.6.0', '8.0.0' ],
3171 silly audit   'color-convert': [ '2.0.1' ],
3171 silly audit   'color-name': [ '1.1.4' ]
3171 silly audit }
3172 verbose reify failed optional dependency F:\Repositorios 2-2026\Capricho-Store\frontend-web\node_modules\@rollup\rollup-win32-ia32-msvc
3173 silly reify mark deleted [
3173 silly reify   'F:\\Repositorios 2-2026\\Capricho-Store\\frontend-web\\node_modules\\@rollup\\rollup-win32-ia32-msvc'
3173 silly reify ]
3174 verbose reify failed optional dependency F:\Repositorios 2-2026\Capricho-Store\frontend-web\node_modules\@rollup\rollup-win32-arm64-msvc
3175 silly reify mark deleted [
3175 silly reify   'F:\\Repositorios 2-2026\\Capricho-Store\\frontend-web\\node_modules\\@rollup\\rollup-win32-arm64-msvc'
3175 silly reify ]
3176 verbose reify failed optional dependency F:\Repositorios 2-2026\Capricho-Store\frontend-web\node_modules\@rollup\rollup-openharmony-arm64
3177 silly reify mark deleted [
3177 silly reify   'F:\\Repositorios 2-2026\\Capricho-Store\\frontend-web\\node_modules\\@rollup\\rollup-openharmony-arm64'
3177 silly reify ]
3178 verbose reify failed optional dependency F:\Repositorios 2-2026\Capricho-Store\frontend-web\node_modules\@rollup\rollup-openbsd-x64
3179 silly reify mark deleted [
3179 silly reify   'F:\\Repositorios 2-2026\\Capricho-Store\\frontend-web\\node_modules\\@rollup\\rollup-openbsd-x64'
3179 silly reify ]
3180 verbose reify failed optional dependency F:\Repositorios 2-2026\Capricho-Store\frontend-web\node_modules\@rollup\rollup-linux-x64-musl
3181 silly reify mark deleted [
3181 silly reify   'F:\\Repositorios 2-2026\\Capricho-Store\\frontend-web\\node_modules\\@rollup\\rollup-linux-x64-musl'
3181 silly reify ]
3182 verbose reify failed optional dependency F:\Repositorios 2-2026\Capricho-Store\frontend-web\node_modules\@rollup\rollup-linux-x64-gnu
3183 silly reify mark deleted [
3183 silly reify   'F:\\Repositorios 2-2026\\Capricho-Store\\frontend-web\\node_modules\\@rollup\\rollup-linux-x64-gnu'
3183 silly reify ]
3184 verbose reify failed optional dependency F:\Repositorios 2-2026\Capricho-Store\frontend-web\node_modules\@rollup\rollup-linux-s390x-gnu
3185 silly reify mark deleted [
3185 silly reify   'F:\\Repositorios 2-2026\\Capricho-Store\\frontend-web\\node_modules\\@rollup\\rollup-linux-s390x-gnu'
3185 silly reify ]
3186 verbose reify failed optional dependency F:\Repositorios 2-2026\Capricho-Store\frontend-web\node_modules\@rollup\rollup-linux-riscv64-musl
3187 silly reify mark deleted [
3187 silly reify   'F:\\Repositorios 2-2026\\Capricho-Store\\frontend-web\\node_modules\\@rollup\\rollup-linux-riscv64-musl'
3187 silly reify ]
3188 verbose reify failed optional dependency F:\Repositorios 2-2026\Capricho-Store\frontend-web\node_modules\@rollup\rollup-linux-riscv64-gnu
3189 silly reify mark deleted [
3189 silly reify   'F:\\Repositorios 2-2026\\Capricho-Store\\frontend-web\\node_modules\\@rollup\\rollup-linux-riscv64-gnu'
3189 silly reify ]
3190 verbose reify failed optional dependency F:\Repositorios 2-2026\Capricho-Store\frontend-web\node_modules\@rollup\rollup-linux-ppc64-musl
3191 silly reify mark deleted [
3191 silly reify   'F:\\Repositorios 2-2026\\Capricho-Store\\frontend-web\\node_modules\\@rollup\\rollup-linux-ppc64-musl'
3191 silly reify ]
3192 verbose reify failed optional dependency F:\Repositorios 2-2026\Capricho-Store\frontend-web\node_modules\@rollup\rollup-linux-ppc64-gnu
3193 silly reify mark deleted [
3193 silly reify   'F:\\Repositorios 2-2026\\Capricho-Store\\frontend-web\\node_modules\\@rollup\\rollup-linux-ppc64-gnu'
3193 silly reify ]
3194 verbose reify failed optional dependency F:\Repositorios 2-2026\Capricho-Store\frontend-web\node_modules\@rollup\rollup-linux-loong64-musl
3195 silly reify mark deleted [
3195 silly reify   'F:\\Repositorios 2-2026\\Capricho-Store\\frontend-web\\node_modules\\@rollup\\rollup-linux-loong64-musl'
3195 silly reify ]
3196 verbose reify failed optional dependency F:\Repositorios 2-2026\Capricho-Store\frontend-web\node_modules\@rollup\rollup-linux-loong64-gnu
3197 silly reify mark deleted [
3197 silly reify   'F:\\Repositorios 2-2026\\Capricho-Store\\frontend-web\\node_modules\\@rollup\\rollup-linux-loong64-gnu'
3197 silly reify ]
3198 verbose reify failed optional dependency F:\Repositorios 2-2026\Capricho-Store\frontend-web\node_modules\@rollup\rollup-linux-arm64-musl
3199 silly reify mark deleted [
3199 silly reify   'F:\\Repositorios 2-2026\\Capricho-Store\\frontend-web\\node_modules\\@rollup\\rollup-linux-arm64-musl'
3199 silly reify ]
3200 verbose reify failed optional dependency F:\Repositorios 2-2026\Capricho-Store\frontend-web\node_modules\@rollup\rollup-linux-arm64-gnu
3201 silly reify mark deleted [
3201 silly reify   'F:\\Repositorios 2-2026\\Capricho-Store\\frontend-web\\node_modules\\@rollup\\rollup-linux-arm64-gnu'
3201 silly reify ]
3202 verbose reify failed optional dependency F:\Repositorios 2-2026\Capricho-Store\frontend-web\node_modules\@rollup\rollup-linux-arm-musleabihf
3203 silly reify mark deleted [
3203 silly reify   'F:\\Repositorios 2-2026\\Capricho-Store\\frontend-web\\node_modules\\@rollup\\rollup-linux-arm-musleabihf'
3203 silly reify ]
3204 verbose reify failed optional dependency F:\Repositorios 2-2026\Capricho-Store\frontend-web\node_modules\@rollup\rollup-linux-arm-gnueabihf
3205 silly reify mark deleted [
3205 silly reify   'F:\\Repositorios 2-2026\\Capricho-Store\\frontend-web\\node_modules\\@rollup\\rollup-linux-arm-gnueabihf'
3205 silly reify ]
3206 verbose reify failed optional dependency F:\Repositorios 2-2026\Capricho-Store\frontend-web\node_modules\@rollup\rollup-freebsd-x64
3207 silly reify mark deleted [
3207 silly reify   'F:\\Repositorios 2-2026\\Capricho-Store\\frontend-web\\node_modules\\@rollup\\rollup-freebsd-x64'
3207 silly reify ]
3208 verbose reify failed optional dependency F:\Repositorios 2-2026\Capricho-Store\frontend-web\node_modules\@rollup\rollup-freebsd-arm64
3209 silly reify mark deleted [
3209 silly reify   'F:\\Repositorios 2-2026\\Capricho-Store\\frontend-web\\node_modules\\@rollup\\rollup-freebsd-arm64'
3209 silly reify ]
3210 verbose reify failed optional dependency F:\Repositorios 2-2026\Capricho-Store\frontend-web\node_modules\@rollup\rollup-darwin-x64
3211 silly reify mark deleted [
3211 silly reify   'F:\\Repositorios 2-2026\\Capricho-Store\\frontend-web\\node_modules\\@rollup\\rollup-darwin-x64'
3211 silly reify ]
3212 verbose reify failed optional dependency F:\Repositorios 2-2026\Capricho-Store\frontend-web\node_modules\@rollup\rollup-darwin-arm64
3213 silly reify mark deleted [
3213 silly reify   'F:\\Repositorios 2-2026\\Capricho-Store\\frontend-web\\node_modules\\@rollup\\rollup-darwin-arm64'
3213 silly reify ]
3214 verbose reify failed optional dependency F:\Repositorios 2-2026\Capricho-Store\frontend-web\node_modules\@rollup\rollup-android-arm64
3215 silly reify mark deleted [
3215 silly reify   'F:\\Repositorios 2-2026\\Capricho-Store\\frontend-web\\node_modules\\@rollup\\rollup-android-arm64'
3215 silly reify ]
3216 verbose reify failed optional dependency F:\Repositorios 2-2026\Capricho-Store\frontend-web\node_modules\@rollup\rollup-android-arm-eabi
3217 silly reify mark deleted [
3217 silly reify   'F:\\Repositorios 2-2026\\Capricho-Store\\frontend-web\\node_modules\\@rollup\\rollup-android-arm-eabi'
3217 silly reify ]
3218 verbose reify failed optional dependency F:\Repositorios 2-2026\Capricho-Store\frontend-web\node_modules\@napi-rs\lzma-linux-x64-gnu
3219 silly reify mark deleted [
3219 silly reify   'F:\\Repositorios 2-2026\\Capricho-Store\\frontend-web\\node_modules\\@napi-rs\\lzma-linux-x64-gnu'
3219 silly reify ]
3220 verbose reify failed optional dependency F:\Repositorios 2-2026\Capricho-Store\frontend-web\node_modules\fsevents
3221 silly reify mark deleted [
3221 silly reify   'F:\\Repositorios 2-2026\\Capricho-Store\\frontend-web\\node_modules\\fsevents'
3221 silly reify ]
3222 verbose reify failed optional dependency F:\Repositorios 2-2026\Capricho-Store\frontend-web\node_modules\@parcel\watcher-win32-arm64
3223 silly reify mark deleted [
3223 silly reify   'F:\\Repositorios 2-2026\\Capricho-Store\\frontend-web\\node_modules\\@parcel\\watcher-win32-arm64'
3223 silly reify ]
3224 verbose reify failed optional dependency F:\Repositorios 2-2026\Capricho-Store\frontend-web\node_modules\@parcel\watcher-linux-x64-musl
3225 silly reify mark deleted [
3225 silly reify   'F:\\Repositorios 2-2026\\Capricho-Store\\frontend-web\\node_modules\\@parcel\\watcher-linux-x64-musl'
3225 silly reify ]
3226 verbose reify failed optional dependency F:\Repositorios 2-2026\Capricho-Store\frontend-web\node_modules\@parcel\watcher-linux-x64-glibc
3227 silly reify mark deleted [
3227 silly reify   'F:\\Repositorios 2-2026\\Capricho-Store\\frontend-web\\node_modules\\@parcel\\watcher-linux-x64-glibc'
3227 silly reify ]
3228 verbose reify failed optional dependency F:\Repositorios 2-2026\Capricho-Store\frontend-web\node_modules\@parcel\watcher-linux-arm64-musl
3229 silly reify mark deleted [
3229 silly reify   'F:\\Repositorios 2-2026\\Capricho-Store\\frontend-web\\node_modules\\@parcel\\watcher-linux-arm64-musl'
3229 silly reify ]
3230 verbose reify failed optional dependency F:\Repositorios 2-2026\Capricho-Store\frontend-web\node_modules\@parcel\watcher-linux-arm64-glibc
3231 silly reify mark deleted [
3231 silly reify   'F:\\Repositorios 2-2026\\Capricho-Store\\frontend-web\\node_modules\\@parcel\\watcher-linux-arm64-glibc'
3231 silly reify ]
3232 verbose reify failed optional dependency F:\Repositorios 2-2026\Capricho-Store\frontend-web\node_modules\@parcel\watcher-linux-arm-musl
3233 silly reify mark deleted [
3233 silly reify   'F:\\Repositorios 2-2026\\Capricho-Store\\frontend-web\\node_modules\\@parcel\\watcher-linux-arm-musl'
3233 silly reify ]
3234 verbose reify failed optional dependency F:\Repositorios 2-2026\Capricho-Store\frontend-web\node_modules\@parcel\watcher-linux-arm-glibc
3235 silly reify mark deleted [
3235 silly reify   'F:\\Repositorios 2-2026\\Capricho-Store\\frontend-web\\node_modules\\@parcel\\watcher-linux-arm-glibc'
3235 silly reify ]
3236 verbose reify failed optional dependency F:\Repositorios 2-2026\Capricho-Store\frontend-web\node_modules\@parcel\watcher-freebsd-x64
3237 silly reify mark deleted [
3237 silly reify   'F:\\Repositorios 2-2026\\Capricho-Store\\frontend-web\\node_modules\\@parcel\\watcher-freebsd-x64'
3237 silly reify ]
3238 verbose reify failed optional dependency F:\Repositorios 2-2026\Capricho-Store\frontend-web\node_modules\@parcel\watcher-darwin-x64
3239 silly reify mark deleted [
3239 silly reify   'F:\\Repositorios 2-2026\\Capricho-Store\\frontend-web\\node_modules\\@parcel\\watcher-darwin-x64'
3239 silly reify ]
3240 verbose reify failed optional dependency F:\Repositorios 2-2026\Capricho-Store\frontend-web\node_modules\@parcel\watcher-darwin-arm64
3241 silly reify mark deleted [
3241 silly reify   'F:\\Repositorios 2-2026\\Capricho-Store\\frontend-web\\node_modules\\@parcel\\watcher-darwin-arm64'
3241 silly reify ]
3242 verbose reify failed optional dependency F:\Repositorios 2-2026\Capricho-Store\frontend-web\node_modules\@parcel\watcher-android-arm64
3243 silly reify mark deleted [
3243 silly reify   'F:\\Repositorios 2-2026\\Capricho-Store\\frontend-web\\node_modules\\@parcel\\watcher-android-arm64'
3243 silly reify ]
3244 verbose reify failed optional dependency F:\Repositorios 2-2026\Capricho-Store\frontend-web\node_modules\@rolldown\binding-win32-arm64-msvc
3245 silly reify mark deleted [
3245 silly reify   'F:\\Repositorios 2-2026\\Capricho-Store\\frontend-web\\node_modules\\@rolldown\\binding-win32-arm64-msvc'
3245 silly reify ]
3246 verbose reify failed optional dependency F:\Repositorios 2-2026\Capricho-Store\frontend-web\node_modules\@rolldown\binding-wasm32-wasi
3247 silly reify mark deleted [
3247 silly reify   'F:\\Repositorios 2-2026\\Capricho-Store\\frontend-web\\node_modules\\@rolldown\\binding-wasm32-wasi'
3247 silly reify ]
3248 verbose reify failed optional dependency F:\Repositorios 2-2026\Capricho-Store\frontend-web\node_modules\@napi-rs\wasm-runtime
3249 silly reify mark deleted [
3249 silly reify   'F:\\Repositorios 2-2026\\Capricho-Store\\frontend-web\\node_modules\\@napi-rs\\wasm-runtime'
3249 silly reify ]
3250 verbose reify failed optional dependency F:\Repositorios 2-2026\Capricho-Store\frontend-web\node_modules\@emnapi\core
3251 silly reify mark deleted [
3251 silly reify   'F:\\Repositorios 2-2026\\Capricho-Store\\frontend-web\\node_modules\\@emnapi\\core'
3251 silly reify ]
3252 verbose reify failed optional dependency F:\Repositorios 2-2026\Capricho-Store\frontend-web\node_modules\@emnapi\runtime
3253 silly reify mark deleted [
3253 silly reify   'F:\\Repositorios 2-2026\\Capricho-Store\\frontend-web\\node_modules\\@emnapi\\runtime'
3253 silly reify ]
3254 verbose reify failed optional dependency F:\Repositorios 2-2026\Capricho-Store\frontend-web\node_modules\@tybys\wasm-util
3255 silly reify mark deleted [
3255 silly reify   'F:\\Repositorios 2-2026\\Capricho-Store\\frontend-web\\node_modules\\@tybys\\wasm-util'
3255 silly reify ]
3256 verbose reify failed optional dependency F:\Repositorios 2-2026\Capricho-Store\frontend-web\node_modules\@emnapi\wasi-threads
3257 silly reify mark deleted [
3257 silly reify   'F:\\Repositorios 2-2026\\Capricho-Store\\frontend-web\\node_modules\\@emnapi\\wasi-threads'
3257 silly reify ]
3258 verbose reify failed optional dependency F:\Repositorios 2-2026\Capricho-Store\frontend-web\node_modules\@rolldown\binding-openharmony-arm64
3259 silly reify mark deleted [
3259 silly reify   'F:\\Repositorios 2-2026\\Capricho-Store\\frontend-web\\node_modules\\@rolldown\\binding-openharmony-arm64'
3259 silly reify ]
3260 verbose reify failed optional dependency F:\Repositorios 2-2026\Capricho-Store\frontend-web\node_modules\@rolldown\binding-linux-x64-musl
3261 silly reify mark deleted [
3261 silly reify   'F:\\Repositorios 2-2026\\Capricho-Store\\frontend-web\\node_modules\\@rolldown\\binding-linux-x64-musl'
3261 silly reify ]
3262 verbose reify failed optional dependency F:\Repositorios 2-2026\Capricho-Store\frontend-web\node_modules\@rolldown\binding-linux-x64-gnu
3263 silly reify mark deleted [
3263 silly reify   'F:\\Repositorios 2-2026\\Capricho-Store\\frontend-web\\node_modules\\@rolldown\\binding-linux-x64-gnu'
3263 silly reify ]
3264 verbose reify failed optional dependency F:\Repositorios 2-2026\Capricho-Store\frontend-web\node_modules\@rolldown\binding-linux-arm64-musl
3265 silly reify mark deleted [
3265 silly reify   'F:\\Repositorios 2-2026\\Capricho-Store\\frontend-web\\node_modules\\@rolldown\\binding-linux-arm64-musl'
3265 silly reify ]
3266 verbose reify failed optional dependency F:\Repositorios 2-2026\Capricho-Store\frontend-web\node_modules\@rolldown\binding-linux-arm64-gnu
3267 silly reify mark deleted [
3267 silly reify   'F:\\Repositorios 2-2026\\Capricho-Store\\frontend-web\\node_modules\\@rolldown\\binding-linux-arm64-gnu'
3267 silly reify ]
3268 verbose reify failed optional dependency F:\Repositorios 2-2026\Capricho-Store\frontend-web\node_modules\@rolldown\binding-linux-arm-gnueabihf
3269 silly reify mark deleted [
3269 silly reify   'F:\\Repositorios 2-2026\\Capricho-Store\\frontend-web\\node_modules\\@rolldown\\binding-linux-arm-gnueabihf'
3269 silly reify ]
3270 verbose reify failed optional dependency F:\Repositorios 2-2026\Capricho-Store\frontend-web\node_modules\@rolldown\binding-freebsd-x64
3271 silly reify mark deleted [
3271 silly reify   'F:\\Repositorios 2-2026\\Capricho-Store\\frontend-web\\node_modules\\@rolldown\\binding-freebsd-x64'
3271 silly reify ]
3272 verbose reify failed optional dependency F:\Repositorios 2-2026\Capricho-Store\frontend-web\node_modules\@rolldown\binding-darwin-x64
3273 silly reify mark deleted [
3273 silly reify   'F:\\Repositorios 2-2026\\Capricho-Store\\frontend-web\\node_modules\\@rolldown\\binding-darwin-x64'
3273 silly reify ]
3274 verbose reify failed optional dependency F:\Repositorios 2-2026\Capricho-Store\frontend-web\node_modules\@rolldown\binding-darwin-arm64
3275 silly reify mark deleted [
3275 silly reify   'F:\\Repositorios 2-2026\\Capricho-Store\\frontend-web\\node_modules\\@rolldown\\binding-darwin-arm64'
3275 silly reify ]
3276 verbose reify failed optional dependency F:\Repositorios 2-2026\Capricho-Store\frontend-web\node_modules\@rolldown\binding-android-arm64
3277 silly reify mark deleted [
3277 silly reify   'F:\\Repositorios 2-2026\\Capricho-Store\\frontend-web\\node_modules\\@rolldown\\binding-android-arm64'
3277 silly reify ]
3278 verbose reify failed optional dependency F:\Repositorios 2-2026\Capricho-Store\frontend-web\node_modules\@napi-rs\nice-win32-ia32-msvc
3279 silly reify mark deleted [
3279 silly reify   'F:\\Repositorios 2-2026\\Capricho-Store\\frontend-web\\node_modules\\@napi-rs\\nice-win32-ia32-msvc'
3279 silly reify ]
3280 verbose reify failed optional dependency F:\Repositorios 2-2026\Capricho-Store\frontend-web\node_modules\@napi-rs\nice-win32-arm64-msvc
3281 silly reify mark deleted [
3281 silly reify   'F:\\Repositorios 2-2026\\Capricho-Store\\frontend-web\\node_modules\\@napi-rs\\nice-win32-arm64-msvc'
3281 silly reify ]
3282 verbose reify failed optional dependency F:\Repositorios 2-2026\Capricho-Store\frontend-web\node_modules\@napi-rs\nice-openharmony-arm64
3283 silly reify mark deleted [
3283 silly reify   'F:\\Repositorios 2-2026\\Capricho-Store\\frontend-web\\node_modules\\@napi-rs\\nice-openharmony-arm64'
3283 silly reify ]
3284 verbose reify failed optional dependency F:\Repositorios 2-2026\Capricho-Store\frontend-web\node_modules\@napi-rs\nice-linux-x64-musl
3285 silly reify mark deleted [
3285 silly reify   'F:\\Repositorios 2-2026\\Capricho-Store\\frontend-web\\node_modules\\@napi-rs\\nice-linux-x64-musl'
3285 silly reify ]
3286 verbose reify failed optional dependency F:\Repositorios 2-2026\Capricho-Store\frontend-web\node_modules\@napi-rs\nice-linux-x64-gnu
3287 silly reify mark deleted [
3287 silly reify   'F:\\Repositorios 2-2026\\Capricho-Store\\frontend-web\\node_modules\\@napi-rs\\nice-linux-x64-gnu'
3287 silly reify ]
3288 verbose reify failed optional dependency F:\Repositorios 2-2026\Capricho-Store\frontend-web\node_modules\@napi-rs\nice-linux-s390x-gnu
3289 silly reify mark deleted [
3289 silly reify   'F:\\Repositorios 2-2026\\Capricho-Store\\frontend-web\\node_modules\\@napi-rs\\nice-linux-s390x-gnu'
3289 silly reify ]
3290 verbose reify failed optional dependency F:\Repositorios 2-2026\Capricho-Store\frontend-web\node_modules\@napi-rs\nice-linux-riscv64-gnu
3291 silly reify mark deleted [
3291 silly reify   'F:\\Repositorios 2-2026\\Capricho-Store\\frontend-web\\node_modules\\@napi-rs\\nice-linux-riscv64-gnu'
3291 silly reify ]
3292 verbose reify failed optional dependency F:\Repositorios 2-2026\Capricho-Store\frontend-web\node_modules\@napi-rs\nice-linux-ppc64-gnu
3293 silly reify mark deleted [
3293 silly reify   'F:\\Repositorios 2-2026\\Capricho-Store\\frontend-web\\node_modules\\@napi-rs\\nice-linux-ppc64-gnu'
3293 silly reify ]
3294 verbose reify failed optional dependency F:\Repositorios 2-2026\Capricho-Store\frontend-web\node_modules\@napi-rs\nice-linux-arm64-musl
3295 silly reify mark deleted [
3295 silly reify   'F:\\Repositorios 2-2026\\Capricho-Store\\frontend-web\\node_modules\\@napi-rs\\nice-linux-arm64-musl'
3295 silly reify ]
3296 verbose reify failed optional dependency F:\Repositorios 2-2026\Capricho-Store\frontend-web\node_modules\@napi-rs\nice-linux-arm64-gnu
3297 silly reify mark deleted [
3297 silly reify   'F:\\Repositorios 2-2026\\Capricho-Store\\frontend-web\\node_modules\\@napi-rs\\nice-linux-arm64-gnu'
3297 silly reify ]
3298 verbose reify failed optional dependency F:\Repositorios 2-2026\Capricho-Store\frontend-web\node_modules\@napi-rs\nice-linux-arm-gnueabihf
3299 silly reify mark deleted [
3299 silly reify   'F:\\Repositorios 2-2026\\Capricho-Store\\frontend-web\\node_modules\\@napi-rs\\nice-linux-arm-gnueabihf'
3299 silly reify ]
3300 verbose reify failed optional dependency F:\Repositorios 2-2026\Capricho-Store\frontend-web\node_modules\@napi-rs\nice-freebsd-x64
3301 silly reify mark deleted [
3301 silly reify   'F:\\Repositorios 2-2026\\Capricho-Store\\frontend-web\\node_modules\\@napi-rs\\nice-freebsd-x64'
3301 silly reify ]
3302 verbose reify failed optional dependency F:\Repositorios 2-2026\Capricho-Store\frontend-web\node_modules\@napi-rs\nice-darwin-x64
3303 silly reify mark deleted [
3303 silly reify   'F:\\Repositorios 2-2026\\Capricho-Store\\frontend-web\\node_modules\\@napi-rs\\nice-darwin-x64'
3303 silly reify ]
3304 verbose reify failed optional dependency F:\Repositorios 2-2026\Capricho-Store\frontend-web\node_modules\@napi-rs\nice-darwin-arm64
3305 silly reify mark deleted [
3305 silly reify   'F:\\Repositorios 2-2026\\Capricho-Store\\frontend-web\\node_modules\\@napi-rs\\nice-darwin-arm64'
3305 silly reify ]
3306 verbose reify failed optional dependency F:\Repositorios 2-2026\Capricho-Store\frontend-web\node_modules\@napi-rs\nice-android-arm64
3307 silly reify mark deleted [
3307 silly reify   'F:\\Repositorios 2-2026\\Capricho-Store\\frontend-web\\node_modules\\@napi-rs\\nice-android-arm64'
3307 silly reify ]
3308 verbose reify failed optional dependency F:\Repositorios 2-2026\Capricho-Store\frontend-web\node_modules\@napi-rs\nice-android-arm-eabi
3309 silly reify mark deleted [
3309 silly reify   'F:\\Repositorios 2-2026\\Capricho-Store\\frontend-web\\node_modules\\@napi-rs\\nice-android-arm-eabi'
3309 silly reify ]
3310 verbose reify failed optional dependency F:\Repositorios 2-2026\Capricho-Store\frontend-web\node_modules\@msgpackr-extract\msgpackr-extract-linux-x64
3311 silly reify mark deleted [
3311 silly reify   'F:\\Repositorios 2-2026\\Capricho-Store\\frontend-web\\node_modules\\@msgpackr-extract\\msgpackr-extract-linux-x64'
3311 silly reify ]
3312 verbose reify failed optional dependency F:\Repositorios 2-2026\Capricho-Store\frontend-web\node_modules\@msgpackr-extract\msgpackr-extract-linux-arm64
3313 silly reify mark deleted [
3313 silly reify   'F:\\Repositorios 2-2026\\Capricho-Store\\frontend-web\\node_modules\\@msgpackr-extract\\msgpackr-extract-linux-arm64'
3313 silly reify ]
3314 verbose reify failed optional dependency F:\Repositorios 2-2026\Capricho-Store\frontend-web\node_modules\@msgpackr-extract\msgpackr-extract-linux-arm
3315 silly reify mark deleted [
3315 silly reify   'F:\\Repositorios 2-2026\\Capricho-Store\\frontend-web\\node_modules\\@msgpackr-extract\\msgpackr-extract-linux-arm'
3315 silly reify ]
3316 verbose reify failed optional dependency F:\Repositorios 2-2026\Capricho-Store\frontend-web\node_modules\@msgpackr-extract\msgpackr-extract-darwin-x64
3317 silly reify mark deleted [
3317 silly reify   'F:\\Repositorios 2-2026\\Capricho-Store\\frontend-web\\node_modules\\@msgpackr-extract\\msgpackr-extract-darwin-x64'
3317 silly reify ]
3318 verbose reify failed optional dependency F:\Repositorios 2-2026\Capricho-Store\frontend-web\node_modules\@msgpackr-extract\msgpackr-extract-darwin-arm64
3319 silly reify mark deleted [
3319 silly reify   'F:\\Repositorios 2-2026\\Capricho-Store\\frontend-web\\node_modules\\@msgpackr-extract\\msgpackr-extract-darwin-arm64'
3319 silly reify ]
3320 verbose reify failed optional dependency F:\Repositorios 2-2026\Capricho-Store\frontend-web\node_modules\@lmdb\lmdb-win32-arm64
3321 silly reify mark deleted [
3321 silly reify   'F:\\Repositorios 2-2026\\Capricho-Store\\frontend-web\\node_modules\\@lmdb\\lmdb-win32-arm64'
3321 silly reify ]
3322 verbose reify failed optional dependency F:\Repositorios 2-2026\Capricho-Store\frontend-web\node_modules\@lmdb\lmdb-linux-x64
3323 silly reify mark deleted [
3323 silly reify   'F:\\Repositorios 2-2026\\Capricho-Store\\frontend-web\\node_modules\\@lmdb\\lmdb-linux-x64'
3323 silly reify ]
3324 verbose reify failed optional dependency F:\Repositorios 2-2026\Capricho-Store\frontend-web\node_modules\@lmdb\lmdb-linux-arm64
3325 silly reify mark deleted [
3325 silly reify   'F:\\Repositorios 2-2026\\Capricho-Store\\frontend-web\\node_modules\\@lmdb\\lmdb-linux-arm64'
3325 silly reify ]
3326 verbose reify failed optional dependency F:\Repositorios 2-2026\Capricho-Store\frontend-web\node_modules\@lmdb\lmdb-linux-arm
3327 silly reify mark deleted [
3327 silly reify   'F:\\Repositorios 2-2026\\Capricho-Store\\frontend-web\\node_modules\\@lmdb\\lmdb-linux-arm'
3327 silly reify ]
3328 verbose reify failed optional dependency F:\Repositorios 2-2026\Capricho-Store\frontend-web\node_modules\@lmdb\lmdb-darwin-x64
3329 silly reify mark deleted [
3329 silly reify   'F:\\Repositorios 2-2026\\Capricho-Store\\frontend-web\\node_modules\\@lmdb\\lmdb-darwin-x64'
3329 silly reify ]
3330 verbose reify failed optional dependency F:\Repositorios 2-2026\Capricho-Store\frontend-web\node_modules\@lmdb\lmdb-darwin-arm64
3331 silly reify mark deleted [
3331 silly reify   'F:\\Repositorios 2-2026\\Capricho-Store\\frontend-web\\node_modules\\@lmdb\\lmdb-darwin-arm64'
3331 silly reify ]
3332 verbose reify failed optional dependency F:\Repositorios 2-2026\Capricho-Store\frontend-web\node_modules\@esbuild\win32-ia32
3333 silly reify mark deleted [
3333 silly reify   'F:\\Repositorios 2-2026\\Capricho-Store\\frontend-web\\node_modules\\@esbuild\\win32-ia32'
3333 silly reify ]
3334 verbose reify failed optional dependency F:\Repositorios 2-2026\Capricho-Store\frontend-web\node_modules\@esbuild\win32-arm64
3335 silly reify mark deleted [
3335 silly reify   'F:\\Repositorios 2-2026\\Capricho-Store\\frontend-web\\node_modules\\@esbuild\\win32-arm64'
3335 silly reify ]
3336 verbose reify failed optional dependency F:\Repositorios 2-2026\Capricho-Store\frontend-web\node_modules\@esbuild\sunos-x64
3337 silly reify mark deleted [
3337 silly reify   'F:\\Repositorios 2-2026\\Capricho-Store\\frontend-web\\node_modules\\@esbuild\\sunos-x64'
3337 silly reify ]
3338 verbose reify failed optional dependency F:\Repositorios 2-2026\Capricho-Store\frontend-web\node_modules\@esbuild\openharmony-arm64
3339 silly reify mark deleted [
3339 silly reify   'F:\\Repositorios 2-2026\\Capricho-Store\\frontend-web\\node_modules\\@esbuild\\openharmony-arm64'
3339 silly reify ]
3340 verbose reify failed optional dependency F:\Repositorios 2-2026\Capricho-Store\frontend-web\node_modules\@esbuild\openbsd-x64
3341 silly reify mark deleted [
3341 silly reify   'F:\\Repositorios 2-2026\\Capricho-Store\\frontend-web\\node_modules\\@esbuild\\openbsd-x64'
3341 silly reify ]
3342 verbose reify failed optional dependency F:\Repositorios 2-2026\Capricho-Store\frontend-web\node_modules\@esbuild\openbsd-arm64
3343 silly reify mark deleted [
3343 silly reify   'F:\\Repositorios 2-2026\\Capricho-Store\\frontend-web\\node_modules\\@esbuild\\openbsd-arm64'
3343 silly reify ]
3344 verbose reify failed optional dependency F:\Repositorios 2-2026\Capricho-Store\frontend-web\node_modules\@esbuild\netbsd-x64
3345 silly reify mark deleted [
3345 silly reify   'F:\\Repositorios 2-2026\\Capricho-Store\\frontend-web\\node_modules\\@esbuild\\netbsd-x64'
3345 silly reify ]
3346 verbose reify failed optional dependency F:\Repositorios 2-2026\Capricho-Store\frontend-web\node_modules\@esbuild\netbsd-arm64
3347 silly reify mark deleted [
3347 silly reify   'F:\\Repositorios 2-2026\\Capricho-Store\\frontend-web\\node_modules\\@esbuild\\netbsd-arm64'
3347 silly reify ]
3348 verbose reify failed optional dependency F:\Repositorios 2-2026\Capricho-Store\frontend-web\node_modules\@esbuild\linux-x64
3349 silly reify mark deleted [
3349 silly reify   'F:\\Repositorios 2-2026\\Capricho-Store\\frontend-web\\node_modules\\@esbuild\\linux-x64'
3349 silly reify ]
3350 verbose reify failed optional dependency F:\Repositorios 2-2026\Capricho-Store\frontend-web\node_modules\@esbuild\linux-s390x
3351 silly reify mark deleted [
3351 silly reify   'F:\\Repositorios 2-2026\\Capricho-Store\\frontend-web\\node_modules\\@esbuild\\linux-s390x'
3351 silly reify ]
3352 verbose reify failed optional dependency F:\Repositorios 2-2026\Capricho-Store\frontend-web\node_modules\@esbuild\linux-riscv64
3353 silly reify mark deleted [
3353 silly reify   'F:\\Repositorios 2-2026\\Capricho-Store\\frontend-web\\node_modules\\@esbuild\\linux-riscv64'
3353 silly reify ]
3354 verbose reify failed optional dependency F:\Repositorios 2-2026\Capricho-Store\frontend-web\node_modules\@esbuild\linux-ppc64
3355 silly reify mark deleted [
3355 silly reify   'F:\\Repositorios 2-2026\\Capricho-Store\\frontend-web\\node_modules\\@esbuild\\linux-ppc64'
3355 silly reify ]
3356 verbose reify failed optional dependency F:\Repositorios 2-2026\Capricho-Store\frontend-web\node_modules\@esbuild\linux-mips64el
3357 silly reify mark deleted [
3357 silly reify   'F:\\Repositorios 2-2026\\Capricho-Store\\frontend-web\\node_modules\\@esbuild\\linux-mips64el'
3357 silly reify ]
3358 verbose reify failed optional dependency F:\Repositorios 2-2026\Capricho-Store\frontend-web\node_modules\@esbuild\linux-loong64
3359 silly reify mark deleted [
3359 silly reify   'F:\\Repositorios 2-2026\\Capricho-Store\\frontend-web\\node_modules\\@esbuild\\linux-loong64'
3359 silly reify ]
3360 verbose reify failed optional dependency F:\Repositorios 2-2026\Capricho-Store\frontend-web\node_modules\@esbuild\linux-ia32
3361 silly reify mark deleted [
3361 silly reify   'F:\\Repositorios 2-2026\\Capricho-Store\\frontend-web\\node_modules\\@esbuild\\linux-ia32'
3361 silly reify ]
3362 verbose reify failed optional dependency F:\Repositorios 2-2026\Capricho-Store\frontend-web\node_modules\@esbuild\linux-arm64
3363 silly reify mark deleted [
3363 silly reify   'F:\\Repositorios 2-2026\\Capricho-Store\\frontend-web\\node_modules\\@esbuild\\linux-arm64'
3363 silly reify ]
3364 verbose reify failed optional dependency F:\Repositorios 2-2026\Capricho-Store\frontend-web\node_modules\@esbuild\linux-arm
3365 silly reify mark deleted [
3365 silly reify   'F:\\Repositorios 2-2026\\Capricho-Store\\frontend-web\\node_modules\\@esbuild\\linux-arm'
3365 silly reify ]
3366 verbose reify failed optional dependency F:\Repositorios 2-2026\Capricho-Store\frontend-web\node_modules\@esbuild\freebsd-x64
3367 silly reify mark deleted [
3367 silly reify   'F:\\Repositorios 2-2026\\Capricho-Store\\frontend-web\\node_modules\\@esbuild\\freebsd-x64'
3367 silly reify ]
3368 verbose reify failed optional dependency F:\Repositorios 2-2026\Capricho-Store\frontend-web\node_modules\@esbuild\freebsd-arm64
3369 silly reify mark deleted [
3369 silly reify   'F:\\Repositorios 2-2026\\Capricho-Store\\frontend-web\\node_modules\\@esbuild\\freebsd-arm64'
3369 silly reify ]
3370 verbose reify failed optional dependency F:\Repositorios 2-2026\Capricho-Store\frontend-web\node_modules\@esbuild\darwin-x64
3371 silly reify mark deleted [
3371 silly reify   'F:\\Repositorios 2-2026\\Capricho-Store\\frontend-web\\node_modules\\@esbuild\\darwin-x64'
3371 silly reify ]
3372 verbose reify failed optional dependency F:\Repositorios 2-2026\Capricho-Store\frontend-web\node_modules\@esbuild\darwin-arm64
3373 silly reify mark deleted [
3373 silly reify   'F:\\Repositorios 2-2026\\Capricho-Store\\frontend-web\\node_modules\\@esbuild\\darwin-arm64'
3373 silly reify ]
3374 verbose reify failed optional dependency F:\Repositorios 2-2026\Capricho-Store\frontend-web\node_modules\@esbuild\android-x64
3375 silly reify mark deleted [
3375 silly reify   'F:\\Repositorios 2-2026\\Capricho-Store\\frontend-web\\node_modules\\@esbuild\\android-x64'
3375 silly reify ]
3376 verbose reify failed optional dependency F:\Repositorios 2-2026\Capricho-Store\frontend-web\node_modules\@esbuild\android-arm64
3377 silly reify mark deleted [
3377 silly reify   'F:\\Repositorios 2-2026\\Capricho-Store\\frontend-web\\node_modules\\@esbuild\\android-arm64'
3377 silly reify ]
3378 verbose reify failed optional dependency F:\Repositorios 2-2026\Capricho-Store\frontend-web\node_modules\@esbuild\android-arm
3379 silly reify mark deleted [
3379 silly reify   'F:\\Repositorios 2-2026\\Capricho-Store\\frontend-web\\node_modules\\@esbuild\\android-arm'
3379 silly reify ]
3380 verbose reify failed optional dependency F:\Repositorios 2-2026\Capricho-Store\frontend-web\node_modules\@esbuild\aix-ppc64
3381 silly reify mark deleted [
3381 silly reify   'F:\\Repositorios 2-2026\\Capricho-Store\\frontend-web\\node_modules\\@esbuild\\aix-ppc64'
3381 silly reify ]
3382 http cache color-name@https://registry.npmjs.org/color-name/-/color-name-1.1.4.tgz 0ms (cache hit)
3383 http cache emoji-regex@https://registry.npmjs.org/emoji-regex/-/emoji-regex-10.6.0.tgz 0ms (cache hit)
3384 http cache color-convert@https://registry.npmjs.org/color-convert/-/color-convert-2.0.1.tgz 0ms (cache hit)
3385 http cache yargs-parser@https://registry.npmjs.org/yargs-parser/-/yargs-parser-22.0.0.tgz 0ms (cache hit)
3386 http cache y18n@https://registry.npmjs.org/y18n/-/y18n-5.0.8.tgz 0ms (cache hit)
3387 http cache get-caller-file@https://registry.npmjs.org/get-caller-file/-/get-caller-file-2.0.5.tgz 0ms (cache hit)
3388 http cache stackback@https://registry.npmjs.org/stackback/-/stackback-0.0.2.tgz 0ms (cache hit)
3389 http cache siginfo@https://registry.npmjs.org/siginfo/-/siginfo-2.0.0.tgz 0ms (cache hit)
3390 http cache cliui@https://registry.npmjs.org/cliui/-/cliui-9.0.1.tgz 0ms (cache hit)
3391 http cache isexe@https://registry.npmjs.org/isexe/-/isexe-2.0.0.tgz 0ms (cache hit)
3392 http cache punycode@https://registry.npmjs.org/punycode/-/punycode-2.3.1.tgz 0ms (cache hit)
3393 http cache tr46@https://registry.npmjs.org/tr46/-/tr46-6.0.0.tgz 0ms (cache hit)
3394 http cache estree-walker@https://registry.npmjs.org/estree-walker/-/estree-walker-3.0.3.tgz 0ms (cache hit)
3395 http cache chai@https://registry.npmjs.org/chai/-/chai-6.2.2.tgz 0ms (cache hit)
3396 http cache assertion-error@https://registry.npmjs.org/assertion-error/-/assertion-error-2.0.1.tgz 0ms (cache hit)
3397 http cache glob-to-regexp@https://registry.npmjs.org/glob-to-regexp/-/glob-to-regexp-0.4.1.tgz 0ms (cache hit)
3398 http cache @types/deep-eql@https://registry.npmjs.org/@types/deep-eql/-/deep-eql-4.0.2.tgz 0ms (cache hit)
3399 http cache @types/chai@https://registry.npmjs.org/@types/chai/-/chai-5.2.3.tgz 0ms (cache hit)
3400 http cache why-is-node-running@https://registry.npmjs.org/why-is-node-running/-/why-is-node-running-2.3.0.tgz 0ms (cache hit)
3401 http cache tinyrainbow@https://registry.npmjs.org/tinyrainbow/-/tinyrainbow-3.1.1.tgz 0ms (cache hit)
3402 http cache tinyexec@https://registry.npmjs.org/tinyexec/-/tinyexec-1.3.0.tgz 0ms (cache hit)
3403 http cache tinybench@https://registry.npmjs.org/tinybench/-/tinybench-2.9.0.tgz 0ms (cache hit)
3404 http cache std-env@https://registry.npmjs.org/std-env/-/std-env-4.2.0.tgz 0ms (cache hit)
3405 http cache obug@https://registry.npmjs.org/obug/-/obug-2.1.4.tgz 0ms (cache hit)
3406 http cache pathe@https://registry.npmjs.org/pathe/-/pathe-2.0.3.tgz 0ms (cache hit)
3407 http cache @vitest/spy@https://registry.npmjs.org/@vitest/spy/-/spy-4.1.11.tgz 0ms (cache hit)
3408 http cache es-module-lexer@https://registry.npmjs.org/es-module-lexer/-/es-module-lexer-2.3.2.tgz 0ms (cache hit)
3409 http cache expect-type@https://registry.npmjs.org/expect-type/-/expect-type-1.4.0.tgz 0ms (cache hit)
3410 http cache @vitest/runner@https://registry.npmjs.org/@vitest/runner/-/runner-4.1.11.tgz 0ms (cache hit)
3411 http cache @vitest/mocker@https://registry.npmjs.org/@vitest/mocker/-/mocker-4.1.11.tgz 0ms (cache hit)
3412 http cache @vitest/utils@https://registry.npmjs.org/@vitest/utils/-/utils-4.1.11.tgz 0ms (cache hit)
3413 http cache @vitest/snapshot@https://registry.npmjs.org/@vitest/snapshot/-/snapshot-4.1.11.tgz 0ms (cache hit)
3414 http cache @vitest/pretty-format@https://registry.npmjs.org/@vitest/pretty-format/-/pretty-format-4.1.11.tgz 0ms (cache hit)
3415 http cache @types/estree@https://registry.npmjs.org/@types/estree/-/estree-1.0.9.tgz 0ms (cache hit)
3416 http cache rollup@https://registry.npmjs.org/rollup/-/rollup-4.63.1.tgz 0ms (cache hit)
3417 http cache @vitest/expect@https://registry.npmjs.org/@vitest/expect/-/expect-4.1.11.tgz 0ms (cache hit)
3418 http cache @rollup/rollup-win32-x64-msvc@https://registry.npmjs.org/@rollup/rollup-win32-x64-msvc/-/rollup-win32-x64-msvc-4.63.1.tgz 0ms (cache hit)
3419 http cache @rollup/rollup-win32-x64-gnu@https://registry.npmjs.org/@rollup/rollup-win32-x64-gnu/-/rollup-win32-x64-gnu-4.63.1.tgz 0ms (cache hit)
3420 http cache escalade@https://registry.npmjs.org/escalade/-/escalade-3.2.0.tgz 0ms (cache hit)
3421 http cache media-typer@https://registry.npmjs.org/media-typer/-/media-typer-1.1.1.tgz 0ms (cache hit)
3422 http cache tldts-core@https://registry.npmjs.org/tldts-core/-/tldts-core-7.4.11.tgz 0ms (cache hit)
3423 http cache @tufjs/models@https://registry.npmjs.org/@tufjs/models/-/models-4.1.0.tgz 0ms (cache hit)
3424 http cache @tufjs/canonical-json@https://registry.npmjs.org/@tufjs/canonical-json/-/canonical-json-2.0.0.tgz 0ms (cache hit)
3425 http cache @isaacs/fs-minipass@https://registry.npmjs.org/@isaacs/fs-minipass/-/fs-minipass-4.0.1.tgz 0ms (cache hit)
3426 http cache tldts@https://registry.npmjs.org/tldts/-/tldts-7.4.11.tgz 0ms (cache hit)
3427 http cache fdir@https://registry.npmjs.org/fdir/-/fdir-6.5.0.tgz 0ms (cache hit)
3428 http cache chownr@https://registry.npmjs.org/chownr/-/chownr-3.0.0.tgz 0ms (cache hit)
3429 http cache ansi-regex@https://registry.npmjs.org/ansi-regex/-/ansi-regex-6.3.0.tgz 0ms (cache hit)
3430 http cache spdx-license-ids@https://registry.npmjs.org/spdx-license-ids/-/spdx-license-ids-3.0.23.tgz 0ms (cache hit)
3431 http cache smart-buffer@https://registry.npmjs.org/smart-buffer/-/smart-buffer-4.2.0.tgz 0ms (cache hit)
3432 http cache buffer-from@https://registry.npmjs.org/buffer-from/-/buffer-from-1.1.2.tgz 0ms (cache hit)
3433 http cache spdx-exceptions@https://registry.npmjs.org/spdx-exceptions/-/spdx-exceptions-2.5.0.tgz 0ms (cache hit)
3434 http cache get-east-asian-width@https://registry.npmjs.org/get-east-asian-width/-/get-east-asian-width-1.6.0.tgz 0ms (cache hit)
3435 http cache socks@https://registry.npmjs.org/socks/-/socks-2.8.9.tgz 0ms (cache hit)
3436 http cache is-fullwidth-code-point@https://registry.npmjs.org/is-fullwidth-code-point/-/is-fullwidth-code-point-5.1.0.tgz 0ms (cache hit)
3437 http cache ansi-styles@https://registry.npmjs.org/ansi-styles/-/ansi-styles-6.2.3.tgz 0ms (cache hit)
3438 http cache tuf-js@https://registry.npmjs.org/tuf-js/-/tuf-js-4.1.0.tgz 0ms (cache hit)
3439 http cache @sigstore/verify@https://registry.npmjs.org/@sigstore/verify/-/verify-3.1.1.tgz 0ms (cache hit)
3440 http cache @sigstore/protobuf-specs@https://registry.npmjs.org/@sigstore/protobuf-specs/-/protobuf-specs-0.5.2.tgz 0ms (cache hit)
3441 http cache @sigstore/sign@https://registry.npmjs.org/@sigstore/sign/-/sign-4.1.1.tgz 0ms (cache hit)
3442 http cache @sigstore/tuf@https://registry.npmjs.org/@sigstore/tuf/-/tuf-4.0.2.tgz 0ms (cache hit)
3443 http cache dunder-proto@https://registry.npmjs.org/dunder-proto/-/dunder-proto-1.0.1.tgz 0ms (cache hit)
3444 http cache @sigstore/core@https://registry.npmjs.org/@sigstore/core/-/core-3.2.1.tgz 0ms (cache hit)
3445 http cache @sigstore/bundle@https://registry.npmjs.org/@sigstore/bundle/-/bundle-4.0.0.tgz 0ms (cache hit)
3446 http cache has-symbols@https://registry.npmjs.org/has-symbols/-/has-symbols-1.1.0.tgz 0ms (cache hit)
3447 http cache math-intrinsics@https://registry.npmjs.org/math-intrinsics/-/math-intrinsics-1.1.0.tgz 0ms (cache hit)
3448 http cache hasown@https://registry.npmjs.org/hasown/-/hasown-2.0.4.tgz 0ms (cache hit)
3449 http cache get-proto@https://registry.npmjs.org/get-proto/-/get-proto-1.0.1.tgz 0ms (cache hit)
3450 http cache gopd@https://registry.npmjs.org/gopd/-/gopd-1.2.0.tgz 0ms (cache hit)
3451 http cache es-object-atoms@https://registry.npmjs.org/es-object-atoms/-/es-object-atoms-1.1.2.tgz 0ms (cache hit)
3452 http cache function-bind@https://registry.npmjs.org/function-bind/-/function-bind-1.1.2.tgz 0ms (cache hit)
3453 http cache call-bind-apply-helpers@https://registry.npmjs.org/call-bind-apply-helpers/-/call-bind-apply-helpers-1.0.2.tgz 0ms (cache hit)
3454 http cache get-intrinsic@https://registry.npmjs.org/get-intrinsic/-/get-intrinsic-1.3.0.tgz 0ms (cache hit)
3455 http cache call-bound@https://registry.npmjs.org/call-bound/-/call-bound-1.0.4.tgz 0ms (cache hit)
3456 http cache side-channel-map@https://registry.npmjs.org/side-channel-map/-/side-channel-map-1.0.1.tgz 0ms (cache hit)
3457 http cache es-errors@https://registry.npmjs.org/es-errors/-/es-errors-1.3.0.tgz 0ms (cache hit)
3458 http cache side-channel-weakmap@https://registry.npmjs.org/side-channel-weakmap/-/side-channel-weakmap-1.0.2.tgz 0ms (cache hit)
3459 http cache side-channel-list@https://registry.npmjs.org/side-channel-list/-/side-channel-list-1.0.1.tgz 0ms (cache hit)
3460 http cache object-inspect@https://registry.npmjs.org/object-inspect/-/object-inspect-1.13.4.tgz 0ms (cache hit)
3461 http cache shebang-regex@https://registry.npmjs.org/shebang-regex/-/shebang-regex-3.0.0.tgz 0ms (cache hit)
3462 http cache is-extglob@https://registry.npmjs.org/is-extglob/-/is-extglob-2.1.1.tgz 0ms (cache hit)
3463 http cache @parcel/watcher-win32-x64@https://registry.npmjs.org/@parcel/watcher-win32-x64/-/watcher-win32-x64-2.6.0.tgz 0ms (cache hit)
3464 http cache xmlchars@https://registry.npmjs.org/xmlchars/-/xmlchars-2.2.0.tgz 0ms (cache hit)
3465 http cache immutable@https://registry.npmjs.org/immutable/-/immutable-5.1.9.tgz 0ms (cache hit)
3466 http cache is-glob@https://registry.npmjs.org/is-glob/-/is-glob-4.0.3.tgz 0ms (cache hit)
3467 http cache @parcel/watcher@https://registry.npmjs.org/@parcel/watcher/-/watcher-2.6.0.tgz 0ms (cache hit)
3468 http cache path-to-regexp@https://registry.npmjs.org/path-to-regexp/-/path-to-regexp-8.4.2.tgz 0ms (cache hit)
3469 http cache is-promise@https://registry.npmjs.org/is-promise/-/is-promise-4.0.0.tgz 0ms (cache hit)
3470 http cache @tybys/wasm-util@https://registry.npmjs.org/@tybys/wasm-util/-/wasm-util-0.10.3.tgz 0ms (cache hit)
3471 http cache @emnapi/wasi-threads@https://registry.npmjs.org/@emnapi/wasi-threads/-/wasi-threads-1.2.3.tgz 0ms (cache hit)
3472 http cache @emnapi/core@https://registry.npmjs.org/@emnapi/core/-/core-1.11.3.tgz 0ms (cache hit)
3473 http cache @emnapi/runtime@https://registry.npmjs.org/@emnapi/runtime/-/runtime-1.11.3.tgz 0ms (cache hit)
3474 http cache @rolldown/pluginutils@https://registry.npmjs.org/@rolldown/pluginutils/-/pluginutils-1.0.0-rc.4.tgz 0ms (cache hit)
3475 http cache @napi-rs/wasm-runtime@https://registry.npmjs.org/@napi-rs/wasm-runtime/-/wasm-runtime-1.2.3.tgz 0ms (cache hit)
3476 http cache @rolldown/binding-win32-x64-msvc@https://registry.npmjs.org/@rolldown/binding-win32-x64-msvc/-/binding-win32-x64-msvc-1.0.0-rc.4.tgz 0ms (cache hit)
3477 http cache mimic-function@https://registry.npmjs.org/mimic-function/-/mimic-function-5.0.1.tgz 0ms (cache hit)
3478 http cache unpipe@https://registry.npmjs.org/unpipe/-/unpipe-1.0.0.tgz 0ms (cache hit)
3479 http cache onetime@https://registry.npmjs.org/onetime/-/onetime-7.0.0.tgz 0ms (cache hit)
3480 http cache @oxc-project/types@https://registry.npmjs.org/@oxc-project/types/-/types-0.113.0.tgz 0ms (cache hit)
3481 http cache side-channel@https://registry.npmjs.org/side-channel/-/side-channel-1.1.1.tgz 0ms (cache hit)
3482 http cache es-define-property@https://registry.npmjs.org/es-define-property/-/es-define-property-1.0.1.tgz 0ms (cache hit)
3483 http cache ipaddr.js@https://registry.npmjs.org/ipaddr.js/-/ipaddr.js-1.9.1.tgz 0ms (cache hit)
3484 http cache forwarded@https://registry.npmjs.org/forwarded/-/forwarded-0.2.0.tgz 0ms (cache hit)
3485 http cache nanoid@https://registry.npmjs.org/nanoid/-/nanoid-3.3.18.tgz 0ms (cache hit)
3486 http cache minipass-sized@https://registry.npmjs.org/minipass-sized/-/minipass-sized-2.0.0.tgz 0ms (cache hit)
3487 http cache parse5-sax-parser@https://registry.npmjs.org/parse5-sax-parser/-/parse5-sax-parser-8.0.0.tgz 0ms (cache hit)
3488 http cache @napi-rs/nice-win32-x64-msvc@https://registry.npmjs.org/@napi-rs/nice-win32-x64-msvc/-/nice-win32-x64-msvc-1.1.1.tgz 0ms (cache hit)
3489 http cache @napi-rs/nice@https://registry.npmjs.org/@napi-rs/nice/-/nice-1.1.1.tgz 0ms (cache hit)
3490 http cache @npmcli/agent@https://registry.npmjs.org/@npmcli/agent/-/agent-4.0.2.tgz 0ms (cache hit)
3491 http cache socks-proxy-agent@https://registry.npmjs.org/socks-proxy-agent/-/socks-proxy-agent-8.0.5.tgz 0ms (cache hit)
3492 http cache minizlib@https://registry.npmjs.org/minizlib/-/minizlib-3.1.0.tgz 0ms (cache hit)
3493 http cache http-cache-semantics@https://registry.npmjs.org/http-cache-semantics/-/http-cache-semantics-4.2.0.tgz 0ms (cache hit)
3494 http cache minipass-fetch@https://registry.npmjs.org/minipass-fetch/-/minipass-fetch-5.0.2.tgz 0ms (cache hit)
3495 http cache npm-install-checks@https://registry.npmjs.org/npm-install-checks/-/npm-install-checks-8.0.0.tgz 0ms (cache hit)
3496 http cache jsonparse@https://registry.npmjs.org/jsonparse/-/jsonparse-1.3.1.tgz 0ms (cache hit)
3497 http cache make-fetch-happen@https://registry.npmjs.org/make-fetch-happen/-/make-fetch-happen-15.0.6.tgz 0ms (cache hit)
3498 http cache @npmcli/redact@https://registry.npmjs.org/@npmcli/redact/-/redact-4.0.0.tgz 0ms (cache hit)
3499 http cache ignore-walk@https://registry.npmjs.org/ignore-walk/-/ignore-walk-8.0.0.tgz 0ms (cache hit)
3500 http cache abbrev@https://registry.npmjs.org/abbrev/-/abbrev-4.0.0.tgz 0ms (cache hit)
3501 http cache nopt@https://registry.npmjs.org/nopt/-/nopt-9.0.0.tgz 0ms (cache hit)
3502 http cache exponential-backoff@https://registry.npmjs.org/exponential-backoff/-/exponential-backoff-3.1.3.tgz 0ms (cache hit)
3503 http cache graceful-fs@https://registry.npmjs.org/graceful-fs/-/graceful-fs-4.2.11.tgz 0ms (cache hit)
3504 http cache env-paths@https://registry.npmjs.org/env-paths/-/env-paths-2.2.1.tgz 0ms (cache hit)
3505 http cache balanced-match@https://registry.npmjs.org/balanced-match/-/balanced-match-4.0.4.tgz 0ms (cache hit)
3506 http cache brace-expansion@https://registry.npmjs.org/brace-expansion/-/brace-expansion-5.0.9.tgz 0ms (cache hit)
3507 http cache path-scurry@https://registry.npmjs.org/path-scurry/-/path-scurry-2.0.2.tgz 0ms (cache hit)
3508 http cache minimatch@https://registry.npmjs.org/minimatch/-/minimatch-10.2.6.tgz 0ms (cache hit)
3509 http cache minipass-pipeline@https://registry.npmjs.org/minipass-pipeline/-/minipass-pipeline-1.2.4.tgz 0ms (cache hit)
3510 http cache p-map@https://registry.npmjs.org/p-map/-/p-map-7.0.7.tgz 0ms (cache hit)
3511 http cache @npmcli/fs@https://registry.npmjs.org/@npmcli/fs/-/fs-5.0.0.tgz 0ms (cache hit)
3512 http cache minipass-flush@https://registry.npmjs.org/minipass-flush/-/minipass-flush-1.0.7.tgz 0ms (cache hit)
3513 http cache @npmcli/node-gyp@https://registry.npmjs.org/@npmcli/node-gyp/-/node-gyp-5.0.0.tgz 0ms (cache hit)
3514 http cache minipass-collect@https://registry.npmjs.org/minipass-collect/-/minipass-collect-2.0.1.tgz 0ms (cache hit)
3515 http cache node-gyp@https://registry.npmjs.org/node-gyp/-/node-gyp-12.4.0.tgz 0ms (cache hit)
3516 http cache spdx-expression-parse@https://registry.npmjs.org/spdx-expression-parse/-/spdx-expression-parse-4.0.0.tgz 0ms (cache hit)
3517 http cache glob@https://registry.npmjs.org/glob/-/glob-13.0.6.tgz 0ms (cache hit)
3518 http cache json-parse-even-better-errors@https://registry.npmjs.org/json-parse-even-better-errors/-/json-parse-even-better-errors-5.0.0.tgz 0ms (cache hit)
3519 http cache npm-normalize-package-bin@https://registry.npmjs.org/npm-normalize-package-bin/-/npm-normalize-package-bin-5.0.0.tgz 0ms (cache hit)
3520 http cache npm-bundled@https://registry.npmjs.org/npm-bundled/-/npm-bundled-5.0.0.tgz 0ms (cache hit)
3521 http cache tar@https://registry.npmjs.org/tar/-/tar-7.5.22.tgz 0ms (cache hit)
3522 http cache sigstore@https://registry.npmjs.org/sigstore/-/sigstore-4.1.1.tgz 0ms (cache hit)
3523 http cache ssri@https://registry.npmjs.org/ssri/-/ssri-13.0.1.tgz 0ms (cache hit)
3524 http cache npm-pick-manifest@https://registry.npmjs.org/npm-pick-manifest/-/npm-pick-manifest-11.0.3.tgz 0ms (cache hit)
3525 http cache npm-registry-fetch@https://registry.npmjs.org/npm-registry-fetch/-/npm-registry-fetch-19.1.1.tgz 0ms (cache hit)
3526 http cache minipass@https://registry.npmjs.org/minipass/-/minipass-7.1.3.tgz 0ms (cache hit)
3527 http cache npm-packlist@https://registry.npmjs.org/npm-packlist/-/npm-packlist-10.0.4.tgz 0ms (cache hit)
3528 http cache @npmcli/promise-spawn@https://registry.npmjs.org/@npmcli/promise-spawn/-/promise-spawn-9.0.1.tgz 0ms (cache hit)
3529 http cache fs-minipass@https://registry.npmjs.org/fs-minipass/-/fs-minipass-3.0.3.tgz 0ms (cache hit)
3530 http cache cacache@https://registry.npmjs.org/cacache/-/cacache-20.0.4.tgz 0ms (cache hit)
3531 http cache @npmcli/package-json@https://registry.npmjs.org/@npmcli/package-json/-/package-json-7.0.5.tgz 0ms (cache hit)
3532 http cache @npmcli/run-script@https://registry.npmjs.org/@npmcli/run-script/-/run-script-10.0.4.tgz 0ms (cache hit)
3533 http cache @npmcli/installed-package-contents@https://registry.npmjs.org/@npmcli/installed-package-contents/-/installed-package-contents-4.0.0.tgz 0ms (cache hit)
3534 http cache @npmcli/git@https://registry.npmjs.org/@npmcli/git/-/git-7.0.2.tgz 0ms (cache hit)
3535 http cache yoctocolors@https://registry.npmjs.org/yoctocolors/-/yoctocolors-2.2.0.tgz 0ms (cache hit)
3536 http cache @gar/promise-retry@https://registry.npmjs.org/@gar/promise-retry/-/promise-retry-1.0.3.tgz 0ms (cache hit)
3537 http cache stdin-discarder@https://registry.npmjs.org/stdin-discarder/-/stdin-discarder-0.3.2.tgz 0ms (cache hit)
3538 http cache log-symbols@https://registry.npmjs.org/log-symbols/-/log-symbols-7.0.1.tgz 0ms (cache hit)
3539 http cache is-interactive@https://registry.npmjs.org/is-interactive/-/is-interactive-2.0.0.tgz 0ms (cache hit)
3540 http cache is-unicode-supported@https://registry.npmjs.org/is-unicode-supported/-/is-unicode-supported-2.1.0.tgz 0ms (cache hit)
3541 http cache cli-spinners@https://registry.npmjs.org/cli-spinners/-/cli-spinners-3.4.0.tgz 0ms (cache hit)
3542 http cache chalk@https://registry.npmjs.org/chalk/-/chalk-5.6.2.tgz 0ms (cache hit)
3543 http cache ee-first@https://registry.npmjs.org/ee-first/-/ee-first-1.1.1.tgz 0ms (cache hit)
3544 http cache wrappy@https://registry.npmjs.org/wrappy/-/wrappy-1.0.2.tgz 0ms (cache hit)
3545 http cache validate-npm-package-name@https://registry.npmjs.org/validate-npm-package-name/-/validate-npm-package-name-7.0.2.tgz 0ms (cache hit)
3546 http cache proc-log@https://registry.npmjs.org/proc-log/-/proc-log-6.1.0.tgz 0ms (cache hit)
3547 http cache detect-libc@https://registry.npmjs.org/detect-libc/-/detect-libc-2.1.2.tgz 0ms (cache hit)
3548 http cache hosted-git-info@https://registry.npmjs.org/hosted-git-info/-/hosted-git-info-9.0.3.tgz 0ms (cache hit)
3549 http cache @msgpackr-extract/msgpackr-extract-win32-x64@https://registry.npmjs.org/@msgpackr-extract/msgpackr-extract-win32-x64/-/msgpackr-extract-win32-x64-3.0.4.tgz 0ms (cache hit)
3550 http cache mime-db@https://registry.npmjs.org/mime-db/-/mime-db-1.54.0.tgz 0ms (cache hit)
3551 http cache msgpackr-extract@https://registry.npmjs.org/msgpackr-extract/-/msgpackr-extract-3.0.4.tgz 0ms (cache hit)
3552 http cache yallist@https://registry.npmjs.org/yallist/-/yallist-3.1.1.tgz 0ms (cache hit)
3553 http cache restore-cursor@https://registry.npmjs.org/restore-cursor/-/restore-cursor-5.1.0.tgz 0ms (cache hit)
3554 http cache environment@https://registry.npmjs.org/environment/-/environment-1.1.0.tgz 0ms (cache hit)
3555 http cache cli-cursor@https://registry.npmjs.org/cli-cursor/-/cli-cursor-5.0.0.tgz 0ms (cache hit)
3556 http cache strip-ansi@https://registry.npmjs.org/strip-ansi/-/strip-ansi-7.2.0.tgz 0ms (cache hit)
3557 http cache ansi-escapes@https://registry.npmjs.org/ansi-escapes/-/ansi-escapes-7.3.0.tgz 0ms (cache hit)
3558 http cache weak-lru-cache@https://registry.npmjs.org/weak-lru-cache/-/weak-lru-cache-1.2.2.tgz 0ms (cache hit)
3559 http cache ordered-binary@https://registry.npmjs.org/ordered-binary/-/ordered-binary-1.6.1.tgz 0ms (cache hit)
3560 http cache node-gyp-build-optional-packages@https://registry.npmjs.org/node-gyp-build-optional-packages/-/node-gyp-build-optional-packages-5.2.2.tgz 0ms (cache hit)
3561 http cache @lmdb/lmdb-win32-x64@https://registry.npmjs.org/@lmdb/lmdb-win32-x64/-/lmdb-win32-x64-3.5.1.tgz 0ms (cache hit)
3562 http cache node-addon-api@https://registry.npmjs.org/node-addon-api/-/node-addon-api-6.1.0.tgz 0ms (cache hit)
3563 http cache msgpackr@https://registry.npmjs.org/msgpackr/-/msgpackr-1.12.1.tgz 0ms (cache hit)
3564 http cache @harperfast/extended-iterable@https://registry.npmjs.org/@harperfast/extended-iterable/-/extended-iterable-1.0.3.tgz 0ms (cache hit)
3565 http cache slice-ansi@https://registry.npmjs.org/slice-ansi/-/slice-ansi-8.0.0.tgz 0ms (cache hit)
3566 http cache string-width@https://registry.npmjs.org/string-width/-/string-width-8.2.2.tgz 0ms (cache hit)
3567 http cache log-update@https://registry.npmjs.org/log-update/-/log-update-6.1.0.tgz 0ms (cache hit)
3568 http cache rfdc@https://registry.npmjs.org/rfdc/-/rfdc-1.4.1.tgz 0ms (cache hit)
3569 http cache eventemitter3@https://registry.npmjs.org/eventemitter3/-/eventemitter3-5.0.4.tgz 0ms (cache hit)
3570 http cache colorette@https://registry.npmjs.org/colorette/-/colorette-2.0.20.tgz 0ms (cache hit)
3571 http cache cli-truncate@https://registry.npmjs.org/cli-truncate/-/cli-truncate-5.2.0.tgz 0ms (cache hit)
3572 http cache @csstools/color-helpers@https://registry.npmjs.org/@csstools/color-helpers/-/color-helpers-6.1.1.tgz 0ms (cache hit)
3573 http cache @csstools/css-color-parser@https://registry.npmjs.org/@csstools/css-color-parser/-/css-color-parser-4.2.2.tgz 0ms (cache hit)
3574 http cache @csstools/css-tokenizer@https://registry.npmjs.org/@csstools/css-tokenizer/-/css-tokenizer-4.0.0.tgz 0ms (cache hit)
3575 http cache @csstools/css-parser-algorithms@https://registry.npmjs.org/@csstools/css-parser-algorithms/-/css-parser-algorithms-4.0.0.tgz 0ms (cache hit)
3576 http cache @csstools/css-calc@https://registry.npmjs.org/@csstools/css-calc/-/css-calc-3.3.0.tgz 0ms (cache hit)
3577 http cache @asamuzakjp/generational-cache@https://registry.npmjs.org/@asamuzakjp/generational-cache/-/generational-cache-1.0.1.tgz 0ms (cache hit)
3578 http cache @csstools/css-syntax-patches-for-csstree@https://registry.npmjs.org/@csstools/css-syntax-patches-for-csstree/-/css-syntax-patches-for-csstree-1.1.10.tgz 0ms (cache hit)
3579 http cache source-map-js@https://registry.npmjs.org/source-map-js/-/source-map-js-1.2.1.tgz 0ms (cache hit)
3580 http cache @asamuzakjp/css-color@https://registry.npmjs.org/@asamuzakjp/css-color/-/css-color-5.1.11.tgz 0ms (cache hit)
3581 http cache css-tree@https://registry.npmjs.org/css-tree/-/css-tree-3.2.1.tgz 0ms (cache hit)
3582 http cache mdn-data@https://registry.npmjs.org/mdn-data/-/mdn-data-2.27.1.tgz 0ms (cache hit)
3583 http cache @asamuzakjp/nwsapi@https://registry.npmjs.org/@asamuzakjp/nwsapi/-/nwsapi-2.3.9.tgz 0ms (cache hit)
3584 http cache bidi-js@https://registry.npmjs.org/bidi-js/-/bidi-js-1.0.3.tgz 0ms (cache hit)
3585 http cache whatwg-url@https://registry.npmjs.org/whatwg-url/-/whatwg-url-16.0.1.tgz 0ms (cache hit)
3586 http cache xml-name-validator@https://registry.npmjs.org/xml-name-validator/-/xml-name-validator-5.0.0.tgz 0ms (cache hit)
3587 http cache whatwg-mimetype@https://registry.npmjs.org/whatwg-mimetype/-/whatwg-mimetype-5.0.0.tgz 0ms (cache hit)
3588 http cache webidl-conversions@https://registry.npmjs.org/webidl-conversions/-/webidl-conversions-8.0.1.tgz 0ms (cache hit)
3589 http cache w3c-xmlserializer@https://registry.npmjs.org/w3c-xmlserializer/-/w3c-xmlserializer-5.0.0.tgz 0ms (cache hit)
3590 http cache tough-cookie@https://registry.npmjs.org/tough-cookie/-/tough-cookie-6.0.2.tgz 0ms (cache hit)
3591 http cache saxes@https://registry.npmjs.org/saxes/-/saxes-6.0.0.tgz 0ms (cache hit)
3592 http cache symbol-tree@https://registry.npmjs.org/symbol-tree/-/symbol-tree-3.2.4.tgz 0ms (cache hit)
3593 http cache html-encoding-sniffer@https://registry.npmjs.org/html-encoding-sniffer/-/html-encoding-sniffer-6.0.0.tgz 0ms (cache hit)
3594 http cache parse5@https://registry.npmjs.org/parse5/-/parse5-8.0.1.tgz 0ms (cache hit)
3595 http cache is-potential-custom-element-name@https://registry.npmjs.org/is-potential-custom-element-name/-/is-potential-custom-element-name-1.0.1.tgz 0ms (cache hit)
3596 http cache http-proxy-agent@https://registry.npmjs.org/http-proxy-agent/-/http-proxy-agent-7.0.2.tgz 0ms (cache hit)
3597 http cache decimal.js@https://registry.npmjs.org/decimal.js/-/decimal.js-10.6.0.tgz 0ms (cache hit)
3598 http cache @exodus/bytes@https://registry.npmjs.org/@exodus/bytes/-/bytes-1.15.1.tgz 0ms (cache hit)
3599 http cache data-urls@https://registry.npmjs.org/data-urls/-/data-urls-7.0.0.tgz 0ms (cache hit)
3600 http cache @bramus/specificity@https://registry.npmjs.org/@bramus/specificity/-/specificity-2.4.2.tgz 0ms (cache hit)
3601 http cache cssstyle@https://registry.npmjs.org/cssstyle/-/cssstyle-6.2.0.tgz 0ms (cache hit)
3602 http cache @asamuzakjp/dom-selector@https://registry.npmjs.org/@asamuzakjp/dom-selector/-/dom-selector-6.8.1.tgz 0ms (cache hit)
3603 http cache @istanbuljs/schema@https://registry.npmjs.org/@istanbuljs/schema/-/schema-0.1.6.tgz 0ms (cache hit)
3604 http cache @acemir/cssom@https://registry.npmjs.org/@acemir/cssom/-/cssom-0.9.31.tgz 0ms (cache hit)
3605 http cache safer-buffer@https://registry.npmjs.org/safer-buffer/-/safer-buffer-2.1.2.tgz 0ms (cache hit)
3606 http cache istanbul-lib-coverage@https://registry.npmjs.org/istanbul-lib-coverage/-/istanbul-lib-coverage-3.2.2.tgz 0ms (cache hit)
3607 http cache agent-base@https://registry.npmjs.org/agent-base/-/agent-base-7.1.4.tgz 0ms (cache hit)
3608 http cache toidentifier@https://registry.npmjs.org/toidentifier/-/toidentifier-1.0.1.tgz 0ms (cache hit)
3609 http cache setprototypeof@https://registry.npmjs.org/setprototypeof/-/setprototypeof-1.2.0.tgz 0ms (cache hit)
3610 http cache ip-address@https://registry.npmjs.org/ip-address/-/ip-address-10.7.0.tgz 0ms (cache hit)
3611 http cache negotiator@https://registry.npmjs.org/negotiator/-/negotiator-1.1.0.tgz 0ms (cache hit)
3612 http cache inherits@https://registry.npmjs.org/inherits/-/inherits-2.0.4.tgz 0ms (cache hit)
3613 http cache serve-static@https://registry.npmjs.org/serve-static/-/serve-static-2.2.1.tgz 0ms (cache hit)
3614 http cache type-is@https://registry.npmjs.org/type-is/-/type-is-2.1.0.tgz 0ms (cache hit)
3615 http cache send@https://registry.npmjs.org/send/-/send-1.2.1.tgz 0ms (cache hit)
3616 http cache bytes@https://registry.npmjs.org/bytes/-/bytes-3.1.2.tgz 0ms (cache hit)
3617 http cache statuses@https://registry.npmjs.org/statuses/-/statuses-2.0.2.tgz 0ms (cache hit)
3618 http cache range-parser@https://registry.npmjs.org/range-parser/-/range-parser-1.3.0.tgz 0ms (cache hit)
3619 http cache router@https://registry.npmjs.org/router/-/router-2.2.0.tgz 0ms (cache hit)
3620 http cache parseurl@https://registry.npmjs.org/parseurl/-/parseurl-1.3.3.tgz 0ms (cache hit)
3621 http cache proxy-addr@https://registry.npmjs.org/proxy-addr/-/proxy-addr-2.0.7.tgz 0ms (cache hit)
3622 http cache once@https://registry.npmjs.org/once/-/once-1.4.0.tgz 0ms (cache hit)
3623 http cache merge-descriptors@https://registry.npmjs.org/merge-descriptors/-/merge-descriptors-2.0.0.tgz 0ms (cache hit)
3624 http cache qs@https://registry.npmjs.org/qs/-/qs-6.16.0.tgz 0ms (cache hit)
3625 http cache mime-types@https://registry.npmjs.org/mime-types/-/mime-types-3.0.2.tgz 0ms (cache hit)
3626 http cache http-errors@https://registry.npmjs.org/http-errors/-/http-errors-2.0.1.tgz 0ms (cache hit)
3627 http cache on-finished@https://registry.npmjs.org/on-finished/-/on-finished-2.4.1.tgz 0ms (cache hit)
3628 http cache finalhandler@https://registry.npmjs.org/finalhandler/-/finalhandler-2.1.1.tgz 0ms (cache hit)
3629 http cache fresh@https://registry.npmjs.org/fresh/-/fresh-2.0.0.tgz 0ms (cache hit)
3630 http cache etag@https://registry.npmjs.org/etag/-/etag-1.8.1.tgz 0ms (cache hit)
3631 http cache encodeurl@https://registry.npmjs.org/encodeurl/-/encodeurl-2.0.0.tgz 0ms (cache hit)
3632 http cache escape-html@https://registry.npmjs.org/escape-html/-/escape-html-1.0.3.tgz 0ms (cache hit)
3633 http cache depd@https://registry.npmjs.org/depd/-/depd-2.0.0.tgz 0ms (cache hit)
3634 http cache content-disposition@https://registry.npmjs.org/content-disposition/-/content-disposition-1.1.0.tgz 0ms (cache hit)
3635 http cache cookie@https://registry.npmjs.org/cookie/-/cookie-0.7.2.tgz 0ms (cache hit)
3636 http cache cookie-signature@https://registry.npmjs.org/cookie-signature/-/cookie-signature-1.2.2.tgz 0ms (cache hit)
3637 http cache @esbuild/win32-x64@https://registry.npmjs.org/@esbuild/win32-x64/-/win32-x64-0.28.1.tgz 0ms (cache hit)
3638 http cache accepts@https://registry.npmjs.org/accepts/-/accepts-2.0.0.tgz 0ms (cache hit)
3639 http cache entities@https://registry.npmjs.org/entities/-/entities-4.5.0.tgz 0ms (cache hit)
3640 http cache body-parser@https://registry.npmjs.org/body-parser/-/body-parser-2.3.0.tgz 0ms (cache hit)
3641 http cache domelementtype@https://registry.npmjs.org/domelementtype/-/domelementtype-2.3.0.tgz 0ms (cache hit)
3642 http cache boolbase@https://registry.npmjs.org/boolbase/-/boolbase-1.0.0.tgz 0ms (cache hit)
3643 http cache nth-check@https://registry.npmjs.org/nth-check/-/nth-check-2.1.1.tgz 0ms (cache hit)
3644 http cache ms@https://registry.npmjs.org/ms/-/ms-2.1.3.tgz 0ms (cache hit)
3645 http cache domutils@https://registry.npmjs.org/domutils/-/domutils-3.2.2.tgz 0ms (cache hit)
3646 http cache which@https://registry.npmjs.org/which/-/which-2.0.2.tgz 0ms (cache hit)
3647 http cache path-key@https://registry.npmjs.org/path-key/-/path-key-3.1.1.tgz 0ms (cache hit)
3648 http cache shebang-command@https://registry.npmjs.org/shebang-command/-/shebang-command-2.0.0.tgz 0ms (cache hit)
3649 http cache object-assign@https://registry.npmjs.org/object-assign/-/object-assign-4.1.1.tgz 0ms (cache hit)
3650 http cache vary@https://registry.npmjs.org/vary/-/vary-1.1.2.tgz 0ms (cache hit)
3651 http cache node-releases@https://registry.npmjs.org/node-releases/-/node-releases-2.0.54.tgz 0ms (cache hit)
3652 http cache update-browserslist-db@https://registry.npmjs.org/update-browserslist-db/-/update-browserslist-db-1.3.2.tgz 0ms (cache hit)
3653 http cache readdirp@https://registry.npmjs.org/readdirp/-/readdirp-5.1.1.tgz 0ms (cache hit)
3654 http cache postcss-safe-parser@https://registry.npmjs.org/postcss-safe-parser/-/postcss-safe-parser-7.0.1.tgz 0ms (cache hit)
3655 http cache electron-to-chromium@https://registry.npmjs.org/electron-to-chromium/-/electron-to-chromium-1.5.416.tgz 0ms (cache hit)
3656 http cache caniuse-lite@https://registry.npmjs.org/caniuse-lite/-/caniuse-lite-1.0.30001810.tgz 0ms (cache hit)
3657 http cache postcss-media-query-parser@https://registry.npmjs.org/postcss-media-query-parser/-/postcss-media-query-parser-0.2.3.tgz 0ms (cache hit)
3658 http cache baseline-browser-mapping@https://registry.npmjs.org/baseline-browser-mapping/-/baseline-browser-mapping-2.11.20.tgz 0ms (cache hit)
3659 http cache postcss@https://registry.npmjs.org/postcss/-/postcss-8.5.26.tgz 0ms (cache hit)
3660 http cache htmlparser2@https://registry.npmjs.org/htmlparser2/-/htmlparser2-10.1.0.tgz 0ms (cache hit)
3661 http cache domhandler@https://registry.npmjs.org/domhandler/-/domhandler-5.0.3.tgz 0ms (cache hit)
3662 http cache @algolia/requester-node-http@https://registry.npmjs.org/@algolia/requester-node-http/-/requester-node-http-5.48.1.tgz 0ms (cache hit)
3663 http cache dom-serializer@https://registry.npmjs.org/dom-serializer/-/dom-serializer-2.0.0.tgz 0ms (cache hit)
3664 http cache @algolia/requester-fetch@https://registry.npmjs.org/@algolia/requester-fetch/-/requester-fetch-5.48.1.tgz 0ms (cache hit)
3665 http cache css-what@https://registry.npmjs.org/css-what/-/css-what-7.0.0.tgz 0ms (cache hit)
3666 http cache @algolia/requester-browser-xhr@https://registry.npmjs.org/@algolia/requester-browser-xhr/-/requester-browser-xhr-5.48.1.tgz 0ms (cache hit)
3667 http cache @algolia/monitoring@https://registry.npmjs.org/@algolia/monitoring/-/monitoring-1.48.1.tgz 0ms (cache hit)
3668 http cache @algolia/recommend@https://registry.npmjs.org/@algolia/recommend/-/recommend-5.48.1.tgz 0ms (cache hit)
3669 http cache @algolia/client-search@https://registry.npmjs.org/@algolia/client-search/-/client-search-5.48.1.tgz 0ms (cache hit)
3670 http cache @algolia/ingestion@https://registry.npmjs.org/@algolia/ingestion/-/ingestion-1.48.1.tgz 0ms (cache hit)
3671 http cache @algolia/client-personalization@https://registry.npmjs.org/@algolia/client-personalization/-/client-personalization-5.48.1.tgz 0ms (cache hit)
3672 http cache @algolia/client-query-suggestions@https://registry.npmjs.org/@algolia/client-query-suggestions/-/client-query-suggestions-5.48.1.tgz 0ms (cache hit)
3673 http cache @algolia/client-insights@https://registry.npmjs.org/@algolia/client-insights/-/client-insights-5.48.1.tgz 0ms (cache hit)
3674 http cache @algolia/client-common@https://registry.npmjs.org/@algolia/client-common/-/client-common-5.48.1.tgz 0ms (cache hit)
3675 http cache @algolia/client-abtesting@https://registry.npmjs.org/@algolia/client-abtesting/-/client-abtesting-5.48.1.tgz 0ms (cache hit)
3676 http cache @algolia/abtesting@https://registry.npmjs.org/@algolia/abtesting/-/abtesting-1.14.1.tgz 0ms (cache hit)
3677 http cache @algolia/client-analytics@https://registry.npmjs.org/@algolia/client-analytics/-/client-analytics-5.48.1.tgz 0ms (cache hit)
3678 http cache json-schema-traverse@https://registry.npmjs.org/json-schema-traverse/-/json-schema-traverse-1.0.0.tgz 0ms (cache hit)
3679 http cache css-select@https://registry.npmjs.org/css-select/-/css-select-6.0.0.tgz 0ms (cache hit)
3680 http cache require-from-string@https://registry.npmjs.org/require-from-string/-/require-from-string-2.0.2.tgz 0ms (cache hit)
3681 http cache fast-deep-equal@https://registry.npmjs.org/fast-deep-equal/-/fast-deep-equal-3.1.3.tgz 0ms (cache hit)
3682 http cache fast-uri@https://registry.npmjs.org/fast-uri/-/fast-uri-3.1.6.tgz 0ms (cache hit)
3683 http cache zod-to-json-schema@https://registry.npmjs.org/zod-to-json-schema/-/zod-to-json-schema-3.25.2.tgz 0ms (cache hit)
3684 http cache raw-body@https://registry.npmjs.org/raw-body/-/raw-body-3.0.2.tgz 0ms (cache hit)
3685 http cache pkce-challenge@https://registry.npmjs.org/pkce-challenge/-/pkce-challenge-5.0.1.tgz 0ms (cache hit)
3686 http cache json-schema-typed@https://registry.npmjs.org/json-schema-typed/-/json-schema-typed-8.0.2.tgz 0ms (cache hit)
3687 http cache eventsource-parser@https://registry.npmjs.org/eventsource-parser/-/eventsource-parser-3.1.1.tgz 0ms (cache hit)
3688 http cache jose@https://registry.npmjs.org/jose/-/jose-6.2.10.tgz 0ms (cache hit)
3689 http cache express-rate-limit@https://registry.npmjs.org/express-rate-limit/-/express-rate-limit-8.7.0.tgz 0ms (cache hit)
3690 http cache eventsource@https://registry.npmjs.org/eventsource/-/eventsource-3.0.7.tgz 0ms (cache hit)
3691 http cache express@https://registry.npmjs.org/express/-/express-5.2.1.tgz 0ms (cache hit)
3692 http cache cross-spawn@https://registry.npmjs.org/cross-spawn/-/cross-spawn-7.0.6.tgz 0ms (cache hit)
3693 http cache cors@https://registry.npmjs.org/cors/-/cors-2.8.6.tgz 0ms (cache hit)
3694 http cache @hono/node-server@https://registry.npmjs.org/@hono/node-server/-/node-server-2.1.1.tgz 0ms (cache hit)
3695 http cache @inquirer/external-editor@https://registry.npmjs.org/@inquirer/external-editor/-/external-editor-1.0.3.tgz 0ms (cache hit)
3696 http cache hono@https://registry.npmjs.org/hono/-/hono-4.13.5.tgz 0ms (cache hit)
3697 http cache content-type@https://registry.npmjs.org/content-type/-/content-type-1.0.5.tgz 0ms (cache hit)
3698 http cache @jridgewell/resolve-uri@https://registry.npmjs.org/@jridgewell/resolve-uri/-/resolve-uri-3.1.2.tgz 0ms (cache hit)
3699 http cache iconv-lite@https://registry.npmjs.org/iconv-lite/-/iconv-lite-0.7.3.tgz 0ms (cache hit)
3700 http cache chardet@https://registry.npmjs.org/chardet/-/chardet-2.2.0.tgz 0ms (cache hit)
3701 http cache @inquirer/select@https://registry.npmjs.org/@inquirer/select/-/select-4.4.2.tgz 1ms (cache hit)
3702 http cache @inquirer/password@https://registry.npmjs.org/@inquirer/password/-/password-4.0.23.tgz 0ms (cache hit)
3703 http cache @inquirer/rawlist@https://registry.npmjs.org/@inquirer/rawlist/-/rawlist-4.1.11.tgz 0ms (cache hit)
3704 http cache @inquirer/search@https://registry.npmjs.org/@inquirer/search/-/search-3.2.2.tgz 0ms (cache hit)
3705 http cache @inquirer/number@https://registry.npmjs.org/@inquirer/number/-/number-3.0.23.tgz 0ms (cache hit)
3706 http cache @inquirer/expand@https://registry.npmjs.org/@inquirer/expand/-/expand-4.0.23.tgz 0ms (cache hit)
3707 http cache @inquirer/editor@https://registry.npmjs.org/@inquirer/editor/-/editor-4.2.23.tgz 0ms (cache hit)
3708 http cache @inquirer/input@https://registry.npmjs.org/@inquirer/input/-/input-4.3.1.tgz 0ms (cache hit)
3709 http cache wrap-ansi@https://registry.npmjs.org/wrap-ansi/-/wrap-ansi-6.2.0.tgz 0ms (cache hit)
3710 http cache yoctocolors-cjs@https://registry.npmjs.org/yoctocolors-cjs/-/yoctocolors-cjs-2.1.3.tgz 0ms (cache hit)
3711 http cache @inquirer/checkbox@https://registry.npmjs.org/@inquirer/checkbox/-/checkbox-4.3.2.tgz 0ms (cache hit)
3712 http cache signal-exit@https://registry.npmjs.org/signal-exit/-/signal-exit-4.1.0.tgz 0ms (cache hit)
3713 http cache mute-stream@https://registry.npmjs.org/mute-stream/-/mute-stream-2.0.0.tgz 0ms (cache hit)
3714 http cache cli-width@https://registry.npmjs.org/cli-width/-/cli-width-4.1.0.tgz 0ms (cache hit)
3715 http cache @inquirer/figures@https://registry.npmjs.org/@inquirer/figures/-/figures-1.0.15.tgz 0ms (cache hit)
3716 http cache @inquirer/ansi@https://registry.npmjs.org/@inquirer/ansi/-/ansi-1.0.2.tgz 0ms (cache hit)
3717 http cache @inquirer/type@https://registry.npmjs.org/@inquirer/type/-/type-3.0.10.tgz 0ms (cache hit)
3718 http cache lru-cache@https://registry.npmjs.org/lru-cache/-/lru-cache-5.1.1.tgz 0ms (cache hit)
3719 http cache @inquirer/core@https://registry.npmjs.org/@inquirer/core/-/core-10.3.2.tgz 0ms (cache hit)
3720 http cache @babel/helper-string-parser@https://registry.npmjs.org/@babel/helper-string-parser/-/helper-string-parser-7.29.7.tgz 0ms (cache hit)
3721 http cache @babel/helper-module-imports@https://registry.npmjs.org/@babel/helper-module-imports/-/helper-module-imports-7.29.7.tgz 0ms (cache hit)
3722 http cache @babel/helper-globals@https://registry.npmjs.org/@babel/helper-globals/-/helper-globals-7.29.7.tgz 0ms (cache hit)
3723 http cache @babel/compat-data@https://registry.npmjs.org/@babel/compat-data/-/compat-data-7.29.7.tgz 0ms (cache hit)
3724 http cache jsesc@https://registry.npmjs.org/jsesc/-/jsesc-3.1.0.tgz 0ms (cache hit)
3725 http cache picocolors@https://registry.npmjs.org/picocolors/-/picocolors-1.1.1.tgz 0ms (cache hit)
3726 http cache @babel/helper-validator-option@https://registry.npmjs.org/@babel/helper-validator-option/-/helper-validator-option-7.29.7.tgz 0ms (cache hit)
3727 http cache @jridgewell/remapping@https://registry.npmjs.org/@jridgewell/remapping/-/remapping-2.3.5.tgz 0ms (cache hit)
3728 http cache @babel/helper-validator-identifier@https://registry.npmjs.org/@babel/helper-validator-identifier/-/helper-validator-identifier-7.29.7.tgz 0ms (cache hit)
3729 http cache js-tokens@https://registry.npmjs.org/js-tokens/-/js-tokens-4.0.0.tgz 0ms (cache hit)
3730 http cache json5@https://registry.npmjs.org/json5/-/json5-2.2.3.tgz 0ms (cache hit)
3731 http cache gensync@https://registry.npmjs.org/gensync/-/gensync-1.0.0-beta.2.tgz 0ms (cache hit)
3732 http cache debug@https://registry.npmjs.org/debug/-/debug-4.4.3.tgz 0ms (cache hit)
3733 http cache @babel/traverse@https://registry.npmjs.org/@babel/traverse/-/traverse-7.29.8.tgz 0ms (cache hit)
3734 http cache @babel/types@https://registry.npmjs.org/@babel/types/-/types-7.29.8.tgz 0ms (cache hit)
3735 http cache @babel/parser@https://registry.npmjs.org/@babel/parser/-/parser-7.29.8.tgz 0ms (cache hit)
3736 http cache @babel/helpers@https://registry.npmjs.org/@babel/helpers/-/helpers-7.29.7.tgz 0ms (cache hit)
3737 http cache @babel/template@https://registry.npmjs.org/@babel/template/-/template-7.29.7.tgz 0ms (cache hit)
3738 http cache @babel/helper-module-transforms@https://registry.npmjs.org/@babel/helper-module-transforms/-/helper-module-transforms-7.29.7.tgz 0ms (cache hit)
3739 http cache @babel/generator@https://registry.npmjs.org/@babel/generator/-/generator-7.29.8.tgz 0ms (cache hit)
3740 http cache @babel/helper-compilation-targets@https://registry.npmjs.org/@babel/helper-compilation-targets/-/helper-compilation-targets-7.29.7.tgz 0ms (cache hit)
3741 http cache @standard-schema/spec@https://registry.npmjs.org/@standard-schema/spec/-/spec-1.1.0.tgz 0ms (cache hit)
3742 http cache reflect-metadata@https://registry.npmjs.org/reflect-metadata/-/reflect-metadata-0.2.2.tgz 0ms (cache hit)
3743 http cache @babel/code-frame@https://registry.npmjs.org/@babel/code-frame/-/code-frame-7.29.7.tgz 0ms (cache hit)
3744 http cache convert-source-map@https://registry.npmjs.org/convert-source-map/-/convert-source-map-1.9.0.tgz 0ms (cache hit)
3745 http cache @jridgewell/sourcemap-codec@https://registry.npmjs.org/@jridgewell/sourcemap-codec/-/sourcemap-codec-1.6.0.tgz 0ms (cache hit)
3746 http cache chokidar@https://registry.npmjs.org/chokidar/-/chokidar-5.0.0.tgz 0ms (cache hit)
3747 http cache zod@https://registry.npmjs.org/zod/-/zod-4.3.6.tgz 0ms (cache hit)
3748 http cache ora@https://registry.npmjs.org/ora/-/ora-9.3.0.tgz 0ms (cache hit)
3749 http cache ini@https://registry.npmjs.org/ini/-/ini-6.0.0.tgz 0ms (cache hit)
3750 http cache yargs@https://registry.npmjs.org/yargs/-/yargs-18.0.0.tgz 0ms (cache hit)
3751 http cache npm-package-arg@https://registry.npmjs.org/npm-package-arg/-/npm-package-arg-13.0.2.tgz 0ms (cache hit)
3752 http cache pacote@https://registry.npmjs.org/pacote/-/pacote-21.5.1.tgz 0ms (cache hit)
3753 http cache @yarnpkg/lockfile@https://registry.npmjs.org/@yarnpkg/lockfile/-/lockfile-1.1.0.tgz 0ms (cache hit)
3754 http cache algoliasearch@https://registry.npmjs.org/algoliasearch/-/algoliasearch-5.48.1.tgz 0ms (cache hit)
3755 http cache @schematics/angular@https://registry.npmjs.org/@schematics/angular/-/angular-21.2.22.tgz 0ms (cache hit)
3756 http cache @listr2/prompt-adapter-inquirer@https://registry.npmjs.org/@listr2/prompt-adapter-inquirer/-/prompt-adapter-inquirer-3.0.5.tgz 0ms (cache hit)
3757 http cache @modelcontextprotocol/sdk@https://registry.npmjs.org/@modelcontextprotocol/sdk/-/sdk-1.30.0.tgz 0ms (cache hit)
3758 http cache @inquirer/prompts@https://registry.npmjs.org/@inquirer/prompts/-/prompts-7.10.1.tgz 0ms (cache hit)
3759 http cache @angular-devkit/schematics@https://registry.npmjs.org/@angular-devkit/schematics/-/schematics-21.2.22.tgz 0ms (cache hit)
3760 http cache @angular-devkit/core@https://registry.npmjs.org/@angular-devkit/core/-/core-21.2.22.tgz 0ms (cache hit)
3761 http cache source-map@https://registry.npmjs.org/source-map/-/source-map-0.7.6.tgz 0ms (cache hit)
3762 http cache ajv-formats@https://registry.npmjs.org/ajv-formats/-/ajv-formats-3.0.1.tgz 0ms (cache hit)
3763 http cache ajv@https://registry.npmjs.org/ajv/-/ajv-8.18.0.tgz 0ms (cache hit)
3764 http cache @jridgewell/gen-mapping@https://registry.npmjs.org/@jridgewell/gen-mapping/-/gen-mapping-0.3.13.tgz 0ms (cache hit)
3765 http cache @jridgewell/trace-mapping@https://registry.npmjs.org/@jridgewell/trace-mapping/-/trace-mapping-0.3.31.tgz 0ms (cache hit)
3766 http cache watchpack@https://registry.npmjs.org/watchpack/-/watchpack-2.5.1.tgz 0ms (cache hit)
3767 http cache undici@https://registry.npmjs.org/undici/-/undici-7.29.0.tgz 0ms (cache hit)
3768 http cache source-map-support@https://registry.npmjs.org/source-map-support/-/source-map-support-0.5.21.tgz 0ms (cache hit)
3769 http cache tinyglobby@https://registry.npmjs.org/tinyglobby/-/tinyglobby-0.2.15.tgz 0ms (cache hit)
3770 http cache semver@https://registry.npmjs.org/semver/-/semver-7.7.4.tgz 0ms (cache hit)
3771 http cache sass@https://registry.npmjs.org/sass/-/sass-1.97.3.tgz 0ms (cache hit)
3772 http cache piscina@https://registry.npmjs.org/piscina/-/piscina-5.2.0.tgz 0ms (cache hit)
3773 http cache rolldown@https://registry.npmjs.org/rolldown/-/rolldown-1.0.0-rc.4.tgz 0ms (cache hit)
3774 http cache picomatch@https://registry.npmjs.org/picomatch/-/picomatch-4.0.4.tgz 0ms (cache hit)
3775 http cache parse5-html-rewriting-stream@https://registry.npmjs.org/parse5-html-rewriting-stream/-/parse5-html-rewriting-stream-8.0.0.tgz 0ms (cache hit)
3776 http cache mrmime@https://registry.npmjs.org/mrmime/-/mrmime-2.0.1.tgz 0ms (cache hit)
3777 http cache lmdb@https://registry.npmjs.org/lmdb/-/lmdb-3.5.1.tgz 0ms (cache hit)
3778 http cache listr2@https://registry.npmjs.org/listr2/-/listr2-9.0.5.tgz 0ms (cache hit)
3779 http cache magic-string@https://registry.npmjs.org/magic-string/-/magic-string-0.30.21.tgz 0ms (cache hit)
3780 http cache jsonc-parser@https://registry.npmjs.org/jsonc-parser/-/jsonc-parser-3.3.1.tgz 0ms (cache hit)
3781 http cache https-proxy-agent@https://registry.npmjs.org/https-proxy-agent/-/https-proxy-agent-7.0.6.tgz 0ms (cache hit)
3782 http cache esbuild@https://registry.npmjs.org/esbuild/-/esbuild-0.28.1.tgz 0ms (cache hit)
3783 http cache istanbul-lib-instrument@https://registry.npmjs.org/istanbul-lib-instrument/-/istanbul-lib-instrument-6.0.3.tgz 0ms (cache hit)
3784 http cache browserslist@https://registry.npmjs.org/browserslist/-/browserslist-4.28.8.tgz 0ms (cache hit)
3785 http cache @vitejs/plugin-basic-ssl@https://registry.npmjs.org/@vitejs/plugin-basic-ssl/-/plugin-basic-ssl-2.1.4.tgz 0ms (cache hit)
3786 http cache beasties@https://registry.npmjs.org/beasties/-/beasties-0.4.1.tgz 0ms (cache hit)
3787 http cache @inquirer/confirm@https://registry.npmjs.org/@inquirer/confirm/-/confirm-5.1.21.tgz 0ms (cache hit)
3788 http cache @angular-devkit/architect@https://registry.npmjs.org/@angular-devkit/architect/-/architect-0.2102.22.tgz 0ms (cache hit)
3789 http cache vite@https://registry.npmjs.org/vite/-/vite-7.3.6.tgz 0ms (cache hit)
3790 http cache @babel/helper-split-export-declaration@https://registry.npmjs.org/@babel/helper-split-export-declaration/-/helper-split-export-declaration-7.24.7.tgz 0ms (cache hit)
3791 http cache @babel/helper-annotate-as-pure@https://registry.npmjs.org/@babel/helper-annotate-as-pure/-/helper-annotate-as-pure-7.27.3.tgz 0ms (cache hit)
3792 http cache @babel/core@https://registry.npmjs.org/@babel/core/-/core-7.29.7.tgz 0ms (cache hit)
3793 http cache @ampproject/remapping@https://registry.npmjs.org/@ampproject/remapping/-/remapping-2.3.0.tgz 0ms (cache hit)
3794 http cache vitest@https://registry.npmjs.org/vitest/-/vitest-4.1.11.tgz 0ms (cache hit)
3795 http cache jsdom@https://registry.npmjs.org/jsdom/-/jsdom-28.1.0.tgz 0ms (cache hit)
3796 http cache @angular/router@https://registry.npmjs.org/@angular/router/-/router-21.2.22.tgz 0ms (cache hit)
3797 http cache rxjs@https://registry.npmjs.org/rxjs/-/rxjs-7.8.2.tgz 0ms (cache hit)
3798 http cache @angular/forms@https://registry.npmjs.org/@angular/forms/-/forms-21.2.22.tgz 0ms (cache hit)
3799 http cache @angular/platform-browser@https://registry.npmjs.org/@angular/platform-browser/-/platform-browser-21.2.22.tgz 0ms (cache hit)
3800 http cache prettier@https://registry.npmjs.org/prettier/-/prettier-3.9.6.tgz 0ms (cache hit)
3801 http cache @angular/core@https://registry.npmjs.org/@angular/core/-/core-21.2.22.tgz 0ms (cache hit)
3802 http cache @angular/compiler@https://registry.npmjs.org/@angular/compiler/-/compiler-21.2.22.tgz 0ms (cache hit)
3803 http cache @angular/common@https://registry.npmjs.org/@angular/common/-/common-21.2.22.tgz 0ms (cache hit)
3804 http cache @angular/cli@https://registry.npmjs.org/@angular/cli/-/cli-21.2.22.tgz 0ms (cache hit)
3805 http cache @angular/compiler-cli@https://registry.npmjs.org/@angular/compiler-cli/-/compiler-cli-21.2.22.tgz 0ms (cache hit)
3806 http cache typescript@https://registry.npmjs.org/typescript/-/typescript-5.9.3.tgz 0ms (cache hit)
3807 http cache tslib@https://registry.npmjs.org/tslib/-/tslib-2.8.1.tgz 0ms (cache hit)
3808 http cache @angular/build@https://registry.npmjs.org/@angular/build/-/build-21.2.22.tgz 0ms (cache hit)
3809 http cache string-width@https://registry.npmjs.org/string-width/-/string-width-7.2.0.tgz 0ms (cache hit)
3810 http cache wrap-ansi@https://registry.npmjs.org/wrap-ansi/-/wrap-ansi-9.0.2.tgz 0ms (cache hit)
3811 http cache convert-source-map@https://registry.npmjs.org/convert-source-map/-/convert-source-map-2.0.0.tgz 0ms (cache hit)
3812 http cache lru-cache@https://registry.npmjs.org/lru-cache/-/lru-cache-11.5.2.tgz 0ms (cache hit)
3813 http cache node-addon-api@https://registry.npmjs.org/node-addon-api/-/node-addon-api-7.1.1.tgz 0ms (cache hit)
3814 http cache yallist@https://registry.npmjs.org/yallist/-/yallist-4.0.0.tgz 0ms (cache hit)
3815 http cache lru-cache@https://registry.npmjs.org/lru-cache/-/lru-cache-11.5.2.tgz 0ms (cache hit)
3816 http cache yallist@https://registry.npmjs.org/yallist/-/yallist-4.0.0.tgz 0ms (cache hit)
3817 http cache minipass@https://registry.npmjs.org/minipass/-/minipass-3.3.6.tgz 0ms (cache hit)
3818 http cache minipass@https://registry.npmjs.org/minipass/-/minipass-3.3.6.tgz 0ms (cache hit)
3819 http cache which@https://registry.npmjs.org/which/-/which-6.0.1.tgz 0ms (cache hit)
3820 http cache undici@https://registry.npmjs.org/undici/-/undici-6.28.0.tgz 0ms (cache hit)
3821 http cache isexe@https://registry.npmjs.org/isexe/-/isexe-4.0.0.tgz 0ms (cache hit)
3822 http cache yallist@https://registry.npmjs.org/yallist/-/yallist-5.0.0.tgz 0ms (cache hit)
3823 http cache lru-cache@https://registry.npmjs.org/lru-cache/-/lru-cache-11.5.2.tgz 0ms (cache hit)
3824 http cache isexe@https://registry.npmjs.org/isexe/-/isexe-4.0.0.tgz 0ms (cache hit)
3825 http cache which@https://registry.npmjs.org/which/-/which-6.0.1.tgz 0ms (cache hit)
3826 http cache isexe@https://registry.npmjs.org/isexe/-/isexe-4.0.0.tgz 0ms (cache hit)
3827 http cache which@https://registry.npmjs.org/which/-/which-6.0.1.tgz 0ms (cache hit)
3828 http cache lru-cache@https://registry.npmjs.org/lru-cache/-/lru-cache-11.5.2.tgz 0ms (cache hit)
3829 http cache wrap-ansi@https://registry.npmjs.org/wrap-ansi/-/wrap-ansi-9.0.2.tgz 0ms (cache hit)
3830 http cache entities@https://registry.npmjs.org/entities/-/entities-8.0.0.tgz 0ms (cache hit)
3831 http cache string-width@https://registry.npmjs.org/string-width/-/string-width-7.2.0.tgz 0ms (cache hit)
3832 http cache lru-cache@https://registry.npmjs.org/lru-cache/-/lru-cache-11.5.2.tgz 0ms (cache hit)
3833 http cache lru-cache@https://registry.npmjs.org/lru-cache/-/lru-cache-11.5.2.tgz 0ms (cache hit)
3834 http cache slice-ansi@https://registry.npmjs.org/slice-ansi/-/slice-ansi-7.1.2.tgz 0ms (cache hit)
3835 http cache lru-cache@https://registry.npmjs.org/lru-cache/-/lru-cache-11.5.2.tgz 0ms (cache hit)
3836 http cache content-type@https://registry.npmjs.org/content-type/-/content-type-2.1.0.tgz 0ms (cache hit)
3837 http cache content-type@https://registry.npmjs.org/content-type/-/content-type-2.1.0.tgz 0ms (cache hit)
3838 http cache content-type@https://registry.npmjs.org/content-type/-/content-type-2.1.0.tgz 0ms (cache hit)
3839 http cache entities@https://registry.npmjs.org/entities/-/entities-7.0.1.tgz 0ms (cache hit)
3840 http cache ansi-regex@https://registry.npmjs.org/ansi-regex/-/ansi-regex-5.0.1.tgz 0ms (cache hit)
3841 http cache strip-ansi@https://registry.npmjs.org/strip-ansi/-/strip-ansi-6.0.1.tgz 0ms (cache hit)
3842 http cache emoji-regex@https://registry.npmjs.org/emoji-regex/-/emoji-regex-8.0.0.tgz 0ms (cache hit)
3843 http cache is-fullwidth-code-point@https://registry.npmjs.org/is-fullwidth-code-point/-/is-fullwidth-code-point-3.0.0.tgz 0ms (cache hit)
3844 http cache ansi-styles@https://registry.npmjs.org/ansi-styles/-/ansi-styles-4.3.0.tgz 0ms (cache hit)
3845 http cache string-width@https://registry.npmjs.org/string-width/-/string-width-4.2.3.tgz 0ms (cache hit)
3846 http cache semver@https://registry.npmjs.org/semver/-/semver-6.3.1.tgz 0ms (cache hit)
3847 http cache string-width@https://registry.npmjs.org/string-width/-/string-width-7.2.0.tgz 0ms (cache hit)
3848 http cache source-map@https://registry.npmjs.org/source-map/-/source-map-0.6.1.tgz 0ms (cache hit)
3849 http cache string-width@https://registry.npmjs.org/string-width/-/string-width-7.2.0.tgz 0ms (cache hit)
3850 http cache chokidar@https://registry.npmjs.org/chokidar/-/chokidar-4.0.3.tgz 0ms (cache hit)
3851 http cache entities@https://registry.npmjs.org/entities/-/entities-6.0.1.tgz 0ms (cache hit)
3852 http cache readdirp@https://registry.npmjs.org/readdirp/-/readdirp-4.1.2.tgz 0ms (cache hit)
3853 http cache wrap-ansi@https://registry.npmjs.org/wrap-ansi/-/wrap-ansi-9.0.2.tgz 0ms (cache hit)
3854 http cache semver@https://registry.npmjs.org/semver/-/semver-6.3.1.tgz 0ms (cache hit)
3855 silly tarball no local data for stackback@https://registry.npmjs.org/stackback/-/stackback-0.0.2.tgz. Extracting by manifest.
3856 silly tarball no local data for siginfo@https://registry.npmjs.org/siginfo/-/siginfo-2.0.0.tgz. Extracting by manifest.
3857 http cache convert-source-map@https://registry.npmjs.org/convert-source-map/-/convert-source-map-2.0.0.tgz 0ms (cache hit)
3858 silly tarball no local data for punycode@https://registry.npmjs.org/punycode/-/punycode-2.3.1.tgz. Extracting by manifest.
3859 silly tarball no local data for tr46@https://registry.npmjs.org/tr46/-/tr46-6.0.0.tgz. Extracting by manifest.
3860 silly tarball no local data for estree-walker@https://registry.npmjs.org/estree-walker/-/estree-walker-3.0.3.tgz. Extracting by manifest.
3861 silly tarball no local data for chai@https://registry.npmjs.org/chai/-/chai-6.2.2.tgz. Extracting by manifest.
3862 silly tarball no local data for assertion-error@https://registry.npmjs.org/assertion-error/-/assertion-error-2.0.1.tgz. Extracting by manifest.
3863 silly tarball no local data for glob-to-regexp@https://registry.npmjs.org/glob-to-regexp/-/glob-to-regexp-0.4.1.tgz. Extracting by manifest.
3864 silly tarball no local data for @types/deep-eql@https://registry.npmjs.org/@types/deep-eql/-/deep-eql-4.0.2.tgz. Extracting by manifest.
3865 silly tarball no local data for @types/chai@https://registry.npmjs.org/@types/chai/-/chai-5.2.3.tgz. Extracting by manifest.
3866 silly tarball no local data for why-is-node-running@https://registry.npmjs.org/why-is-node-running/-/why-is-node-running-2.3.0.tgz. Extracting by manifest.
3867 silly tarball no local data for tinyrainbow@https://registry.npmjs.org/tinyrainbow/-/tinyrainbow-3.1.1.tgz. Extracting by manifest.
3868 silly tarball no local data for tinyexec@https://registry.npmjs.org/tinyexec/-/tinyexec-1.3.0.tgz. Extracting by manifest.
3869 silly tarball no local data for tinybench@https://registry.npmjs.org/tinybench/-/tinybench-2.9.0.tgz. Extracting by manifest.
3870 silly tarball no local data for std-env@https://registry.npmjs.org/std-env/-/std-env-4.2.0.tgz. Extracting by manifest.
3871 silly tarball no local data for obug@https://registry.npmjs.org/obug/-/obug-2.1.4.tgz. Extracting by manifest.
3872 silly tarball no local data for pathe@https://registry.npmjs.org/pathe/-/pathe-2.0.3.tgz. Extracting by manifest.
3873 silly tarball no local data for @vitest/spy@https://registry.npmjs.org/@vitest/spy/-/spy-4.1.11.tgz. Extracting by manifest.
3874 silly tarball no local data for es-module-lexer@https://registry.npmjs.org/es-module-lexer/-/es-module-lexer-2.3.2.tgz. Extracting by manifest.
3875 silly tarball no local data for expect-type@https://registry.npmjs.org/expect-type/-/expect-type-1.4.0.tgz. Extracting by manifest.
3876 silly tarball no local data for @vitest/runner@https://registry.npmjs.org/@vitest/runner/-/runner-4.1.11.tgz. Extracting by manifest.
3877 silly tarball no local data for @vitest/mocker@https://registry.npmjs.org/@vitest/mocker/-/mocker-4.1.11.tgz. Extracting by manifest.
3878 silly tarball no local data for @vitest/utils@https://registry.npmjs.org/@vitest/utils/-/utils-4.1.11.tgz. Extracting by manifest.
3879 silly tarball no local data for @vitest/snapshot@https://registry.npmjs.org/@vitest/snapshot/-/snapshot-4.1.11.tgz. Extracting by manifest.
3880 silly tarball no local data for @vitest/pretty-format@https://registry.npmjs.org/@vitest/pretty-format/-/pretty-format-4.1.11.tgz. Extracting by manifest.
3881 silly tarball no local data for @types/estree@https://registry.npmjs.org/@types/estree/-/estree-1.0.9.tgz. Extracting by manifest.
3882 silly tarball no local data for rollup@https://registry.npmjs.org/rollup/-/rollup-4.63.1.tgz. Extracting by manifest.
3883 silly tarball no local data for @vitest/expect@https://registry.npmjs.org/@vitest/expect/-/expect-4.1.11.tgz. Extracting by manifest.
3884 silly tarball no local data for @rollup/rollup-win32-x64-msvc@https://registry.npmjs.org/@rollup/rollup-win32-x64-msvc/-/rollup-win32-x64-msvc-4.63.1.tgz. Extracting by manifest.
3885 silly tarball no local data for @rollup/rollup-win32-x64-gnu@https://registry.npmjs.org/@rollup/rollup-win32-x64-gnu/-/rollup-win32-x64-gnu-4.63.1.tgz. Extracting by manifest.
3886 silly tarball no local data for tldts-core@https://registry.npmjs.org/tldts-core/-/tldts-core-7.4.11.tgz. Extracting by manifest.
3887 silly tarball no local data for tldts@https://registry.npmjs.org/tldts/-/tldts-7.4.11.tgz. Extracting by manifest.
3888 silly tarball no local data for buffer-from@https://registry.npmjs.org/buffer-from/-/buffer-from-1.1.2.tgz. Extracting by manifest.
3889 silly tarball no local data for is-extglob@https://registry.npmjs.org/is-extglob/-/is-extglob-2.1.1.tgz. Extracting by manifest.
3890 silly tarball no local data for @parcel/watcher-win32-x64@https://registry.npmjs.org/@parcel/watcher-win32-x64/-/watcher-win32-x64-2.6.0.tgz. Extracting by manifest.
3891 silly tarball no local data for xmlchars@https://registry.npmjs.org/xmlchars/-/xmlchars-2.2.0.tgz. Extracting by manifest.
3892 silly tarball no local data for immutable@https://registry.npmjs.org/immutable/-/immutable-5.1.9.tgz. Extracting by manifest.
3893 silly tarball no local data for is-glob@https://registry.npmjs.org/is-glob/-/is-glob-4.0.3.tgz. Extracting by manifest.
3894 silly tarball no local data for @parcel/watcher@https://registry.npmjs.org/@parcel/watcher/-/watcher-2.6.0.tgz. Extracting by manifest.
3895 silly tarball no local data for @tybys/wasm-util@https://registry.npmjs.org/@tybys/wasm-util/-/wasm-util-0.10.3.tgz. Extracting by manifest.
3896 silly tarball no local data for @emnapi/wasi-threads@https://registry.npmjs.org/@emnapi/wasi-threads/-/wasi-threads-1.2.3.tgz. Extracting by manifest.
3897 silly tarball no local data for @emnapi/core@https://registry.npmjs.org/@emnapi/core/-/core-1.11.3.tgz. Extracting by manifest.
3898 silly tarball no local data for @emnapi/runtime@https://registry.npmjs.org/@emnapi/runtime/-/runtime-1.11.3.tgz. Extracting by manifest.
3899 silly tarball no local data for @rolldown/pluginutils@https://registry.npmjs.org/@rolldown/pluginutils/-/pluginutils-1.0.0-rc.4.tgz. Extracting by manifest.
3900 silly tarball no local data for @napi-rs/wasm-runtime@https://registry.npmjs.org/@napi-rs/wasm-runtime/-/wasm-runtime-1.2.3.tgz. Extracting by manifest.
3901 silly tarball no local data for @rolldown/binding-win32-x64-msvc@https://registry.npmjs.org/@rolldown/binding-win32-x64-msvc/-/binding-win32-x64-msvc-1.0.0-rc.4.tgz. Extracting by manifest.
3902 silly tarball no local data for @oxc-project/types@https://registry.npmjs.org/@oxc-project/types/-/types-0.113.0.tgz. Extracting by manifest.
3903 silly tarball no local data for nanoid@https://registry.npmjs.org/nanoid/-/nanoid-3.3.18.tgz. Extracting by manifest.
3904 silly tarball no local data for @napi-rs/nice-win32-x64-msvc@https://registry.npmjs.org/@napi-rs/nice-win32-x64-msvc/-/nice-win32-x64-msvc-1.1.1.tgz. Extracting by manifest.
3905 silly tarball no local data for @napi-rs/nice@https://registry.npmjs.org/@napi-rs/nice/-/nice-1.1.1.tgz. Extracting by manifest.
3906 silly tarball no local data for detect-libc@https://registry.npmjs.org/detect-libc/-/detect-libc-2.1.2.tgz. Extracting by manifest.
3907 silly tarball no local data for @msgpackr-extract/msgpackr-extract-win32-x64@https://registry.npmjs.org/@msgpackr-extract/msgpackr-extract-win32-x64/-/msgpackr-extract-win32-x64-3.0.4.tgz. Extracting by manifest.
3908 silly tarball no local data for msgpackr-extract@https://registry.npmjs.org/msgpackr-extract/-/msgpackr-extract-3.0.4.tgz. Extracting by manifest.
3909 silly tarball no local data for yallist@https://registry.npmjs.org/yallist/-/yallist-3.1.1.tgz. Extracting by manifest.
3910 silly tarball no local data for weak-lru-cache@https://registry.npmjs.org/weak-lru-cache/-/weak-lru-cache-1.2.2.tgz. Extracting by manifest.
3911 silly tarball no local data for ordered-binary@https://registry.npmjs.org/ordered-binary/-/ordered-binary-1.6.1.tgz. Extracting by manifest.
3912 silly tarball no local data for node-gyp-build-optional-packages@https://registry.npmjs.org/node-gyp-build-optional-packages/-/node-gyp-build-optional-packages-5.2.2.tgz. Extracting by manifest.
3913 silly tarball no local data for @lmdb/lmdb-win32-x64@https://registry.npmjs.org/@lmdb/lmdb-win32-x64/-/lmdb-win32-x64-3.5.1.tgz. Extracting by manifest.
3914 silly tarball no local data for node-addon-api@https://registry.npmjs.org/node-addon-api/-/node-addon-api-6.1.0.tgz. Extracting by manifest.
3915 silly tarball no local data for msgpackr@https://registry.npmjs.org/msgpackr/-/msgpackr-1.12.1.tgz. Extracting by manifest.
3916 silly tarball no local data for @harperfast/extended-iterable@https://registry.npmjs.org/@harperfast/extended-iterable/-/extended-iterable-1.0.3.tgz. Extracting by manifest.
3917 silly tarball no local data for @csstools/color-helpers@https://registry.npmjs.org/@csstools/color-helpers/-/color-helpers-6.1.1.tgz. Extracting by manifest.
3918 silly tarball no local data for @csstools/css-color-parser@https://registry.npmjs.org/@csstools/css-color-parser/-/css-color-parser-4.2.2.tgz. Extracting by manifest.
3919 silly tarball no local data for @csstools/css-tokenizer@https://registry.npmjs.org/@csstools/css-tokenizer/-/css-tokenizer-4.0.0.tgz. Extracting by manifest.
3920 silly tarball no local data for @csstools/css-parser-algorithms@https://registry.npmjs.org/@csstools/css-parser-algorithms/-/css-parser-algorithms-4.0.0.tgz. Extracting by manifest.
3921 silly tarball no local data for @csstools/css-calc@https://registry.npmjs.org/@csstools/css-calc/-/css-calc-3.3.0.tgz. Extracting by manifest.
3922 silly tarball no local data for @asamuzakjp/generational-cache@https://registry.npmjs.org/@asamuzakjp/generational-cache/-/generational-cache-1.0.1.tgz. Extracting by manifest.
3923 silly tarball no local data for @csstools/css-syntax-patches-for-csstree@https://registry.npmjs.org/@csstools/css-syntax-patches-for-csstree/-/css-syntax-patches-for-csstree-1.1.10.tgz. Extracting by manifest.
3924 silly tarball no local data for source-map-js@https://registry.npmjs.org/source-map-js/-/source-map-js-1.2.1.tgz. Extracting by manifest.
3925 silly tarball no local data for @asamuzakjp/css-color@https://registry.npmjs.org/@asamuzakjp/css-color/-/css-color-5.1.11.tgz. Extracting by manifest.
3926 silly tarball no local data for css-tree@https://registry.npmjs.org/css-tree/-/css-tree-3.2.1.tgz. Extracting by manifest.
3927 silly tarball no local data for mdn-data@https://registry.npmjs.org/mdn-data/-/mdn-data-2.27.1.tgz. Extracting by manifest.
3928 silly tarball no local data for @asamuzakjp/nwsapi@https://registry.npmjs.org/@asamuzakjp/nwsapi/-/nwsapi-2.3.9.tgz. Extracting by manifest.
3929 silly tarball no local data for bidi-js@https://registry.npmjs.org/bidi-js/-/bidi-js-1.0.3.tgz. Extracting by manifest.
3930 silly tarball no local data for whatwg-url@https://registry.npmjs.org/whatwg-url/-/whatwg-url-16.0.1.tgz. Extracting by manifest.
3931 silly tarball no local data for xml-name-validator@https://registry.npmjs.org/xml-name-validator/-/xml-name-validator-5.0.0.tgz. Extracting by manifest.
3932 silly tarball no local data for whatwg-mimetype@https://registry.npmjs.org/whatwg-mimetype/-/whatwg-mimetype-5.0.0.tgz. Extracting by manifest.
3933 silly tarball no local data for webidl-conversions@https://registry.npmjs.org/webidl-conversions/-/webidl-conversions-8.0.1.tgz. Extracting by manifest.
3934 silly tarball no local data for w3c-xmlserializer@https://registry.npmjs.org/w3c-xmlserializer/-/w3c-xmlserializer-5.0.0.tgz. Extracting by manifest.
3935 silly tarball no local data for tough-cookie@https://registry.npmjs.org/tough-cookie/-/tough-cookie-6.0.2.tgz. Extracting by manifest.
3936 silly tarball no local data for saxes@https://registry.npmjs.org/saxes/-/saxes-6.0.0.tgz. Extracting by manifest.
3937 silly tarball no local data for symbol-tree@https://registry.npmjs.org/symbol-tree/-/symbol-tree-3.2.4.tgz. Extracting by manifest.
3938 silly tarball no local data for html-encoding-sniffer@https://registry.npmjs.org/html-encoding-sniffer/-/html-encoding-sniffer-6.0.0.tgz. Extracting by manifest.
3939 silly tarball no local data for is-potential-custom-element-name@https://registry.npmjs.org/is-potential-custom-element-name/-/is-potential-custom-element-name-1.0.1.tgz. Extracting by manifest.
3940 silly tarball no local data for decimal.js@https://registry.npmjs.org/decimal.js/-/decimal.js-10.6.0.tgz. Extracting by manifest.
3941 silly tarball no local data for @exodus/bytes@https://registry.npmjs.org/@exodus/bytes/-/bytes-1.15.1.tgz. Extracting by manifest.
3942 silly tarball no local data for data-urls@https://registry.npmjs.org/data-urls/-/data-urls-7.0.0.tgz. Extracting by manifest.
3943 silly tarball no local data for @bramus/specificity@https://registry.npmjs.org/@bramus/specificity/-/specificity-2.4.2.tgz. Extracting by manifest.
3944 silly tarball no local data for cssstyle@https://registry.npmjs.org/cssstyle/-/cssstyle-6.2.0.tgz. Extracting by manifest.
3945 silly tarball no local data for @asamuzakjp/dom-selector@https://registry.npmjs.org/@asamuzakjp/dom-selector/-/dom-selector-6.8.1.tgz. Extracting by manifest.
3946 silly tarball no local data for @istanbuljs/schema@https://registry.npmjs.org/@istanbuljs/schema/-/schema-0.1.6.tgz. Extracting by manifest.
3947 silly tarball no local data for @acemir/cssom@https://registry.npmjs.org/@acemir/cssom/-/cssom-0.9.31.tgz. Extracting by manifest.
3948 silly tarball no local data for istanbul-lib-coverage@https://registry.npmjs.org/istanbul-lib-coverage/-/istanbul-lib-coverage-3.2.2.tgz. Extracting by manifest.
3949 silly tarball no local data for @esbuild/win32-x64@https://registry.npmjs.org/@esbuild/win32-x64/-/win32-x64-0.28.1.tgz. Extracting by manifest.
3950 silly tarball no local data for entities@https://registry.npmjs.org/entities/-/entities-4.5.0.tgz. Extracting by manifest.
3951 silly tarball no local data for domelementtype@https://registry.npmjs.org/domelementtype/-/domelementtype-2.3.0.tgz. Extracting by manifest.
3952 silly tarball no local data for boolbase@https://registry.npmjs.org/boolbase/-/boolbase-1.0.0.tgz. Extracting by manifest.
3953 silly tarball no local data for nth-check@https://registry.npmjs.org/nth-check/-/nth-check-2.1.1.tgz. Extracting by manifest.
3954 silly tarball no local data for domutils@https://registry.npmjs.org/domutils/-/domutils-3.2.2.tgz. Extracting by manifest.
3955 silly tarball no local data for node-releases@https://registry.npmjs.org/node-releases/-/node-releases-2.0.54.tgz. Extracting by manifest.
3956 silly tarball no local data for update-browserslist-db@https://registry.npmjs.org/update-browserslist-db/-/update-browserslist-db-1.3.2.tgz. Extracting by manifest.
3957 silly tarball no local data for readdirp@https://registry.npmjs.org/readdirp/-/readdirp-5.1.1.tgz. Extracting by manifest.
3958 silly tarball no local data for postcss-safe-parser@https://registry.npmjs.org/postcss-safe-parser/-/postcss-safe-parser-7.0.1.tgz. Extracting by manifest.
3959 silly tarball no local data for electron-to-chromium@https://registry.npmjs.org/electron-to-chromium/-/electron-to-chromium-1.5.416.tgz. Extracting by manifest.
3960 silly tarball no local data for caniuse-lite@https://registry.npmjs.org/caniuse-lite/-/caniuse-lite-1.0.30001810.tgz. Extracting by manifest.
3961 silly tarball no local data for postcss-media-query-parser@https://registry.npmjs.org/postcss-media-query-parser/-/postcss-media-query-parser-0.2.3.tgz. Extracting by manifest.
3962 silly tarball no local data for baseline-browser-mapping@https://registry.npmjs.org/baseline-browser-mapping/-/baseline-browser-mapping-2.11.20.tgz. Extracting by manifest.
3963 silly tarball no local data for postcss@https://registry.npmjs.org/postcss/-/postcss-8.5.26.tgz. Extracting by manifest.
3964 silly tarball no local data for htmlparser2@https://registry.npmjs.org/htmlparser2/-/htmlparser2-10.1.0.tgz. Extracting by manifest.
3965 silly tarball no local data for domhandler@https://registry.npmjs.org/domhandler/-/domhandler-5.0.3.tgz. Extracting by manifest.
3966 silly tarball no local data for dom-serializer@https://registry.npmjs.org/dom-serializer/-/dom-serializer-2.0.0.tgz. Extracting by manifest.
3967 silly tarball no local data for css-what@https://registry.npmjs.org/css-what/-/css-what-7.0.0.tgz. Extracting by manifest.
3968 silly tarball no local data for css-select@https://registry.npmjs.org/css-select/-/css-select-6.0.0.tgz. Extracting by manifest.
3969 silly tarball no local data for @jridgewell/resolve-uri@https://registry.npmjs.org/@jridgewell/resolve-uri/-/resolve-uri-3.1.2.tgz. Extracting by manifest.
3970 silly tarball no local data for lru-cache@https://registry.npmjs.org/lru-cache/-/lru-cache-5.1.1.tgz. Extracting by manifest.
3971 silly tarball no local data for @babel/helper-string-parser@https://registry.npmjs.org/@babel/helper-string-parser/-/helper-string-parser-7.29.7.tgz. Extracting by manifest.
3972 silly tarball no local data for @babel/helper-module-imports@https://registry.npmjs.org/@babel/helper-module-imports/-/helper-module-imports-7.29.7.tgz. Extracting by manifest.
3973 silly tarball no local data for @babel/helper-globals@https://registry.npmjs.org/@babel/helper-globals/-/helper-globals-7.29.7.tgz. Extracting by manifest.
3974 silly tarball no local data for @babel/compat-data@https://registry.npmjs.org/@babel/compat-data/-/compat-data-7.29.7.tgz. Extracting by manifest.
3975 silly tarball no local data for jsesc@https://registry.npmjs.org/jsesc/-/jsesc-3.1.0.tgz. Extracting by manifest.
3976 silly tarball no local data for picocolors@https://registry.npmjs.org/picocolors/-/picocolors-1.1.1.tgz. Extracting by manifest.
3977 silly tarball no local data for @babel/helper-validator-option@https://registry.npmjs.org/@babel/helper-validator-option/-/helper-validator-option-7.29.7.tgz. Extracting by manifest.
3978 silly tarball no local data for @jridgewell/remapping@https://registry.npmjs.org/@jridgewell/remapping/-/remapping-2.3.5.tgz. Extracting by manifest.
3979 silly tarball no local data for @babel/helper-validator-identifier@https://registry.npmjs.org/@babel/helper-validator-identifier/-/helper-validator-identifier-7.29.7.tgz. Extracting by manifest.
3980 silly tarball no local data for js-tokens@https://registry.npmjs.org/js-tokens/-/js-tokens-4.0.0.tgz. Extracting by manifest.
3981 silly tarball no local data for json5@https://registry.npmjs.org/json5/-/json5-2.2.3.tgz. Extracting by manifest.
3982 silly tarball no local data for gensync@https://registry.npmjs.org/gensync/-/gensync-1.0.0-beta.2.tgz. Extracting by manifest.
3983 silly tarball no local data for @babel/traverse@https://registry.npmjs.org/@babel/traverse/-/traverse-7.29.8.tgz. Extracting by manifest.
3984 silly tarball no local data for @babel/types@https://registry.npmjs.org/@babel/types/-/types-7.29.8.tgz. Extracting by manifest.
3985 silly tarball no local data for @babel/parser@https://registry.npmjs.org/@babel/parser/-/parser-7.29.8.tgz. Extracting by manifest.
3986 silly tarball no local data for @babel/helpers@https://registry.npmjs.org/@babel/helpers/-/helpers-7.29.7.tgz. Extracting by manifest.
3987 silly tarball no local data for @babel/template@https://registry.npmjs.org/@babel/template/-/template-7.29.7.tgz. Extracting by manifest.
3988 silly tarball no local data for @babel/helper-module-transforms@https://registry.npmjs.org/@babel/helper-module-transforms/-/helper-module-transforms-7.29.7.tgz. Extracting by manifest.
3989 silly tarball no local data for @babel/generator@https://registry.npmjs.org/@babel/generator/-/generator-7.29.8.tgz. Extracting by manifest.
3990 silly tarball no local data for @babel/helper-compilation-targets@https://registry.npmjs.org/@babel/helper-compilation-targets/-/helper-compilation-targets-7.29.7.tgz. Extracting by manifest.
3991 silly tarball no local data for @standard-schema/spec@https://registry.npmjs.org/@standard-schema/spec/-/spec-1.1.0.tgz. Extracting by manifest.
3992 silly tarball no local data for reflect-metadata@https://registry.npmjs.org/reflect-metadata/-/reflect-metadata-0.2.2.tgz. Extracting by manifest.
3993 silly tarball no local data for @babel/code-frame@https://registry.npmjs.org/@babel/code-frame/-/code-frame-7.29.7.tgz. Extracting by manifest.
3994 silly tarball no local data for convert-source-map@https://registry.npmjs.org/convert-source-map/-/convert-source-map-1.9.0.tgz. Extracting by manifest.
3995 silly tarball no local data for chokidar@https://registry.npmjs.org/chokidar/-/chokidar-5.0.0.tgz. Extracting by manifest.
3996 silly tarball no local data for @jridgewell/gen-mapping@https://registry.npmjs.org/@jridgewell/gen-mapping/-/gen-mapping-0.3.13.tgz. Extracting by manifest.
3997 silly tarball no local data for @jridgewell/trace-mapping@https://registry.npmjs.org/@jridgewell/trace-mapping/-/trace-mapping-0.3.31.tgz. Extracting by manifest.
3998 silly tarball no local data for watchpack@https://registry.npmjs.org/watchpack/-/watchpack-2.5.1.tgz. Extracting by manifest.
3999 silly tarball no local data for undici@https://registry.npmjs.org/undici/-/undici-7.29.0.tgz. Extracting by manifest.
4000 silly tarball no local data for source-map-support@https://registry.npmjs.org/source-map-support/-/source-map-support-0.5.21.tgz. Extracting by manifest.
4001 silly tarball no local data for tinyglobby@https://registry.npmjs.org/tinyglobby/-/tinyglobby-0.2.15.tgz. Extracting by manifest.
4002 silly tarball no local data for sass@https://registry.npmjs.org/sass/-/sass-1.97.3.tgz. Extracting by manifest.
4003 silly tarball no local data for piscina@https://registry.npmjs.org/piscina/-/piscina-5.2.0.tgz. Extracting by manifest.
4004 silly tarball no local data for rolldown@https://registry.npmjs.org/rolldown/-/rolldown-1.0.0-rc.4.tgz. Extracting by manifest.
4005 silly tarball no local data for mrmime@https://registry.npmjs.org/mrmime/-/mrmime-2.0.1.tgz. Extracting by manifest.
4006 silly tarball no local data for lmdb@https://registry.npmjs.org/lmdb/-/lmdb-3.5.1.tgz. Extracting by manifest.
4007 silly tarball no local data for esbuild@https://registry.npmjs.org/esbuild/-/esbuild-0.28.1.tgz. Extracting by manifest.
4008 silly tarball no local data for istanbul-lib-instrument@https://registry.npmjs.org/istanbul-lib-instrument/-/istanbul-lib-instrument-6.0.3.tgz. Extracting by manifest.
4009 silly tarball no local data for browserslist@https://registry.npmjs.org/browserslist/-/browserslist-4.28.8.tgz. Extracting by manifest.
4010 silly tarball no local data for @vitejs/plugin-basic-ssl@https://registry.npmjs.org/@vitejs/plugin-basic-ssl/-/plugin-basic-ssl-2.1.4.tgz. Extracting by manifest.
4011 silly tarball no local data for beasties@https://registry.npmjs.org/beasties/-/beasties-0.4.1.tgz. Extracting by manifest.
4012 silly tarball no local data for vite@https://registry.npmjs.org/vite/-/vite-7.3.6.tgz. Extracting by manifest.
4013 silly tarball no local data for @babel/helper-split-export-declaration@https://registry.npmjs.org/@babel/helper-split-export-declaration/-/helper-split-export-declaration-7.24.7.tgz. Extracting by manifest.
4014 silly tarball no local data for @babel/helper-annotate-as-pure@https://registry.npmjs.org/@babel/helper-annotate-as-pure/-/helper-annotate-as-pure-7.27.3.tgz. Extracting by manifest.
4015 silly tarball no local data for @babel/core@https://registry.npmjs.org/@babel/core/-/core-7.29.7.tgz. Extracting by manifest.
4016 silly tarball no local data for @ampproject/remapping@https://registry.npmjs.org/@ampproject/remapping/-/remapping-2.3.0.tgz. Extracting by manifest.
4017 silly tarball no local data for vitest@https://registry.npmjs.org/vitest/-/vitest-4.1.11.tgz. Extracting by manifest.
4018 silly tarball no local data for jsdom@https://registry.npmjs.org/jsdom/-/jsdom-28.1.0.tgz. Extracting by manifest.
4019 silly tarball no local data for @angular/router@https://registry.npmjs.org/@angular/router/-/router-21.2.22.tgz. Extracting by manifest.
4020 silly tarball no local data for @angular/forms@https://registry.npmjs.org/@angular/forms/-/forms-21.2.22.tgz. Extracting by manifest.
4021 silly tarball no local data for @angular/platform-browser@https://registry.npmjs.org/@angular/platform-browser/-/platform-browser-21.2.22.tgz. Extracting by manifest.
4022 silly tarball no local data for prettier@https://registry.npmjs.org/prettier/-/prettier-3.9.6.tgz. Extracting by manifest.
4023 silly tarball no local data for @angular/core@https://registry.npmjs.org/@angular/core/-/core-21.2.22.tgz. Extracting by manifest.
4024 silly tarball no local data for @angular/compiler@https://registry.npmjs.org/@angular/compiler/-/compiler-21.2.22.tgz. Extracting by manifest.
4025 silly tarball no local data for @angular/common@https://registry.npmjs.org/@angular/common/-/common-21.2.22.tgz. Extracting by manifest.
4026 silly tarball no local data for @angular/compiler-cli@https://registry.npmjs.org/@angular/compiler-cli/-/compiler-cli-21.2.22.tgz. Extracting by manifest.
4027 silly tarball no local data for typescript@https://registry.npmjs.org/typescript/-/typescript-5.9.3.tgz. Extracting by manifest.
4028 silly tarball no local data for @angular/build@https://registry.npmjs.org/@angular/build/-/build-21.2.22.tgz. Extracting by manifest.
4029 silly tarball no local data for convert-source-map@https://registry.npmjs.org/convert-source-map/-/convert-source-map-2.0.0.tgz. Extracting by manifest.
4030 silly tarball no local data for node-addon-api@https://registry.npmjs.org/node-addon-api/-/node-addon-api-7.1.1.tgz. Extracting by manifest.
4031 silly tarball no local data for entities@https://registry.npmjs.org/entities/-/entities-7.0.1.tgz. Extracting by manifest.
4032 silly tarball no local data for semver@https://registry.npmjs.org/semver/-/semver-6.3.1.tgz. Extracting by manifest.
4033 silly tarball no local data for source-map@https://registry.npmjs.org/source-map/-/source-map-0.6.1.tgz. Extracting by manifest.
4034 silly tarball no local data for chokidar@https://registry.npmjs.org/chokidar/-/chokidar-4.0.3.tgz. Extracting by manifest.
4035 silly tarball no local data for readdirp@https://registry.npmjs.org/readdirp/-/readdirp-4.1.2.tgz. Extracting by manifest.
4036 silly tarball no local data for semver@https://registry.npmjs.org/semver/-/semver-6.3.1.tgz. Extracting by manifest.
4037 silly tarball no local data for convert-source-map@https://registry.npmjs.org/convert-source-map/-/convert-source-map-2.0.0.tgz. Extracting by manifest.
4038 http fetch POST 200 https://registry.npmjs.org/-/npm/v1/security/advisories/bulk 676ms
4039 silly audit report {}
4040 http fetch GET 200 https://registry.npmjs.org/punycode/-/punycode-2.3.1.tgz 767ms (cache miss)
4041 http fetch GET 200 https://registry.npmjs.org/siginfo/-/siginfo-2.0.0.tgz 768ms (cache miss)
4042 http fetch GET 200 https://registry.npmjs.org/glob-to-regexp/-/glob-to-regexp-0.4.1.tgz 767ms (cache miss)
4043 http fetch GET 200 https://registry.npmjs.org/assertion-error/-/assertion-error-2.0.1.tgz 767ms (cache miss)
4044 http fetch GET 200 https://registry.npmjs.org/why-is-node-running/-/why-is-node-running-2.3.0.tgz 766ms (cache miss)
4045 http fetch GET 200 https://registry.npmjs.org/estree-walker/-/estree-walker-3.0.3.tgz 769ms (cache miss)
4046 http fetch GET 200 https://registry.npmjs.org/stackback/-/stackback-0.0.2.tgz 770ms (cache miss)
4047 http fetch GET 200 https://registry.npmjs.org/tinybench/-/tinybench-2.9.0.tgz 766ms (cache miss)
4048 http fetch GET 200 https://registry.npmjs.org/tinyrainbow/-/tinyrainbow-3.1.1.tgz 831ms (cache miss)
4049 http fetch GET 200 https://registry.npmjs.org/@types/deep-eql/-/deep-eql-4.0.2.tgz 835ms (cache miss)
4050 http fetch GET 200 https://registry.npmjs.org/std-env/-/std-env-4.2.0.tgz 843ms (cache miss)
4051 http fetch GET 200 https://registry.npmjs.org/pathe/-/pathe-2.0.3.tgz 861ms (cache miss)
4052 http fetch GET 200 https://registry.npmjs.org/@vitest/spy/-/spy-4.1.11.tgz 861ms (cache miss)
4053 http fetch GET 200 https://registry.npmjs.org/tinyexec/-/tinyexec-1.3.0.tgz 891ms (cache miss)
4054 http fetch GET 200 https://registry.npmjs.org/@types/estree/-/estree-1.0.9.tgz 891ms (cache miss)
4055 http fetch GET 200 https://registry.npmjs.org/buffer-from/-/buffer-from-1.1.2.tgz 924ms (cache miss)
4056 http fetch GET 200 https://registry.npmjs.org/@types/chai/-/chai-5.2.3.tgz 931ms (cache miss)
4057 http fetch GET 200 https://registry.npmjs.org/is-extglob/-/is-extglob-2.1.1.tgz 929ms (cache miss)
4058 http fetch GET 200 https://registry.npmjs.org/xmlchars/-/xmlchars-2.2.0.tgz 951ms (cache miss)
4059 http fetch GET 200 https://registry.npmjs.org/is-glob/-/is-glob-4.0.3.tgz 981ms (cache miss)
4060 http fetch GET 200 https://registry.npmjs.org/nanoid/-/nanoid-3.3.18.tgz 1054ms (cache miss)
4061 http fetch GET 200 https://registry.npmjs.org/detect-libc/-/detect-libc-2.1.2.tgz 1063ms (cache miss)
4062 http fetch GET 200 https://registry.npmjs.org/@napi-rs/nice/-/nice-1.1.1.tgz 1071ms (cache miss)
4063 http fetch GET 200 https://registry.npmjs.org/chai/-/chai-6.2.2.tgz 1088ms (cache miss)
4064 http fetch GET 200 https://registry.npmjs.org/@vitest/pretty-format/-/pretty-format-4.1.11.tgz 1100ms (cache miss)
4065 http fetch GET 200 https://registry.npmjs.org/msgpackr-extract/-/msgpackr-extract-3.0.4.tgz 1113ms (cache miss)
4066 http fetch GET 200 https://registry.npmjs.org/yallist/-/yallist-3.1.1.tgz 1124ms (cache miss)
4067 http fetch GET 200 https://registry.npmjs.org/node-gyp-build-optional-packages/-/node-gyp-build-optional-packages-5.2.2.tgz 1124ms (cache miss)
4068 http fetch GET 200 https://registry.npmjs.org/weak-lru-cache/-/weak-lru-cache-1.2.2.tgz 1124ms (cache miss)
4069 http fetch GET 200 https://registry.npmjs.org/@rolldown/pluginutils/-/pluginutils-1.0.0-rc.4.tgz 1170ms (cache miss)
4070 http fetch GET 200 https://registry.npmjs.org/@vitest/expect/-/expect-4.1.11.tgz 1180ms (cache miss)
4071 http fetch GET 200 https://registry.npmjs.org/tr46/-/tr46-6.0.0.tgz 1204ms (cache miss)
4072 http fetch GET 200 https://registry.npmjs.org/obug/-/obug-2.1.4.tgz 1213ms (cache miss)
4073 http fetch GET 200 https://registry.npmjs.org/@csstools/color-helpers/-/color-helpers-6.1.1.tgz 1255ms (cache miss)
4074 http fetch GET 200 https://registry.npmjs.org/@oxc-project/types/-/types-0.113.0.tgz 1299ms (cache miss)
4075 http fetch GET 200 https://registry.npmjs.org/@asamuzakjp/generational-cache/-/generational-cache-1.0.1.tgz 1303ms (cache miss)
4076 http fetch GET 200 https://registry.npmjs.org/@csstools/css-color-parser/-/css-color-parser-4.2.2.tgz 1397ms (cache miss)
4077 http fetch GET 200 https://registry.npmjs.org/@csstools/css-tokenizer/-/css-tokenizer-4.0.0.tgz 1424ms (cache miss)
4078 http fetch GET 200 https://registry.npmjs.org/@harperfast/extended-iterable/-/extended-iterable-1.0.3.tgz 1432ms (cache miss)
4079 http fetch GET 200 https://registry.npmjs.org/@csstools/css-parser-algorithms/-/css-parser-algorithms-4.0.0.tgz 1430ms (cache miss)
4080 http fetch GET 200 https://registry.npmjs.org/xml-name-validator/-/xml-name-validator-5.0.0.tgz 1427ms (cache miss)
4081 http fetch GET 200 https://registry.npmjs.org/@vitest/snapshot/-/snapshot-4.1.11.tgz 1461ms (cache miss)
4082 http fetch GET 200 https://registry.npmjs.org/webidl-conversions/-/webidl-conversions-8.0.1.tgz 1457ms (cache miss)
4083 http fetch GET 200 https://registry.npmjs.org/whatwg-mimetype/-/whatwg-mimetype-5.0.0.tgz 1457ms (cache miss)
4084 http fetch GET 200 https://registry.npmjs.org/@asamuzakjp/nwsapi/-/nwsapi-2.3.9.tgz 1459ms (cache miss)
4085 http fetch GET 200 https://registry.npmjs.org/w3c-xmlserializer/-/w3c-xmlserializer-5.0.0.tgz 1469ms (cache miss)
4086 http fetch GET 200 https://registry.npmjs.org/is-potential-custom-element-name/-/is-potential-custom-element-name-1.0.1.tgz 1477ms (cache miss)
4087 http fetch GET 200 https://registry.npmjs.org/es-module-lexer/-/es-module-lexer-2.3.2.tgz 1504ms (cache miss)
4088 http fetch GET 200 https://registry.npmjs.org/html-encoding-sniffer/-/html-encoding-sniffer-6.0.0.tgz 1490ms (cache miss)
4089 http fetch GET 200 https://registry.npmjs.org/symbol-tree/-/symbol-tree-3.2.4.tgz 1501ms (cache miss)
4090 http fetch GET 200 https://registry.npmjs.org/data-urls/-/data-urls-7.0.0.tgz 1512ms (cache miss)
4091 http fetch GET 200 https://registry.npmjs.org/istanbul-lib-coverage/-/istanbul-lib-coverage-3.2.2.tgz 1547ms (cache miss)
4092 http fetch GET 200 https://registry.npmjs.org/@csstools/css-calc/-/css-calc-3.3.0.tgz 1556ms (cache miss)
4093 http fetch GET 200 https://registry.npmjs.org/expect-type/-/expect-type-1.4.0.tgz 1577ms (cache miss)
4094 http fetch GET 200 https://registry.npmjs.org/domelementtype/-/domelementtype-2.3.0.tgz 1575ms (cache miss)
4095 http fetch GET 200 https://registry.npmjs.org/nth-check/-/nth-check-2.1.1.tgz 1621ms (cache miss)
4096 http fetch GET 200 https://registry.npmjs.org/boolbase/-/boolbase-1.0.0.tgz 1632ms (cache miss)
4097 http fetch GET 200 https://registry.npmjs.org/update-browserslist-db/-/update-browserslist-db-1.3.2.tgz 1639ms (cache miss)
4098 http fetch GET 200 https://registry.npmjs.org/@csstools/css-syntax-patches-for-csstree/-/css-syntax-patches-for-csstree-1.1.10.tgz 1654ms (cache miss)
4099 http fetch GET 200 https://registry.npmjs.org/postcss-media-query-parser/-/postcss-media-query-parser-0.2.3.tgz 1648ms (cache miss)
4100 http fetch GET 200 https://registry.npmjs.org/postcss-safe-parser/-/postcss-safe-parser-7.0.1.tgz 1649ms (cache miss)
4101 http fetch GET 200 https://registry.npmjs.org/@napi-rs/nice-win32-x64-msvc/-/nice-win32-x64-msvc-1.1.1.tgz 1668ms (cache miss)
4102 http fetch GET 200 https://registry.npmjs.org/saxes/-/saxes-6.0.0.tgz 1666ms (cache miss)
4103 http fetch GET 200 https://registry.npmjs.org/@vitest/runner/-/runner-4.1.11.tgz 1723ms (cache miss)
4104 http fetch GET 200 https://registry.npmjs.org/readdirp/-/readdirp-5.1.1.tgz 1701ms (cache miss)
4105 http fetch GET 200 https://registry.npmjs.org/@parcel/watcher-win32-x64/-/watcher-win32-x64-2.6.0.tgz 1745ms (cache miss)
4106 http fetch GET 200 https://registry.npmjs.org/@istanbuljs/schema/-/schema-0.1.6.tgz 1732ms (cache miss)
4107 http fetch GET 200 https://registry.npmjs.org/dom-serializer/-/dom-serializer-2.0.0.tgz 1742ms (cache miss)
4108 http fetch GET 200 https://registry.npmjs.org/@jridgewell/resolve-uri/-/resolve-uri-3.1.2.tgz 1764ms (cache miss)
4109 http fetch GET 200 https://registry.npmjs.org/lru-cache/-/lru-cache-5.1.1.tgz 1764ms (cache miss)
4110 http fetch GET 200 https://registry.npmjs.org/@babel/helper-globals/-/helper-globals-7.29.7.tgz 1776ms (cache miss)
4111 http fetch GET 200 https://registry.npmjs.org/@msgpackr-extract/msgpackr-extract-win32-x64/-/msgpackr-extract-win32-x64-3.0.4.tgz 1801ms (cache miss)
4112 http fetch GET 200 https://registry.npmjs.org/node-releases/-/node-releases-2.0.54.tgz 1790ms (cache miss)
4113 http fetch GET 200 https://registry.npmjs.org/jsesc/-/jsesc-3.1.0.tgz 1793ms (cache miss)
4114 http fetch GET 200 https://registry.npmjs.org/picocolors/-/picocolors-1.1.1.tgz 1794ms (cache miss)
4115 http fetch GET 200 https://registry.npmjs.org/@babel/compat-data/-/compat-data-7.29.7.tgz 1795ms (cache miss)
4116 http fetch GET 200 https://registry.npmjs.org/ordered-binary/-/ordered-binary-1.6.1.tgz 1816ms (cache miss)
4117 http fetch GET 200 https://registry.npmjs.org/@babel/helper-validator-identifier/-/helper-validator-identifier-7.29.7.tgz 1796ms (cache miss)
4118 http fetch GET 200 https://registry.npmjs.org/js-tokens/-/js-tokens-4.0.0.tgz 1796ms (cache miss)
4119 http fetch GET 200 https://registry.npmjs.org/@babel/helper-string-parser/-/helper-string-parser-7.29.7.tgz 1838ms (cache miss)
4120 http fetch GET 200 https://registry.npmjs.org/decimal.js/-/decimal.js-10.6.0.tgz 1887ms (cache miss)
4121 http fetch GET 200 https://registry.npmjs.org/immutable/-/immutable-5.1.9.tgz 1904ms (cache miss)
4122 http fetch GET 200 https://registry.npmjs.org/@standard-schema/spec/-/spec-1.1.0.tgz 1884ms (cache miss)
4123 http fetch GET 200 https://registry.npmjs.org/convert-source-map/-/convert-source-map-1.9.0.tgz 1892ms (cache miss)
4124 http fetch GET 200 https://registry.npmjs.org/@emnapi/wasi-threads/-/wasi-threads-1.2.3.tgz 1992ms (cache miss)
4125 http fetch GET 200 https://registry.npmjs.org/@babel/code-frame/-/code-frame-7.29.7.tgz 1966ms (cache miss)
4126 http fetch GET 200 https://registry.npmjs.org/tinyglobby/-/tinyglobby-0.2.15.tgz 1971ms (cache miss)
4127 http fetch GET 200 https://registry.npmjs.org/@babel/helper-validator-option/-/helper-validator-option-7.29.7.tgz 1980ms (cache miss)
4128 http fetch GET 200 https://registry.npmjs.org/mrmime/-/mrmime-2.0.1.tgz 1985ms (cache miss)
4129 http fetch GET 200 https://registry.npmjs.org/gensync/-/gensync-1.0.0-beta.2.tgz 1999ms (cache miss)
4130 http fetch GET 200 https://registry.npmjs.org/baseline-browser-mapping/-/baseline-browser-mapping-2.11.20.tgz 2031ms (cache miss)
4131 http fetch GET 200 https://registry.npmjs.org/@babel/helper-annotate-as-pure/-/helper-annotate-as-pure-7.27.3.tgz 2019ms (cache miss)
4132 http fetch GET 200 https://registry.npmjs.org/@napi-rs/wasm-runtime/-/wasm-runtime-1.2.3.tgz 2139ms (cache miss)
4133 http fetch GET 200 https://registry.npmjs.org/@emnapi/runtime/-/runtime-1.11.3.tgz 2144ms (cache miss)
4134 http fetch GET 200 https://registry.npmjs.org/chokidar/-/chokidar-5.0.0.tgz 2119ms (cache miss)
4135 http fetch GET 200 https://registry.npmjs.org/@babel/helper-module-imports/-/helper-module-imports-7.29.7.tgz 2157ms (cache miss)
4136 http fetch GET 200 https://registry.npmjs.org/source-map-support/-/source-map-support-0.5.21.tgz 2160ms (cache miss)
4137 http fetch GET 200 https://registry.npmjs.org/whatwg-url/-/whatwg-url-16.0.1.tgz 2184ms (cache miss)
4138 http fetch GET 200 https://registry.npmjs.org/source-map-js/-/source-map-js-1.2.1.tgz 2205ms (cache miss)
4139 http fetch GET 200 https://registry.npmjs.org/node-addon-api/-/node-addon-api-6.1.0.tgz 2222ms (cache miss)
4140 http fetch GET 200 https://registry.npmjs.org/bidi-js/-/bidi-js-1.0.3.tgz 2226ms (cache miss)
4141 http fetch GET 200 https://registry.npmjs.org/electron-to-chromium/-/electron-to-chromium-1.5.416.tgz 2222ms (cache miss)
4142 http fetch GET 200 https://registry.npmjs.org/esbuild/-/esbuild-0.28.1.tgz 2208ms (cache miss)
4143 http fetch GET 200 https://registry.npmjs.org/beasties/-/beasties-0.4.1.tgz 2255ms (cache miss)
4144 http fetch GET 200 https://registry.npmjs.org/istanbul-lib-instrument/-/istanbul-lib-instrument-6.0.3.tgz 2263ms (cache miss)
4145 http fetch GET 200 https://registry.npmjs.org/tough-cookie/-/tough-cookie-6.0.2.tgz 2308ms (cache miss)
4146 http fetch GET 200 https://registry.npmjs.org/@lmdb/lmdb-win32-x64/-/lmdb-win32-x64-3.5.1.tgz 2315ms (cache miss)
4147 http fetch GET 200 https://registry.npmjs.org/browserslist/-/browserslist-4.28.8.tgz 2288ms (cache miss)
4148 http fetch GET 200 https://registry.npmjs.org/domhandler/-/domhandler-5.0.3.tgz 2319ms (cache miss)
4149 http fetch GET 200 https://registry.npmjs.org/reflect-metadata/-/reflect-metadata-0.2.2.tgz 2311ms (cache miss)
4150 http fetch GET 200 https://registry.npmjs.org/@babel/helper-split-export-declaration/-/helper-split-export-declaration-7.24.7.tgz 2356ms (cache miss)
4151 http fetch GET 200 https://registry.npmjs.org/@babel/helper-compilation-targets/-/helper-compilation-targets-7.29.7.tgz 2376ms (cache miss)
4152 http fetch GET 200 https://registry.npmjs.org/@vitest/mocker/-/mocker-4.1.11.tgz 2416ms (cache miss)
4153 http fetch GET 200 https://registry.npmjs.org/@babel/helper-module-transforms/-/helper-module-transforms-7.29.7.tgz 2406ms (cache miss)
4154 http fetch GET 200 https://registry.npmjs.org/watchpack/-/watchpack-2.5.1.tgz 2417ms (cache miss)
4155 http fetch GET 200 https://registry.npmjs.org/@babel/template/-/template-7.29.7.tgz 2429ms (cache miss)
4156 http fetch GET 200 https://registry.npmjs.org/@vitest/utils/-/utils-4.1.11.tgz 2487ms (cache miss)
4157 http fetch GET 200 https://registry.npmjs.org/json5/-/json5-2.2.3.tgz 2460ms (cache miss)
4158 http fetch GET 200 https://registry.npmjs.org/semver/-/semver-6.3.1.tgz 2479ms (cache miss)
4159 http fetch GET 200 https://registry.npmjs.org/@rollup/rollup-win32-x64-gnu/-/rollup-win32-x64-gnu-4.63.1.tgz 2581ms (cache miss)
4160 http fetch GET 200 https://registry.npmjs.org/@asamuzakjp/dom-selector/-/dom-selector-6.8.1.tgz 2580ms (cache miss)
4161 http fetch GET 200 https://registry.npmjs.org/@bramus/specificity/-/specificity-2.4.2.tgz 2585ms (cache miss)
4162 http fetch GET 200 https://registry.npmjs.org/mdn-data/-/mdn-data-2.27.1.tgz 2615ms (cache miss)
4163 http fetch GET 200 https://registry.npmjs.org/@angular/platform-browser/-/platform-browser-21.2.22.tgz 2635ms (cache miss)
4164 http fetch GET 200 https://registry.npmjs.org/node-addon-api/-/node-addon-api-7.1.1.tgz 2661ms (cache miss)
4165 http fetch GET 200 https://registry.npmjs.org/@ampproject/remapping/-/remapping-2.3.0.tgz 2665ms (cache miss)
4166 http fetch GET 200 https://registry.npmjs.org/@jridgewell/remapping/-/remapping-2.3.5.tgz 2688ms (cache miss)
4167 http fetch GET 200 https://registry.npmjs.org/@jridgewell/gen-mapping/-/gen-mapping-0.3.13.tgz 2717ms (cache miss)
4168 http fetch GET 200 https://registry.npmjs.org/convert-source-map/-/convert-source-map-2.0.0.tgz 2703ms (cache miss)
4169 http fetch GET 200 https://registry.npmjs.org/@parcel/watcher/-/watcher-2.6.0.tgz 2761ms (cache miss)
4170 http fetch GET 200 https://registry.npmjs.org/readdirp/-/readdirp-4.1.2.tgz 2717ms (cache miss)
4171 http fetch GET 200 https://registry.npmjs.org/@emnapi/core/-/core-1.11.3.tgz 2773ms (cache miss)
4172 http fetch GET 200 https://registry.npmjs.org/semver/-/semver-6.3.1.tgz 2763ms (cache miss)
4173 http fetch GET 200 https://registry.npmjs.org/@rollup/rollup-win32-x64-msvc/-/rollup-win32-x64-msvc-4.63.1.tgz 2836ms (cache miss)
4174 http fetch GET 200 https://registry.npmjs.org/@tybys/wasm-util/-/wasm-util-0.10.3.tgz 2842ms (cache miss)
4175 http fetch GET 200 https://registry.npmjs.org/@babel/parser/-/parser-7.29.8.tgz 2831ms (cache miss)
4176 http fetch GET 200 https://registry.npmjs.org/@acemir/cssom/-/cssom-0.9.31.tgz 2856ms (cache miss)
4177 http fetch GET 200 https://registry.npmjs.org/htmlparser2/-/htmlparser2-10.1.0.tgz 2886ms (cache miss)
4178 http fetch GET 200 https://registry.npmjs.org/css-what/-/css-what-7.0.0.tgz 2928ms (cache miss)
4179 http fetch GET 200 https://registry.npmjs.org/@angular/router/-/router-21.2.22.tgz 2927ms (cache miss)
4180 http fetch GET 200 https://registry.npmjs.org/chokidar/-/chokidar-4.0.3.tgz 2941ms (cache miss)
4181 http fetch GET 200 https://registry.npmjs.org/@babel/generator/-/generator-7.29.8.tgz 3036ms (cache miss)
4182 http fetch GET 200 https://registry.npmjs.org/postcss/-/postcss-8.5.26.tgz 3055ms (cache miss)
4183 http fetch GET 200 https://registry.npmjs.org/source-map/-/source-map-0.6.1.tgz 3035ms (cache miss)
4184 http fetch GET 200 https://registry.npmjs.org/@jridgewell/trace-mapping/-/trace-mapping-0.3.31.tgz 3051ms (cache miss)
4185 http fetch GET 200 https://registry.npmjs.org/convert-source-map/-/convert-source-map-2.0.0.tgz 3063ms (cache miss)
4186 http fetch GET 200 https://registry.npmjs.org/@asamuzakjp/css-color/-/css-color-5.1.11.tgz 3096ms (cache miss)
4187 http fetch GET 200 https://registry.npmjs.org/msgpackr/-/msgpackr-1.12.1.tgz 3120ms (cache miss)
4188 http fetch GET 200 https://registry.npmjs.org/rollup/-/rollup-4.63.1.tgz 3133ms (cache miss)
4189 http fetch GET 200 https://registry.npmjs.org/rolldown/-/rolldown-1.0.0-rc.4.tgz 3137ms (cache miss)
4190 http fetch GET 200 https://registry.npmjs.org/tldts/-/tldts-7.4.11.tgz 3202ms (cache miss)
4191 http fetch GET 200 https://registry.npmjs.org/domutils/-/domutils-3.2.2.tgz 3188ms (cache miss)
4192 http fetch GET 200 https://registry.npmjs.org/entities/-/entities-4.5.0.tgz 3231ms (cache miss)
4193 http fetch GET 200 https://registry.npmjs.org/@angular/forms/-/forms-21.2.22.tgz 3252ms (cache miss)
4194 http fetch GET 200 https://registry.npmjs.org/@exodus/bytes/-/bytes-1.15.1.tgz 3302ms (cache miss)
4195 http fetch GET 200 https://registry.npmjs.org/tldts-core/-/tldts-core-7.4.11.tgz 3325ms (cache miss)
4196 http fetch GET 200 https://registry.npmjs.org/@babel/traverse/-/traverse-7.29.8.tgz 3304ms (cache miss)
4197 http fetch GET 200 https://registry.npmjs.org/vite/-/vite-7.3.6.tgz 3339ms (cache miss)
4198 http fetch GET 200 https://registry.npmjs.org/@vitejs/plugin-basic-ssl/-/plugin-basic-ssl-2.1.4.tgz 3454ms (cache miss)
4199 http fetch GET 200 https://registry.npmjs.org/cssstyle/-/cssstyle-6.2.0.tgz 3493ms (cache miss)
4200 http fetch GET 200 https://registry.npmjs.org/entities/-/entities-7.0.1.tgz 3717ms (cache miss)
4201 http fetch GET 200 https://registry.npmjs.org/css-select/-/css-select-6.0.0.tgz 3743ms (cache miss)
4202 http fetch GET 200 https://registry.npmjs.org/sass/-/sass-1.97.3.tgz 3739ms (cache miss)
4203 http fetch GET 200 https://registry.npmjs.org/@angular/compiler/-/compiler-21.2.22.tgz 3756ms (cache miss)
4204 http fetch GET 200 https://registry.npmjs.org/@babel/core/-/core-7.29.7.tgz 3823ms (cache miss)
4205 http fetch GET 200 https://registry.npmjs.org/vitest/-/vitest-4.1.11.tgz 3826ms (cache miss)
4206 http fetch GET 200 https://registry.npmjs.org/piscina/-/piscina-5.2.0.tgz 3877ms (cache miss)
4207 http fetch GET 200 https://registry.npmjs.org/lmdb/-/lmdb-3.5.1.tgz 3974ms (cache miss)
4208 http fetch GET 200 https://registry.npmjs.org/@esbuild/win32-x64/-/win32-x64-0.28.1.tgz 4091ms (cache miss)
4209 http fetch GET 200 https://registry.npmjs.org/@angular/core/-/core-21.2.22.tgz 4165ms (cache miss)
4210 http fetch GET 200 https://registry.npmjs.org/prettier/-/prettier-3.9.6.tgz 4184ms (cache miss)
4211 http fetch GET 200 https://registry.npmjs.org/@babel/types/-/types-7.29.8.tgz 4204ms (cache miss)
4212 http fetch GET 200 https://registry.npmjs.org/undici/-/undici-7.29.0.tgz 4282ms (cache miss)
4213 http fetch GET 200 https://registry.npmjs.org/@babel/helpers/-/helpers-7.29.7.tgz 4338ms (cache miss)
4214 http fetch GET 200 https://registry.npmjs.org/css-tree/-/css-tree-3.2.1.tgz 4502ms (cache miss)
4215 http fetch GET 200 https://registry.npmjs.org/@rolldown/binding-win32-x64-msvc/-/binding-win32-x64-msvc-1.0.0-rc.4.tgz 4660ms (cache miss)
4216 http fetch GET 200 https://registry.npmjs.org/typescript/-/typescript-5.9.3.tgz 5103ms (cache miss)
4217 http fetch GET 200 https://registry.npmjs.org/@angular/compiler-cli/-/compiler-cli-21.2.22.tgz 5289ms (cache miss)
4218 http fetch GET 200 https://registry.npmjs.org/jsdom/-/jsdom-28.1.0.tgz 5328ms (cache miss)
4219 http fetch GET 200 https://registry.npmjs.org/@angular/build/-/build-21.2.22.tgz 5424ms (cache miss)
4220 http fetch GET 200 https://registry.npmjs.org/caniuse-lite/-/caniuse-lite-1.0.30001810.tgz 5647ms (cache miss)
4221 http fetch GET 200 https://registry.npmjs.org/@angular/common/-/common-21.2.22.tgz 13539ms (cache miss)
4222 info run @parcel/watcher@2.6.0 install node_modules/@parcel/watcher node scripts/build-from-source.js
4223 info run lmdb@3.5.1 install node_modules/lmdb node-gyp-build-optional-packages
4224 info run msgpackr-extract@3.0.4 install node_modules/msgpackr-extract node-gyp-build-optional-packages
4225 info run @parcel/watcher@2.6.0 install { code: 0, signal: null }
4226 info run lmdb@3.5.1 install { code: 0, signal: null }
4227 info run msgpackr-extract@3.0.4 install { code: 0, signal: null }
4228 info run esbuild@0.28.1 postinstall node_modules/esbuild node install.js
4229 info run esbuild@0.28.1 postinstall { code: 0, signal: null }
4230 silly ADD node_modules/color-name
4231 silly ADD node_modules/color-convert
4232 silly ADD node_modules/emoji-regex
4233 silly ADD node_modules/yargs-parser
4234 silly ADD node_modules/y18n
4235 silly ADD node_modules/get-caller-file
4236 silly ADD node_modules/cliui
4237 silly ADD node_modules/cliui/node_modules/wrap-ansi
4238 silly ADD node_modules/cliui/node_modules/string-width
4239 silly ADD node_modules/stackback
4240 silly ADD node_modules/siginfo
4241 silly ADD node_modules/isexe
4242 silly ADD node_modules/punycode
4243 silly ADD node_modules/tr46
4244 silly ADD node_modules/glob-to-regexp
4245 silly ADD node_modules/estree-walker
4246 silly ADD node_modules/assertion-error
4247 silly ADD node_modules/@types/deep-eql
4248 silly ADD node_modules/chai
4249 silly ADD node_modules/@types/chai
4250 silly ADD node_modules/why-is-node-running
4251 silly ADD node_modules/tinyrainbow
4252 silly ADD node_modules/tinyexec
4253 silly ADD node_modules/tinybench
4254 silly ADD node_modules/std-env
4255 silly ADD node_modules/pathe
4256 silly ADD node_modules/obug
4257 silly ADD node_modules/expect-type
4258 silly ADD node_modules/es-module-lexer
4259 silly ADD node_modules/@vitest/utils
4260 silly ADD node_modules/@vitest/utils/node_modules/convert-source-map
4261 silly ADD node_modules/@vitest/spy
4262 silly ADD node_modules/@vitest/snapshot
4263 silly ADD node_modules/@vitest/runner
4264 silly ADD node_modules/@vitest/pretty-format
4265 silly ADD node_modules/@vitest/mocker
4266 silly ADD node_modules/@vitest/expect
4267 silly ADD node_modules/@types/estree
4268 silly ADD node_modules/@rollup/rollup-win32-x64-msvc
4269 silly ADD node_modules/@rollup/rollup-win32-x64-gnu
4270 silly ADD
4271 silly ADD
4272 silly ADD
4273 silly ADD
4274 silly ADD
4275 silly ADD
4276 silly ADD
4277 silly ADD
4278 silly ADD
4279 silly ADD
4280 silly ADD
4281 silly ADD
4282 silly ADD
4283 silly ADD
4284 silly ADD
4285 silly ADD
4286 silly ADD
4287 silly ADD
4288 silly ADD
4289 silly ADD
4290 silly ADD
4291 silly ADD
4292 silly ADD
4293 silly ADD
4294 silly ADD node_modules/rollup
4295 silly ADD
4296 silly ADD node_modules/escalade
4297 silly ADD node_modules/media-typer
4298 silly ADD node_modules/@tufjs/canonical-json
4299 silly ADD node_modules/@tufjs/models
4300 silly ADD node_modules/tldts-core
4301 silly ADD node_modules/tldts
4302 silly ADD node_modules/fdir
4303 silly ADD node_modules/chownr
4304 silly ADD node_modules/@isaacs/fs-minipass
4305 silly ADD node_modules/ansi-regex
4306 silly ADD node_modules/spdx-license-ids
4307 silly ADD node_modules/spdx-exceptions
4308 silly ADD node_modules/buffer-from
4309 silly ADD node_modules/smart-buffer
4310 silly ADD node_modules/socks
4311 silly ADD node_modules/get-east-asian-width
4312 silly ADD node_modules/is-fullwidth-code-point
4313 silly ADD node_modules/ansi-styles
4314 silly ADD node_modules/tuf-js
4315 silly ADD node_modules/@sigstore/verify
4316 silly ADD node_modules/@sigstore/tuf
4317 silly ADD node_modules/@sigstore/sign
4318 silly ADD node_modules/@sigstore/protobuf-specs
4319 silly ADD node_modules/@sigstore/core
4320 silly ADD node_modules/@sigstore/bundle
4321 silly ADD node_modules/dunder-proto
4322 silly ADD node_modules/math-intrinsics
4323 silly ADD node_modules/hasown
4324 silly ADD node_modules/has-symbols
4325 silly ADD node_modules/gopd
4326 silly ADD node_modules/get-proto
4327 silly ADD node_modules/es-object-atoms
4328 silly ADD node_modules/function-bind
4329 silly ADD node_modules/call-bind-apply-helpers
4330 silly ADD node_modules/get-intrinsic
4331 silly ADD node_modules/call-bound
4332 silly ADD node_modules/side-channel-weakmap
4333 silly ADD node_modules/side-channel-map
4334 silly ADD node_modules/side-channel-list
4335 silly ADD node_modules/object-inspect
4336 silly ADD node_modules/es-errors
4337 silly ADD node_modules/shebang-regex
4338 silly ADD node_modules/xmlchars
4339 silly ADD node_modules/is-extglob
4340 silly ADD node_modules/is-glob
4341 silly ADD node_modules/@parcel/watcher-win32-x64
4342 silly ADD
4343 silly ADD
4344 silly ADD
4345 silly ADD
4346 silly ADD
4347 silly ADD
4348 silly ADD
4349 silly ADD
4350 silly ADD
4351 silly ADD
4352 silly ADD
4353 silly ADD node_modules/immutable
4354 silly ADD node_modules/@parcel/watcher
4355 silly ADD node_modules/@parcel/watcher/node_modules/node-addon-api
4356 silly ADD node_modules/path-to-regexp
4357 silly ADD node_modules/is-promise
4358 silly ADD
4359 silly ADD
4360 silly ADD
4361 silly ADD
4362 silly ADD
4363 silly ADD node_modules/@rolldown/pluginutils
4364 silly ADD node_modules/@rolldown/binding-win32-x64-msvc
4365 silly ADD
4366 silly ADD
4367 silly ADD
4368 silly ADD
4369 silly ADD
4370 silly ADD
4371 silly ADD
4372 silly ADD
4373 silly ADD
4374 silly ADD
4375 silly ADD
4376 silly ADD
4377 silly ADD node_modules/@oxc-project/types
4378 silly ADD node_modules/mimic-function
4379 silly ADD node_modules/onetime
4380 silly ADD node_modules/unpipe
4381 silly ADD node_modules/side-channel
4382 silly ADD node_modules/es-define-property
4383 silly ADD node_modules/ipaddr.js
4384 silly ADD node_modules/forwarded
4385 silly ADD node_modules/nanoid
4386 silly ADD node_modules/@napi-rs/nice-win32-x64-msvc
4387 silly ADD
4388 silly ADD
4389 silly ADD
4390 silly ADD
4391 silly ADD
4392 silly ADD
4393 silly ADD
4394 silly ADD
4395 silly ADD
4396 silly ADD
4397 silly ADD
4398 silly ADD
4399 silly ADD
4400 silly ADD
4401 silly ADD
4402 silly ADD
4403 silly ADD node_modules/@napi-rs/nice
4404 silly ADD node_modules/parse5-sax-parser
4405 silly ADD node_modules/minipass-sized
4406 silly ADD node_modules/socks-proxy-agent
4407 silly ADD node_modules/http-cache-semantics
4408 silly ADD node_modules/@npmcli/agent
4409 silly ADD node_modules/@npmcli/agent/node_modules/lru-cache
4410 silly ADD node_modules/minizlib
4411 silly ADD node_modules/minipass-fetch
4412 silly ADD node_modules/make-fetch-happen
4413 silly ADD node_modules/jsonparse
4414 silly ADD node_modules/@npmcli/redact
4415 silly ADD node_modules/npm-install-checks
4416 silly ADD node_modules/ignore-walk
4417 silly ADD node_modules/abbrev
4418 silly ADD node_modules/nopt
4419 silly ADD node_modules/graceful-fs
4420 silly ADD node_modules/exponential-backoff
4421 silly ADD node_modules/env-paths
4422 silly ADD node_modules/balanced-match
4423 silly ADD node_modules/brace-expansion
4424 silly ADD node_modules/path-scurry
4425 silly ADD node_modules/path-scurry/node_modules/lru-cache
4426 silly ADD node_modules/minimatch
4427 silly ADD node_modules/p-map
4428 silly ADD node_modules/minipass-pipeline
4429 silly ADD node_modules/minipass-pipeline/node_modules/yallist
4430 silly ADD node_modules/minipass-pipeline/node_modules/minipass
4431 silly ADD node_modules/minipass-flush
4432 silly ADD node_modules/minipass-flush/node_modules/yallist
4433 silly ADD node_modules/minipass-flush/node_modules/minipass
4434 silly ADD node_modules/minipass-collect
4435 silly ADD node_modules/@npmcli/fs
4436 silly ADD node_modules/node-gyp
4437 silly ADD node_modules/node-gyp/node_modules/isexe
4438 silly ADD node_modules/node-gyp/node_modules/which
4439 silly ADD node_modules/node-gyp/node_modules/undici
4440 silly ADD node_modules/@npmcli/node-gyp
4441 silly ADD node_modules/spdx-expression-parse
4442 silly ADD node_modules/json-parse-even-better-errors
4443 silly ADD node_modules/glob
4444 silly ADD node_modules/npm-normalize-package-bin
4445 silly ADD node_modules/npm-bundled
4446 silly ADD node_modules/tar
4447 silly ADD node_modules/tar/node_modules/yallist
4448 silly ADD node_modules/ssri
4449 silly ADD node_modules/sigstore
4450 silly ADD node_modules/npm-registry-fetch
4451 silly ADD node_modules/npm-pick-manifest
4452 silly ADD node_modules/npm-packlist
4453 silly ADD node_modules/minipass
4454 silly ADD node_modules/fs-minipass
4455 silly ADD node_modules/cacache
4456 silly ADD node_modules/cacache/node_modules/lru-cache
4457 silly ADD node_modules/@npmcli/run-script
4458 silly ADD node_modules/@npmcli/promise-spawn
4459 silly ADD node_modules/@npmcli/promise-spawn/node_modules/isexe
4460 silly ADD node_modules/@npmcli/promise-spawn/node_modules/which
4461 silly ADD node_modules/@npmcli/package-json
4462 silly ADD node_modules/@npmcli/installed-package-contents
4463 silly ADD node_modules/@npmcli/git
4464 silly ADD node_modules/@npmcli/git/node_modules/isexe
4465 silly ADD node_modules/@npmcli/git/node_modules/which
4466 silly ADD node_modules/@npmcli/git/node_modules/lru-cache
4467 silly ADD node_modules/@gar/promise-retry
4468 silly ADD node_modules/yoctocolors
4469 silly ADD node_modules/stdin-discarder
4470 silly ADD node_modules/log-symbols
4471 silly ADD node_modules/is-unicode-supported
4472 silly ADD node_modules/is-interactive
4473 silly ADD node_modules/cli-spinners
4474 silly ADD node_modules/chalk
4475 silly ADD node_modules/wrappy
4476 silly ADD node_modules/ee-first
4477 silly ADD node_modules/validate-npm-package-name
4478 silly ADD node_modules/proc-log
4479 silly ADD node_modules/hosted-git-info
4480 silly ADD node_modules/hosted-git-info/node_modules/lru-cache
4481 silly ADD node_modules/detect-libc
4482 silly ADD node_modules/@msgpackr-extract/msgpackr-extract-win32-x64
4483 silly ADD
4484 silly ADD
4485 silly ADD
4486 silly ADD
4487 silly ADD
4488 silly ADD node_modules/msgpackr-extract
4489 silly ADD node_modules/mime-db
4490 silly ADD node_modules/yallist
4491 silly ADD node_modules/restore-cursor
4492 silly ADD node_modules/environment
4493 silly ADD node_modules/strip-ansi
4494 silly ADD node_modules/cli-cursor
4495 silly ADD node_modules/ansi-escapes
4496 silly ADD node_modules/weak-lru-cache
4497 silly ADD node_modules/ordered-binary
4498 silly ADD node_modules/node-gyp-build-optional-packages
4499 silly ADD node_modules/node-addon-api
4500 silly ADD node_modules/msgpackr
4501 silly ADD node_modules/@lmdb/lmdb-win32-x64
4502 silly ADD
4503 silly ADD
4504 silly ADD
4505 silly ADD
4506 silly ADD
4507 silly ADD
4508 silly ADD node_modules/@harperfast/extended-iterable
4509 silly ADD node_modules/string-width
4510 silly ADD node_modules/slice-ansi
4511 silly ADD node_modules/rfdc
4512 silly ADD node_modules/log-update
4513 silly ADD node_modules/log-update/node_modules/string-width
4514 silly ADD node_modules/log-update/node_modules/wrap-ansi
4515 silly ADD node_modules/log-update/node_modules/slice-ansi
4516 silly ADD node_modules/eventemitter3
4517 silly ADD node_modules/colorette
4518 silly ADD node_modules/cli-truncate
4519 silly ADD node_modules/@csstools/color-helpers
4520 silly ADD node_modules/@csstools/css-color-parser
4521 silly ADD node_modules/@csstools/css-tokenizer
4522 silly ADD node_modules/@csstools/css-parser-algorithms
4523 silly ADD node_modules/@csstools/css-calc
4524 silly ADD node_modules/@asamuzakjp/generational-cache
4525 silly ADD node_modules/@csstools/css-syntax-patches-for-csstree
4526 silly ADD node_modules/@asamuzakjp/css-color
4527 silly ADD node_modules/source-map-js
4528 silly ADD node_modules/mdn-data
4529 silly ADD node_modules/css-tree
4530 silly ADD node_modules/bidi-js
4531 silly ADD node_modules/@asamuzakjp/nwsapi
4532 silly ADD node_modules/xml-name-validator
4533 silly ADD node_modules/whatwg-url
4534 silly ADD node_modules/whatwg-mimetype
4535 silly ADD node_modules/webidl-conversions
4536 silly ADD node_modules/w3c-xmlserializer
4537 silly ADD node_modules/tough-cookie
4538 silly ADD node_modules/symbol-tree
4539 silly ADD node_modules/saxes
4540 silly ADD node_modules/parse5
4541 silly ADD node_modules/parse5/node_modules/entities
4542 silly ADD node_modules/is-potential-custom-element-name
4543 silly ADD node_modules/http-proxy-agent
4544 silly ADD node_modules/html-encoding-sniffer
4545 silly ADD node_modules/decimal.js
4546 silly ADD node_modules/data-urls
4547 silly ADD node_modules/cssstyle
4548 silly ADD node_modules/cssstyle/node_modules/lru-cache
4549 silly ADD node_modules/@exodus/bytes
4550 silly ADD node_modules/@bramus/specificity
4551 silly ADD node_modules/@asamuzakjp/dom-selector
4552 silly ADD node_modules/@asamuzakjp/dom-selector/node_modules/lru-cache
4553 silly ADD node_modules/@acemir/cssom
4554 silly ADD node_modules/istanbul-lib-coverage
4555 silly ADD node_modules/@istanbuljs/schema
4556 silly ADD node_modules/safer-buffer
4557 silly ADD node_modules/agent-base
4558 silly ADD node_modules/toidentifier
4559 silly ADD node_modules/setprototypeof
4560 silly ADD node_modules/inherits
4561 silly ADD node_modules/ip-address
4562 silly ADD node_modules/bytes
4563 silly ADD node_modules/negotiator
4564 silly ADD node_modules/negotiator/node_modules/content-type
4565 silly ADD node_modules/type-is
4566 silly ADD node_modules/type-is/node_modules/content-type
4567 silly ADD node_modules/statuses
4568 silly ADD node_modules/serve-static
4569 silly ADD node_modules/send
4570 silly ADD node_modules/router
4571 silly ADD node_modules/range-parser
4572 silly ADD node_modules/qs
4573 silly ADD node_modules/proxy-addr
4574 silly ADD node_modules/parseurl
4575 silly ADD node_modules/once
4576 silly ADD node_modules/on-finished
4577 silly ADD node_modules/mime-types
4578 silly ADD node_modules/merge-descriptors
4579 silly ADD node_modules/http-errors
4580 silly ADD node_modules/fresh
4581 silly ADD node_modules/finalhandler
4582 silly ADD node_modules/etag
4583 silly ADD node_modules/escape-html
4584 silly ADD node_modules/encodeurl
4585 silly ADD node_modules/depd
4586 silly ADD node_modules/cookie-signature
4587 silly ADD node_modules/cookie
4588 silly ADD node_modules/content-disposition
4589 silly ADD node_modules/body-parser
4590 silly ADD node_modules/body-parser/node_modules/content-type
4591 silly ADD node_modules/accepts
4592 silly ADD node_modules/@esbuild/win32-x64
4593 silly ADD
4594 silly ADD
4595 silly ADD
4596 silly ADD
4597 silly ADD
4598 silly ADD
4599 silly ADD
4600 silly ADD
4601 silly ADD
4602 silly ADD
4603 silly ADD
4604 silly ADD
4605 silly ADD
4606 silly ADD
4607 silly ADD
4608 silly ADD
4609 silly ADD
4610 silly ADD
4611 silly ADD
4612 silly ADD
4613 silly ADD
4614 silly ADD
4615 silly ADD
4616 silly ADD
4617 silly ADD
4618 silly ADD node_modules/entities
4619 silly ADD node_modules/domelementtype
4620 silly ADD node_modules/ms
4621 silly ADD node_modules/nth-check
4622 silly ADD node_modules/domutils
4623 silly ADD node_modules/boolbase
4624 silly ADD node_modules/which
4625 silly ADD node_modules/shebang-command
4626 silly ADD node_modules/path-key
4627 silly ADD node_modules/vary
4628 silly ADD node_modules/object-assign
4629 silly ADD node_modules/readdirp
4630 silly ADD node_modules/update-browserslist-db
4631 silly ADD node_modules/node-releases
4632 silly ADD node_modules/electron-to-chromium
4633 silly ADD node_modules/caniuse-lite
4634 silly ADD node_modules/baseline-browser-mapping
4635 silly ADD node_modules/postcss-safe-parser
4636 silly ADD node_modules/postcss-media-query-parser
4637 silly ADD node_modules/postcss
4638 silly ADD node_modules/htmlparser2
4639 silly ADD node_modules/htmlparser2/node_modules/entities
4640 silly ADD node_modules/domhandler
4641 silly ADD node_modules/dom-serializer
4642 silly ADD node_modules/css-what
4643 silly ADD node_modules/css-select
4644 silly ADD node_modules/@algolia/requester-node-http
4645 silly ADD node_modules/@algolia/requester-fetch
4646 silly ADD node_modules/@algolia/requester-browser-xhr
4647 silly ADD node_modules/@algolia/recommend
4648 silly ADD node_modules/@algolia/monitoring
4649 silly ADD node_modules/@algolia/ingestion
4650 silly ADD node_modules/@algolia/client-search
4651 silly ADD node_modules/@algolia/client-query-suggestions
4652 silly ADD node_modules/@algolia/client-personalization
4653 silly ADD node_modules/@algolia/client-insights
4654 silly ADD node_modules/@algolia/client-common
4655 silly ADD node_modules/@algolia/client-analytics
4656 silly ADD node_modules/@algolia/client-abtesting
4657 silly ADD node_modules/@algolia/abtesting
4658 silly ADD node_modules/require-from-string
4659 silly ADD node_modules/json-schema-traverse
4660 silly ADD node_modules/fast-uri
4661 silly ADD node_modules/fast-deep-equal
4662 silly ADD node_modules/zod-to-json-schema
4663 silly ADD node_modules/raw-body
4664 silly ADD node_modules/pkce-challenge
4665 silly ADD node_modules/json-schema-typed
4666 silly ADD node_modules/jose
4667 silly ADD node_modules/express-rate-limit
4668 silly ADD node_modules/express
4669 silly ADD node_modules/eventsource-parser
4670 silly ADD node_modules/eventsource
4671 silly ADD node_modules/cross-spawn
4672 silly ADD node_modules/cors
4673 silly ADD node_modules/content-type
4674 silly ADD node_modules/hono
4675 silly ADD node_modules/@hono/node-server
4676 silly ADD node_modules/@jridgewell/resolve-uri
4677 silly ADD node_modules/iconv-lite
4678 silly ADD node_modules/chardet
4679 silly ADD node_modules/@inquirer/external-editor
4680 silly ADD node_modules/@inquirer/select
4681 silly ADD node_modules/@inquirer/search
4682 silly ADD node_modules/@inquirer/rawlist
4683 silly ADD node_modules/@inquirer/password
4684 silly ADD node_modules/@inquirer/number
4685 silly ADD node_modules/@inquirer/input
4686 silly ADD node_modules/@inquirer/expand
4687 silly ADD node_modules/@inquirer/editor
4688 silly ADD node_modules/@inquirer/checkbox
4689 silly ADD node_modules/yoctocolors-cjs
4690 silly ADD node_modules/wrap-ansi
4691 silly ADD node_modules/wrap-ansi/node_modules/ansi-regex
4692 silly ADD node_modules/wrap-ansi/node_modules/is-fullwidth-code-point
4693 silly ADD node_modules/wrap-ansi/node_modules/emoji-regex
4694 silly ADD node_modules/wrap-ansi/node_modules/strip-ansi
4695 silly ADD node_modules/wrap-ansi/node_modules/string-width
4696 silly ADD node_modules/wrap-ansi/node_modules/ansi-styles
4697 silly ADD node_modules/signal-exit
4698 silly ADD node_modules/mute-stream
4699 silly ADD node_modules/cli-width
4700 silly ADD node_modules/@inquirer/figures
4701 silly ADD node_modules/@inquirer/ansi
4702 silly ADD node_modules/@inquirer/type
4703 silly ADD node_modules/@inquirer/core
4704 silly ADD node_modules/@babel/helper-string-parser
4705 silly ADD node_modules/@babel/helper-globals
4706 silly ADD node_modules/@babel/helper-module-imports
4707 silly ADD node_modules/lru-cache
4708 silly ADD node_modules/@babel/helper-validator-option
4709 silly ADD node_modules/@babel/compat-data
4710 silly ADD node_modules/jsesc
4711 silly ADD node_modules/picocolors
4712 silly ADD node_modules/js-tokens
4713 silly ADD node_modules/@babel/helper-validator-identifier
4714 silly ADD node_modules/json5
4715 silly ADD node_modules/gensync
4716 silly ADD node_modules/debug
4717 silly ADD node_modules/@jridgewell/remapping
4718 silly ADD node_modules/@babel/types
4719 silly ADD node_modules/@babel/traverse
4720 silly ADD node_modules/@babel/template
4721 silly ADD node_modules/@babel/parser
4722 silly ADD node_modules/@babel/helpers
4723 silly ADD node_modules/@babel/helper-module-transforms
4724 silly ADD node_modules/@babel/helper-compilation-targets
4725 silly ADD node_modules/@babel/helper-compilation-targets/node_modules/semver
4726 silly ADD node_modules/@babel/generator
4727 silly ADD node_modules/@babel/code-frame
4728 silly ADD node_modules/@standard-schema/spec
4729 silly ADD node_modules/reflect-metadata
4730 silly ADD node_modules/convert-source-map
4731 silly ADD node_modules/chokidar
4732 silly ADD node_modules/@jridgewell/sourcemap-codec
4733 silly ADD node_modules/ora
4734 silly ADD node_modules/zod
4735 silly ADD node_modules/yargs
4736 silly ADD node_modules/yargs/node_modules/string-width
4737 silly ADD node_modules/pacote
4738 silly ADD node_modules/npm-package-arg
4739 silly ADD node_modules/ini
4740 silly ADD node_modules/algoliasearch
4741 silly ADD node_modules/@yarnpkg/lockfile
4742 silly ADD node_modules/@schematics/angular
4743 silly ADD node_modules/@modelcontextprotocol/sdk
4744 silly ADD node_modules/@listr2/prompt-adapter-inquirer
4745 silly ADD node_modules/@inquirer/prompts
4746 silly ADD node_modules/@angular-devkit/schematics
4747 silly ADD node_modules/source-map
4748 silly ADD node_modules/ajv-formats
4749 silly ADD node_modules/ajv
4750 silly ADD node_modules/@angular-devkit/core
4751 silly ADD node_modules/@jridgewell/trace-mapping
4752 silly ADD node_modules/@jridgewell/gen-mapping
4753 silly ADD node_modules/watchpack
4754 silly ADD node_modules/undici
4755 silly ADD node_modules/tinyglobby
4756 silly ADD node_modules/source-map-support
4757 silly ADD node_modules/source-map-support/node_modules/source-map
4758 silly ADD node_modules/semver
4759 silly ADD node_modules/sass
4760 silly ADD node_modules/sass/node_modules/readdirp
4761 silly ADD node_modules/sass/node_modules/chokidar
4762 silly ADD node_modules/rolldown
4763 silly ADD node_modules/piscina
4764 silly ADD node_modules/picomatch
4765 silly ADD node_modules/parse5-html-rewriting-stream
4766 silly ADD node_modules/parse5-html-rewriting-stream/node_modules/entities
4767 silly ADD node_modules/mrmime
4768 silly ADD node_modules/magic-string
4769 silly ADD node_modules/lmdb
4770 silly ADD node_modules/listr2
4771 silly ADD node_modules/listr2/node_modules/string-width
4772 silly ADD node_modules/listr2/node_modules/wrap-ansi
4773 silly ADD node_modules/jsonc-parser
4774 silly ADD node_modules/istanbul-lib-instrument
4775 silly ADD node_modules/https-proxy-agent
4776 silly ADD node_modules/esbuild
4777 silly ADD node_modules/browserslist
4778 silly ADD node_modules/beasties
4779 silly ADD node_modules/vite
4780 silly ADD node_modules/@vitejs/plugin-basic-ssl
4781 silly ADD node_modules/@inquirer/confirm
4782 silly ADD node_modules/@babel/helper-split-export-declaration
4783 silly ADD node_modules/@babel/helper-annotate-as-pure
4784 silly ADD node_modules/@babel/core
4785 silly ADD node_modules/@babel/core/node_modules/semver
4786 silly ADD node_modules/@babel/core/node_modules/convert-source-map
4787 silly ADD node_modules/@angular-devkit/architect
4788 silly ADD node_modules/@ampproject/remapping
4789 silly ADD node_modules/vitest
4790 silly ADD node_modules/prettier
4791 silly ADD node_modules/jsdom
4792 silly ADD node_modules/@angular/router
4793 silly ADD node_modules/@angular/platform-browser
4794 silly ADD node_modules/@angular/forms
4795 silly ADD node_modules/@angular/core
4796 silly ADD node_modules/rxjs
4797 silly ADD node_modules/@angular/common
4798 silly ADD node_modules/@angular/cli
4799 silly ADD node_modules/@angular/compiler-cli
4800 silly ADD node_modules/@angular/compiler
4801 silly ADD node_modules/typescript
4802 silly ADD node_modules/tslib
4803 silly ADD node_modules/@angular/build
4804 verbose cwd F:\Repositorios 2-2026\Capricho-Store\frontend-web
4805 verbose os Windows_NT 10.0.26200
4806 verbose node v22.19.0
4807 verbose npm  v10.9.3
4808 verbose exit 0
4809 info ok
